,"last_name, first_name",player_id,year,p_formatted_ip,ab,exit_velocity_avg,launch_angle_avg,sweet_spot_percent,barrel_batted_rate,hard_hit_percent,z_swing_percent,z_swing_miss_percent,oz_swing_percent,oz_swing_miss_percent,oz_contact_percent,meatball_percent,iz_contact_percent,whiff_percent,great_season_probability
466,"Garrett, Reed",657585,2024,57.1,212,87.5,13.5,28.0,5.3,37.1,64.1,24.0,32.8,56.7,43.3,5.4,75.7,37.6,0.9159347
24,"Núñez, Dedniel",673380,2024,35.0,127,88.7,10.1,26.6,10.1,38.0,73.0,23.6,39.0,59.8,38.0,9.8,75.5,34.7,0.898492
20,"Cousins, Jake",664776,2024,38.0,130,86.2,14.1,31.2,7.8,33.8,56.1,15.2,34.1,60.2,39.8,6.1,84.1,35.8,0.8984478
65,"Kahnle, Tommy",592454,2024,42.2,158,86.2,3.7,24.1,6.3,32.1,69.1,23.0,31.2,58.3,41.7,6.4,77.0,36.0,0.89481205
130,"Jax, Griffin",643377,2024,71.0,256,88.2,6.3,23.9,8.0,38.7,65.8,24.4,38.3,60.8,39.2,7.4,75.6,37.8,0.8824934
397,"Hamilton, Ian",641656,2024,37.2,142,89.5,13.9,34.3,3.8,37.1,66.4,22.7,35.4,60.5,39.5,5.6,77.3,36.5,0.8822293
132,"Helsley, Ryan",664854,2024,66.1,238,89.4,18.3,36.6,3.7,35.4,69.7,24.1,33.5,65.3,34.7,8.6,75.4,36.1,0.87516254
90,"Estrada, Jeremiah",669093,2024,61.0,224,89.2,17.5,35.8,5.2,37.3,72.1,28.2,33.5,54.4,45.0,8.1,71.5,36.0,0.87516254
162,"Santana, Dennis",642701,2024,71.2,259,86.3,14.3,37.3,4.7,32.6,66.0,17.7,35.2,47.9,52.1,8.4,82.0,28.2,0.87165487
104,"Leiter Jr., Mark",643410,2024,58.0,231,88.8,11.3,33.1,8.3,40.0,63.6,23.2,34.6,58.6,40.9,5.5,75.7,38.3,0.87133247
121,"Hoffman, Jeff",656546,2024,66.1,244,88.3,17.3,32.5,7.6,42.0,68.9,22.3,34.6,61.3,38.7,7.4,77.4,35.3,0.8692168
139,"Adam, Jason",592094,2024,73.2,251,88.5,13.8,29.7,6.4,37.8,70.7,26.4,33.0,60.1,39.9,7.6,73.6,38.4,0.8692168
84,"Muñoz, Andrés",662253,2024,59.1,202,86.3,1.5,31.0,8.7,33.3,62.7,24.3,33.2,60.5,39.5,5.4,75.7,39.8,0.8662155
455,"Miller, Mason",695243,2024,65.0,225,86.1,17.9,28.5,5.7,32.5,66.9,29.1,37.4,60.3,39.7,7.9,70.9,40.1,0.8650866
38,"Chivilli, Angel",683409,2024,31.2,122,89.1,9.3,31.9,10.6,46.8,74.6,24.7,36.5,56.7,43.3,8.2,75.3,36.9,0.8632359
337,"Holmes, Grant",656550,2024,68.1,262,88.7,13.9,35.9,6.7,38.5,73.2,18.0,35.1,61.9,37.6,7.4,81.5,32.4,0.8534889
135,"Jiménez, Joe",641729,2024,68.2,248,87.8,16.3,29.8,4.8,32.7,68.7,20.3,32.6,61.8,38.2,7.2,79.5,32.9,0.85112286
305,"Lee, Dylan",669276,2024,59.2,221,87.5,16.8,35.4,7.5,32.0,75.2,26.6,37.4,62.9,36.4,8.0,72.5,37.7,0.84517884
425,"Snell, Blake",605483,2024,104.0,373,86.5,14.6,32.9,5.7,28.9,65.3,24.2,31.6,58.6,41.1,5.4,74.5,37.7,0.8413762
412,"Scott, Tanner",656945,2024,72.0,251,84.3,11.1,30.4,4.7,27.5,70.0,25.1,31.9,50.8,49.2,7.7,74.4,32.7,0.8358924
473,"Martinez, Justin",679885,2024,72.2,267,86.4,-0.3,27.9,2.8,31.8,65.6,23.3,30.5,57.3,42.2,6.4,75.9,34.5,0.8344947
482,"Skenes, Paul",694973,2024,133.0,475,87.8,8.4,27.8,5.2,36.3,68.5,20.8,30.9,46.5,53.5,6.3,78.7,28.7,0.834039
74,"Yates, Kirby",489446,2024,61.2,203,87.5,15.2,16.5,4.1,33.1,67.6,28.6,32.8,42.9,57.1,6.7,71.1,33.6,0.82513434
469,"Holton, Tyler",663947,2024,94.1,330,86.6,11.4,29.3,5.5,32.8,63.7,17.0,33.2,38.3,60.8,5.8,82.5,24.5,0.8214714
30,"Minter, A.J.",621345,2024,34.1,121,87.3,15.3,26.4,6.9,33.3,72.6,18.9,31.3,51.9,48.1,7.1,80.1,28.4,0.81833714
310,"Iglesias, Raisel",628452,2024,69.1,238,86.0,14.2,25.7,4.0,30.9,68.5,23.5,37.1,45.5,53.4,7.0,75.9,31.5,0.81632006
214,"Crochet, Garrett",676979,2024,146.0,555,88.3,11.1,34.5,9.2,38.8,70.4,25.5,33.5,51.5,47.7,8.1,74.3,33.1,0.8066467
4,"Ray, Robbie",592662,2024,30.2,106,86.8,19.2,34.4,9.4,35.9,72.9,22.6,29.4,63.0,37.0,5.5,76.3,36.0,0.8041675
61,"Díaz, Edwin",621242,2024,53.2,192,85.9,13.9,32.1,7.3,30.3,68.4,28.6,30.7,57.9,42.1,6.6,71.4,38.1,0.80380064
286,"Matsui, Yuki",673513,2024,62.2,226,88.5,18.2,30.4,6.8,37.3,72.3,19.9,33.0,52.8,46.6,7.1,79.2,31.9,0.80147976
384,"Cano, Yennier",666974,2024,60.0,223,89.9,-1.9,25.8,6.3,43.4,67.5,17.6,32.2,45.5,54.0,5.8,81.7,27.7,0.7959779
217,"Woo, Bryan",693433,2024,121.1,454,88.8,15.6,29.9,4.8,35.2,70.2,16.8,29.6,46.2,53.3,9.0,83.0,23.6,0.79037803
16,"Rasmussen, Drew",656876,2024,28.2,109,86.2,6.6,24.0,0.0,36.0,61.8,19.7,33.0,54.8,45.2,7.4,80.3,31.4,0.7689933
378,"Doval, Camilo",666808,2024,59.0,224,89.5,-0.2,27.6,8.6,42.8,61.8,19.6,28.3,61.4,38.0,6.5,80.1,34.3,0.7596639
292,"Clase, Emmanuel",661403,2024,74.1,253,86.5,3.0,31.8,3.6,29.7,72.4,20.1,36.8,43.9,56.1,7.9,79.9,27.1,0.75655085
453,"Bazardo, Eduard",660825,2024,27.2,98,87.3,10.4,21.2,4.5,33.3,61.7,19.7,30.0,47.1,52.9,6.6,80.3,29.0,0.7543151
57,"Saucedo, Tayler",642048,2024,38.2,146,85.2,7.3,25.9,4.6,27.8,60.4,19.0,34.5,40.8,59.2,6.2,79.8,28.1,0.753265
385,"Barlow, Scott",605130,2024,55.0,204,86.2,9.0,33.3,5.8,32.6,64.5,19.4,27.0,57.4,41.4,5.2,80.2,33.6,0.75111705
460,"Olson, Reese",681857,2024,112.1,421,90.2,8.9,31.2,5.5,43.7,67.2,14.9,32.2,50.3,49.1,6.3,84.9,28.7,0.74652785
95,"Brazobán, Huascar",623211,2024,51.2,189,82.3,10.4,33.3,4.3,24.6,68.6,20.1,31.9,47.8,51.6,6.7,79.9,30.0,0.73964393
458,"Kirby, George",669923,2024,191.0,740,89.0,14.8,30.5,8.1,36.3,73.2,17.9,31.9,39.3,59.8,7.9,82.0,24.1,0.7353988
323,"Sánchez, Cristopher",650911,2024,181.2,706,87.4,2.4,30.2,5.4,34.5,66.9,17.1,36.4,37.4,62.4,7.0,82.2,24.3,0.7336966
309,"Cruz, Fernando",518585,2024,66.2,250,88.7,13.9,41.3,9.8,44.1,67.4,23.5,29.9,65.2,34.2,7.1,75.7,38.2,0.7335262
124,"Herrin, Tim",682120,2024,65.2,225,86.9,7.4,28.3,6.9,36.5,62.7,18.9,31.2,50.3,48.4,6.9,80.8,29.3,0.7313282
76,"Morgan, Eli",669212,2024,42.0,152,85.2,17.6,28.9,2.5,28.1,69.6,16.5,36.3,42.1,57.9,6.7,83.5,24.9,0.72627467
6,"Kerr, Ray",678061,2024,22.1,92,90.6,15.5,50.0,12.1,45.5,65.9,23.3,32.8,57.6,42.4,7.0,76.7,35.5,0.72555685
93,"Little, Brendon",663893,2024,45.2,172,87.9,-6.9,21.9,5.8,38.0,67.7,17.1,27.6,55.8,44.2,8.0,82.9,29.7,0.72016466
418,"Thornton, Trent",663423,2024,72.1,265,87.9,16.2,31.1,7.8,37.3,68.1,17.6,32.6,48.1,51.4,9.0,82.4,27.3,0.71469533
213,"Schwellenbach, Spencer",680885,2024,123.2,468,87.6,11.7,35.2,4.9,39.8,69.6,18.3,34.2,48.8,51.2,8.9,81.0,27.4,0.7134179
313,"Joyce, Ben",690829,2024,34.2,124,87.2,0.2,25.3,4.4,37.4,70.3,24.5,25.9,43.1,56.9,8.3,75.5,29.0,0.69711894
387,"Banda, Anthony",607455,2024,49.2,185,88.3,11.9,30.9,6.5,38.8,72.2,17.9,31.4,58.8,41.2,6.8,81.4,30.0,0.6947422
449,"Gaddis, Hunter",683769,2024,74.2,259,88.5,18.8,29.9,5.7,36.6,69.5,19.2,30.9,40.3,58.4,8.3,79.8,25.0,0.6844624
150,"Morejon, Adrian",670970,2024,63.2,246,86.6,7.1,31.8,8.4,32.4,69.0,18.9,31.6,49.3,49.3,8.6,80.6,27.3,0.68143433
508,"Brieske, Beau",689225,2024,67.2,246,89.0,14.8,31.5,5.5,35.9,69.3,18.3,29.5,36.2,63.3,6.6,81.7,23.9,0.67742133
140,"Buttó, José",676130,2024,74.0,246,88.7,15.9,30.2,7.6,37.8,66.1,18.1,30.7,49.4,50.2,4.9,81.2,32.0,0.6765983
396,"Suarez, Robert",663158,2024,65.0,240,89.0,16.0,30.6,7.7,40.4,77.4,21.9,30.9,31.0,69.0,9.0,78.1,24.3,0.6760011
288,"Stanek, Ryne",592773,2024,55.1,212,90.2,19.0,34.2,9.6,41.8,72.6,27.3,32.0,45.7,54.3,6.6,72.4,33.2,0.6743785
448,"Puk, A.J.",640462,2024,71.1,262,86.2,16.8,35.2,4.0,33.5,64.2,24.1,32.1,49.7,50.3,8.0,75.2,31.8,0.66732955
293,"Stratton, Hunter",676702,2024,37.2,145,87.3,19.4,32.2,6.1,31.3,72.1,19.3,32.4,45.3,53.7,8.7,80.7,27.4,0.6663945
272,"Gilbert, Logan",669302,2024,208.2,756,89.6,12.6,33.0,7.2,39.3,70.3,20.4,29.9,58.7,41.3,8.3,79.5,31.7,0.6581922
149,"Kinley, Tyler",641755,2024,64.0,246,87.5,15.5,37.6,9.0,33.1,71.2,20.8,31.3,57.6,41.4,7.6,77.9,33.1,0.6543662
470,"Skubal, Tarik",669373,2024,192.0,705,87.5,12.0,33.1,6.7,33.9,68.3,25.0,31.1,50.8,49.0,8.9,74.7,31.9,0.6535916
381,"Law, Derek",571882,2024,90.0,333,88.2,9.0,34.5,3.8,35.2,67.8,16.0,34.0,50.8,49.2,6.9,83.5,28.6,0.65319777
227,"Steele, Justin",657006,2024,134.2,506,86.9,12.3,30.9,4.2,33.2,68.2,17.3,29.2,43.9,54.5,10.7,82.4,23.7,0.6528158
125,"Garcia, Robert",676395,2024,59.2,232,87.7,11.5,29.6,3.1,30.2,66.5,23.7,33.6,42.3,57.0,9.5,76.0,29.4,0.6496289
14,"Otañez, Michel",671305,2024,34.0,126,86.3,15.2,35.6,4.1,32.9,66.3,27.9,30.2,62.2,37.8,7.0,72.1,39.9,0.64728075
390,"Ruiz, José",614179,2024,51.0,196,90.7,12.4,28.6,8.2,42.2,70.8,16.9,32.3,49.3,50.7,7.4,83.1,27.6,0.6407418
239,"Martinez, Nick",607259,2024,142.1,539,86.4,17.0,34.0,5.1,30.5,67.4,16.2,33.9,37.7,61.7,6.8,83.6,23.1,0.62830323
376,"Sands, Cole",663485,2024,71.1,267,89.0,17.6,32.8,6.3,37.0,68.6,19.8,31.7,41.9,58.1,9.2,80.0,26.6,0.6273736
433,"Gasser, Robert",688107,2024,28.0,106,86.0,14.3,34.0,2.1,24.5,67.1,18.2,30.2,32.7,67.3,9.3,81.8,21.6,0.61505073
1,"Speier, Gabe",642100,2024,23.2,84,88.2,19.1,23.6,7.3,36.4,67.0,22.1,27.9,50.8,47.5,9.0,77.9,31.0,0.61048615
221,"Greene, Hunter",668881,2024,150.1,526,87.3,20.8,29.0,5.2,32.5,72.6,22.0,29.2,48.3,50.4,7.4,77.7,29.7,0.60481995
354,"Chafin, Andrew",605177,2024,56.1,211,88.5,15.0,37.5,6.3,34.0,66.5,15.5,35.1,54.1,45.9,3.7,83.6,34.5,0.60021245
53,"Fleming, Josh",676596,2024,31.1,123,86.6,6.6,23.6,3.8,33.3,65.6,17.3,34.1,21.1,78.0,5.1,82.0,18.8,0.5940654
186,"Detmers, Reid",672282,2024,87.1,348,89.9,16.2,34.3,10.7,39.3,68.0,21.4,29.7,47.2,52.8,8.1,78.4,29.2,0.5926994
19,"Bubic, Kris",663460,2024,30.1,112,83.4,3.0,26.0,2.6,28.6,63.3,22.8,35.1,47.3,52.7,8.1,77.2,30.5,0.58216465
472,"Adams, Austin",613534,2024,41.1,152,85.1,16.6,34.3,4.9,31.4,61.9,25.6,23.4,58.0,42.0,8.6,74.4,35.3,0.5771133
67,"Treinen, Blake",595014,2024,46.2,170,87.6,14.0,23.5,5.2,33.9,61.4,14.7,35.2,50.4,49.6,7.6,84.4,27.9,0.5757466
332,"Burke, Brock",656271,2024,34.0,135,90.1,12.6,30.5,4.2,41.1,71.8,24.9,28.5,42.5,57.5,8.0,75.1,29.1,0.57378066
366,"Cease, Dylan",656302,2024,189.1,684,89.0,14.1,32.4,8.5,38.6,68.5,22.1,30.5,52.4,47.0,7.6,77.8,32.4,0.5722887
119,"Slaten, Justin",686580,2024,55.1,211,87.8,8.6,30.3,3.9,36.8,71.2,16.9,34.9,55.1,44.9,8.1,82.8,29.0,0.56288475
485,"Weaver, Luke",596133,2024,84.0,296,89.1,16.5,36.4,8.6,38.4,72.7,28.2,31.9,42.9,56.3,6.1,70.6,33.5,0.56119096
97,"Duran, Jhoan",661395,2024,54.1,204,87.0,-3.1,28.4,3.5,36.2,69.0,26.0,28.0,50.8,49.2,7.0,74.0,32.9,0.55599916
297,"Soto, Gregory",642397,2024,53.0,206,88.6,6.2,34.7,7.6,43.8,64.9,17.8,30.2,57.7,41.6,8.1,81.5,31.0,0.554993
100,"Harvey, Hunter",640451,2024,50.2,197,90.4,10.9,37.8,9.1,48.3,68.9,22.8,31.2,37.9,62.1,9.1,77.2,27.1,0.5528476
0,"Crouse, Hans",668968,2024,25.1,87,85.4,25.3,31.5,9.3,29.6,65.1,23.2,28.6,57.1,42.9,6.6,76.0,35.4,0.5504252
405,"Megill, Tylor",656731,2024,78.0,298,88.9,12.3,36.4,10.0,42.6,68.9,19.7,30.2,47.6,52.4,8.3,79.6,28.6,0.5340032
113,"Kopech, Michael",656629,2024,67.2,234,89.0,16.9,34.2,10.5,40.8,64.4,25.7,28.8,49.4,50.6,8.2,74.1,32.8,0.5313955
122,"Mears, Nick",683232,2024,57.2,228,88.1,14.3,38.2,7.0,33.1,66.1,20.9,30.4,47.6,51.7,8.4,78.3,28.5,0.5308512
257,"Fried, Max",608331,2024,174.1,645,86.3,3.0,30.4,5.0,34.6,63.8,15.7,28.9,41.8,57.7,7.0,83.9,24.1,0.5298607
465,"Bummer, Aaron",607481,2024,55.1,220,86.6,0.0,29.0,1.3,32.9,58.6,19.4,28.7,40.4,58.9,7.0,80.6,26.7,0.5298607
467,"Walker, Ryan",676254,2024,80.0,279,86.4,9.8,31.3,6.0,30.2,60.7,19.4,29.2,50.6,48.2,9.5,79.8,28.6,0.52313924
476,"López, Reynaldo",625643,2024,135.2,492,89.8,13.8,37.3,8.8,42.2,66.9,17.8,30.5,48.8,51.2,8.0,82.2,27.5,0.52285117
427,"Erceg, Lucas",668674,2024,61.2,231,85.9,6.6,31.4,6.3,33.3,64.6,22.1,31.9,47.8,51.6,6.8,77.9,31.0,0.5159895
471,"Burr, Ryan",621114,2024,32.2,127,91.3,16.3,43.8,8.8,47.5,71.1,14.3,33.8,62.3,37.7,7.9,85.7,31.9,0.51481974
380,"Hader, Josh",623352,2024,71.0,251,89.7,21.2,33.3,10.2,38.8,75.7,32.7,33.4,57.9,41.6,6.8,67.0,40.5,0.5131343
129,"Bido, Osvaldo",674370,2024,63.1,224,85.6,21.7,32.5,4.3,27.0,69.4,17.6,27.0,47.9,51.4,8.0,82.1,26.4,0.507873
321,"Rodríguez, Randy",678495,2024,52.1,196,88.1,13.4,26.0,7.5,37.7,67.2,21.6,30.1,46.3,53.7,8.1,78.4,29.6,0.5051042
403,"Uceta, Edwin",670955,2024,41.2,149,87.3,20.7,32.3,3.2,31.2,70.2,26.8,33.8,48.3,51.7,8.5,71.9,34.0,0.4983066
299,"Holmes, Clay",605280,2024,63.0,242,88.8,0.3,24.2,5.6,36.5,62.6,20.2,27.6,52.3,47.0,6.9,79.8,30.2,0.4779833
54,"Rodríguez, Manuel",655889,2024,37.2,137,88.7,11.0,30.2,2.8,34.9,68.2,15.4,28.3,54.1,45.9,5.5,84.1,26.6,0.47293654
438,"Jones, Jared",683003,2024,121.2,456,89.6,14.5,36.9,9.8,44.5,70.9,22.7,30.4,49.5,50.5,8.6,77.3,30.2,0.47025585
142,"Mantiply, Joe",573009,2024,59.2,225,88.1,5.4,26.2,7.6,41.9,69.0,19.9,38.5,39.5,60.5,5.3,79.4,27.5,0.4673655
488,"Peguero, Elvis",665625,2024,51.1,197,90.1,3.2,29.1,5.3,40.4,63.5,13.1,33.6,51.7,48.3,5.9,86.5,27.7,0.46501142
314,"Kerkering, Orion",689147,2024,63.0,229,87.3,5.4,32.3,5.1,33.5,61.4,19.0,27.9,49.0,51.0,7.7,80.2,27.8,0.46484554
283,"Voth, Austin",608723,2024,61.0,226,85.8,16.2,40.4,7.8,29.5,69.1,18.5,31.4,55.0,45.0,6.8,81.5,31.6,0.4633081
316,"Sandlin, Nick",680704,2024,57.2,207,91.3,18.3,29.0,11.0,42.8,69.8,24.0,28.8,52.5,46.9,5.5,75.3,33.7,0.4471709
406,"Anderson, Tyler",542881,2024,179.1,681,87.2,17.6,34.1,7.9,33.0,71.5,20.8,29.5,43.1,56.3,6.6,78.8,27.8,0.44297388
432,"Alcala, Jorge",660896,2024,58.1,210,86.6,19.0,32.0,7.2,32.7,70.3,22.5,26.0,44.4,55.6,7.2,76.9,28.1,0.43766046
486,"Rogers, Tyler",643511,2024,70.1,273,85.2,7.5,24.9,4.4,31.1,70.1,16.0,27.8,28.3,71.7,11.0,83.0,18.6,0.43482295
185,"Yamamoto, Yoshinobu",808967,2024,90.0,340,88.4,8.4,34.2,8.3,41.3,64.2,17.0,31.7,48.2,51.3,7.4,83.0,27.0,0.42987666
474,"Barnes, Jacob",606930,2024,66.0,252,89.0,12.8,43.6,6.4,41.6,72.1,16.5,29.3,43.4,56.6,8.7,83.2,25.1,0.42829752
343,"Scott, Tayler",605463,2024,68.2,239,88.0,13.5,33.3,3.5,35.7,64.7,22.1,27.6,43.7,55.7,6.6,77.9,29.5,0.42741275
134,"Miller, Tyson",668338,2024,62.0,217,88.2,20.3,33.3,7.9,34.5,72.4,21.5,31.8,37.8,62.2,9.9,78.2,26.5,0.42698348
189,"Liberatore, Matthew",669461,2024,86.0,323,89.7,13.2,31.7,7.1,38.6,72.5,18.0,27.9,47.4,52.6,8.5,82.0,25.1,0.4256526
245,"Ragans, Cole",666142,2024,186.1,685,88.3,15.2,31.8,6.2,35.4,69.7,24.3,29.8,48.7,51.1,6.8,75.6,32.0,0.42130622
35,"Hodge, Porter",687863,2024,43.0,144,88.6,13.4,28.3,3.3,35.9,65.8,20.0,24.8,66.3,32.5,9.0,79.5,32.8,0.4107694
141,"Bednar, David",670280,2024,57.2,227,90.2,17.9,30.8,9.3,39.5,69.7,22.3,31.5,39.9,59.5,6.0,77.7,27.6,0.40923703
363,"Blanco, Ronel",669854,2024,167.1,599,88.7,16.4,30.1,9.3,35.5,68.4,17.7,30.3,52.8,47.0,6.9,82.0,29.0,0.40907443
171,"Vest, Will",676684,2024,70.1,261,88.4,7.4,36.6,2.9,38.0,68.6,19.6,29.2,36.6,62.7,8.0,80.4,24.3,0.4074636
151,"Fernandez, Ryan",681676,2024,66.2,246,89.0,10.4,35.6,7.2,33.9,70.4,19.0,29.9,55.1,44.4,6.5,81.0,31.5,0.40533856
101,"Wilson, Justin",458677,2024,46.2,192,88.6,17.8,35.7,11.2,41.3,74.6,20.1,33.8,37.1,62.1,9.6,79.9,25.1,0.40163594
128,"Leclerc, José",600917,2024,66.2,247,87.4,18.0,36.2,7.4,30.7,69.2,27.2,29.8,52.3,47.2,7.2,71.4,36.0,0.40119672
236,"Gray, Sonny",543243,2024,166.1,623,89.6,11.5,38.1,8.9,37.9,65.9,17.7,30.7,56.7,43.0,8.3,81.9,29.8,0.38718066
208,"Rodriguez, Grayson",680570,2024,116.2,449,89.2,13.4,36.9,7.8,39.7,68.4,21.6,30.6,50.2,49.5,8.5,77.9,30.0,0.38030872
137,"Priester, Quinn",682990,2024,49.2,202,89.3,5.9,28.1,4.1,46.2,69.8,15.4,30.7,37.3,61.9,8.5,84.6,22.2,0.37563792
500,"Eovaldi, Nathan",543135,2024,170.2,642,89.3,8.8,33.5,7.7,42.6,70.3,19.4,32.2,44.5,55.2,6.8,80.4,26.8,0.3723135
98,"Mlodzinski, Carmen",669387,2024,50.2,184,89.3,12.9,29.6,2.8,35.2,70.1,19.3,27.4,42.6,56.6,8.1,80.7,26.1,0.37012848
442,"Snider, Collin",676092,2024,41.2,156,85.7,16.7,37.6,10.1,36.7,74.4,25.7,30.1,41.6,57.4,8.0,73.5,30.2,0.3540631
375,"Alvarado, José",621237,2024,61.2,228,89.5,12.6,31.3,6.6,41.0,67.3,18.7,27.8,49.7,49.7,7.6,80.7,28.4,0.35307246
47,"Pagán, Emilio",641941,2024,38.0,144,90.4,20.9,36.9,8.7,50.5,72.6,26.4,31.6,37.9,60.9,8.1,73.6,29.6,0.3444885
439,"Burnes, Corbin",669203,2024,194.1,731,87.5,11.0,26.8,6.7,31.6,67.0,15.6,33.0,51.6,48.2,6.5,84.0,28.6,0.3411315
106,"Phillips, Evan",623465,2024,54.2,207,85.9,11.9,36.1,6.1,32.7,64.9,17.4,27.9,54.1,45.9,8.1,81.7,27.7,0.3373548
341,"Brown, Hunter",686613,2024,170.0,645,86.2,9.6,28.0,4.5,30.3,66.0,18.7,27.3,40.0,60.0,7.6,80.9,25.1,0.33580303
163,"Wentz, Joey",666214,2024,67.1,262,88.1,15.5,33.0,7.2,36.1,68.1,18.9,29.6,50.3,49.7,7.1,81.1,29.6,0.32974422
156,"Abreu, Bryan",650556,2024,78.1,285,90.4,16.0,32.1,8.7,38.0,64.4,21.4,27.7,63.3,36.7,7.8,78.3,34.0,0.32384983
503,"Strahm, Matt",621381,2024,62.2,217,89.2,21.6,36.2,7.1,37.6,70.0,22.0,32.0,39.3,60.0,8.1,77.7,26.7,0.31605282
52,"Tinoco, Jesus",622786,2024,40.2,147,87.1,13.0,28.6,6.7,33.3,68.5,22.3,28.4,36.7,63.3,5.9,77.7,26.4,0.31540173
348,"Martin, Chris",455119,2024,44.1,170,88.5,9.4,35.8,4.1,35.0,68.9,19.4,35.2,35.3,62.7,6.1,80.6,23.9,0.31184345
250,"Valdez, Framber",664285,2024,176.1,634,90.2,0.4,26.0,5.3,45.0,61.2,14.4,28.6,54.4,45.6,7.2,85.1,27.2,0.30962187
392,"Thielbar, Caleb",573204,2024,47.1,188,88.3,16.2,34.5,10.1,33.8,68.7,21.0,26.7,34.8,65.2,9.4,78.0,24.7,0.30297434
222,"Bradley, Taj",671737,2024,138.0,519,91.2,13.3,34.9,10.2,42.9,71.5,18.8,30.5,47.2,52.8,7.5,80.8,27.4,0.30158094
180,"Darvish, Yu",506433,2024,81.2,300,89.4,17.1,32.0,7.5,39.9,69.4,19.2,30.7,41.7,58.3,8.5,80.1,25.6,0.29743943
184,"Herz, DJ",687792,2024,88.2,340,89.4,18.0,30.9,8.1,34.7,69.3,23.6,27.9,43.8,55.3,8.6,76.1,29.3,0.29419827
424,"Smith, Cade",671922,2024,75.1,268,90.4,11.8,39.2,8.4,42.8,67.5,24.9,27.4,47.1,52.9,8.3,74.7,30.2,0.29325846
491,"Martin, Davis",663436,2024,50.0,192,87.9,11.9,26.2,7.6,37.9,69.2,15.9,29.5,51.1,46.7,7.1,84.1,27.0,0.29299808
358,"Wheeler, Zack",554430,2024,200.0,723,86.5,13.5,32.6,8.3,33.6,69.1,21.4,33.8,39.7,60.1,7.1,78.3,27.5,0.28649575
429,"Hudson, Daniel",543339,2024,63.0,232,90.4,18.1,30.6,12.4,49.4,77.5,24.3,24.9,55.9,44.1,6.5,75.7,32.3,0.28616574
94,"Brown, Ben",676962,2024,55.1,197,91.8,16.2,34.1,10.9,51.4,62.8,21.5,28.6,55.2,44.8,7.4,78.1,31.4,0.28293443
267,"Pfaadt, Brandon",694297,2024,181.2,707,89.4,14.1,33.0,8.1,39.4,67.0,17.1,29.6,46.4,53.3,7.8,82.8,25.4,0.28205168
450,"Madden, Ty",680744,2024,23.0,91,90.1,15.6,34.7,8.0,37.3,74.2,12.2,28.3,55.2,44.8,8.4,87.8,24.4,0.27961862
404,"Armstrong, Shawn",542888,2024,66.2,266,88.9,16.7,36.6,8.9,38.1,68.7,19.1,29.6,33.3,66.7,9.6,80.9,22.9,0.27786016
373,"Stone, Gavin",694813,2024,140.1,537,88.2,11.2,32.5,6.4,36.2,70.4,18.0,31.1,39.4,60.0,8.1,81.5,24.7,0.27405342
218,"Ryan, Joe",657746,2024,135.0,507,88.3,18.5,33.6,8.5,36.6,68.0,21.4,30.1,40.7,59.3,8.0,78.0,26.6,0.2700745
7,"Festa, Matt",670036,2024,23.2,90,86.3,26.5,29.9,6.0,34.3,75.7,23.9,31.4,32.7,67.3,10.9,76.1,26.2,0.266368
133,"Winn, Keaton",676775,2024,55.1,209,93.1,8.7,34.5,8.5,50.6,70.9,16.4,33.3,44.6,55.4,8.4,83.6,25.2,0.26483113
317,"Long, Sam",669674,2024,42.2,156,87.5,10.2,30.7,7.9,33.3,68.3,18.2,28.1,49.5,48.5,7.7,81.4,27.8,0.2637906
79,"Latz, Jacob",656641,2024,43.2,162,88.0,18.9,30.6,8.9,40.3,68.4,20.2,29.7,43.9,56.1,5.8,79.8,28.3,0.26173508
45,"Roycroft, Chris",688297,2024,34.1,130,86.9,1.0,25.7,2.0,33.7,62.1,15.0,28.8,37.6,62.4,8.1,84.0,22.1,0.2603641
457,"Montgomery, Jordan",656756,2024,117.0,478,88.6,12.2,36.6,6.0,41.0,70.3,17.7,33.2,42.1,57.9,7.6,80.9,26.9,0.25958872
70,"Megill, Trevor",656730,2024,46.1,165,91.2,19.0,36.4,7.6,42.4,70.1,15.0,32.8,64.4,35.6,8.7,84.6,29.7,0.25740412
99,"Thorpe, Drew",689672,2024,44.1,165,87.4,16.1,34.5,7.0,37.3,71.9,20.0,25.2,32.7,67.3,6.5,79.6,23.9,0.25552967
145,"McFarland, T.J.",519008,2024,56.2,210,87.5,3.2,26.3,4.6,34.9,59.7,10.9,31.6,35.9,63.3,7.0,86.4,19.2,0.25487846
326,"Imanaga, Shota",684007,2024,173.1,662,88.6,17.8,36.0,8.6,39.3,75.3,20.0,34.8,47.6,52.4,7.8,79.6,28.3,0.252659
112,"Webb, Jacob",657097,2024,56.2,208,87.4,17.7,33.8,7.9,34.4,68.5,22.2,29.0,40.8,58.5,7.2,77.5,27.4,0.25250426
85,"Chapman, Aroldis",547973,2024,61.2,222,90.5,11.2,31.0,7.1,41.3,62.1,23.7,26.4,53.1,46.3,7.4,76.3,32.3,0.24717723
451,"Vesia, Alex",681911,2024,66.1,223,87.5,30.0,29.3,12.1,35.0,70.0,26.2,26.6,43.8,54.9,6.6,73.3,31.3,0.24393919
33,"Bradish, Kyle",680694,2024,39.1,144,84.8,3.1,31.9,6.6,28.6,58.7,16.7,24.4,52.5,47.5,7.3,82.8,26.9,0.24316148
177,"Tonkin, Michael",543859,2024,79.1,297,88.0,12.5,35.9,7.4,35.0,65.5,17.1,31.2,35.9,63.7,7.5,81.8,23.7,0.240018
353,"Payamps, Joel",606303,2024,59.0,212,89.4,15.9,34.0,9.6,43.6,67.0,22.4,28.8,38.3,61.7,7.6,77.0,27.1,0.23420404
408,"Maton III, Phil",664208,2024,64.0,231,86.5,12.9,32.6,7.0,33.1,67.1,22.3,29.9,35.5,64.0,8.0,77.2,26.7,0.23071437
513,"Castillo, Luis",622491,2024,175.1,663,89.7,16.3,37.0,8.5,41.9,71.2,17.9,31.0,43.5,56.1,7.7,82.1,25.9,0.22768252
391,"Pepiot, Ryan",686752,2024,130.0,481,89.3,19.1,31.4,9.1,37.2,68.1,22.5,28.5,46.9,53.1,6.8,77.2,29.9,0.22512558
251,"Rodón, Carlos",607074,2024,175.0,667,90.4,18.1,34.6,11.0,40.9,70.7,20.0,30.7,50.5,49.5,7.0,79.7,30.1,0.22314149
464,"Hill, Tim",657612,2024,67.0,265,88.0,-6.8,20.2,1.7,40.8,66.3,8.6,30.3,25.0,73.4,9.3,90.3,12.8,0.22115254
436,"Pressly, Ryan",519151,2024,56.2,220,89.8,6.2,37.0,7.9,41.8,69.2,15.0,31.5,52.9,47.1,8.5,84.1,26.9,0.22075163
207,"Glasnow, Tyler",607192,2024,134.0,484,89.0,9.3,32.5,8.5,40.1,66.7,19.7,27.3,62.6,37.4,8.4,80.1,30.9,0.2144415
447,"Schmidt, Clarke",657376,2024,85.1,309,89.1,16.0,31.7,5.9,38.0,63.1,22.1,27.2,44.7,55.3,6.9,77.6,29.4,0.21407746
344,"Gray, Jon",592351,2024,102.2,408,90.5,15.3,34.8,8.6,42.2,70.6,14.6,29.7,48.9,51.1,8.1,85.1,23.8,0.21384175
18,"Ashby, Aaron",676879,2024,28.1,107,90.2,4.5,31.6,6.6,36.8,55.3,11.1,30.8,54.1,45.9,9.1,88.1,26.3,0.21232119
238,"Sale, Chris",519242,2024,177.2,652,86.5,9.6,34.9,5.6,31.2,63.9,21.7,33.5,49.4,50.6,7.3,78.1,31.0,0.21010177
351,"Smyly, Drew",592767,2024,58.2,226,89.2,19.5,34.1,6.4,38.2,68.8,15.3,27.7,49.3,50.0,8.4,84.4,25.2,0.20906302
108,"Jackson, Luke",592426,2024,53.0,204,89.2,8.4,31.8,8.8,39.9,65.7,16.9,30.9,52.9,47.1,6.1,82.4,29.7,0.20806247
69,"Lynch IV, Daniel",663738,2024,43.1,154,90.2,11.5,30.8,9.4,47.9,65.9,17.4,26.0,57.5,42.5,9.2,81.7,28.3,0.20781162
13,"Jiménez, Dany",666204,2024,25.2,94,87.2,23.6,29.2,18.1,31.9,61.1,17.4,22.3,62.0,38.0,6.9,81.9,29.3,0.20735061
240,"Suárez, Ranger",624133,2024,150.2,575,86.9,6.3,32.9,5.1,34.3,66.2,12.9,30.3,39.5,60.5,6.0,86.4,21.9,0.20669363
290,"Cleavinger, Garrett",664076,2024,60.0,225,86.9,12.5,35.0,9.6,33.8,66.6,20.2,30.1,51.2,48.8,7.7,79.5,30.3,0.2066285
331,"Matthews, Zebby",805673,2024,37.2,164,90.5,14.1,38.0,14.0,42.1,71.8,15.3,27.3,47.9,52.1,9.5,83.6,24.0,0.20642284
73,"Ferguson, Tyler",621053,2024,51.1,180,88.2,17.3,31.9,8.4,38.7,65.5,22.4,28.5,37.8,62.2,7.6,77.6,26.8,0.2063613
475,"McArthur, James",663704,2024,56.2,228,90.2,7.1,34.3,8.3,40.3,64.8,16.4,29.9,54.1,45.9,7.4,83.6,28.3,0.20158185
120,"Kolek, Stephen",663568,2024,46.2,195,88.1,3.6,30.8,3.8,41.0,67.4,14.8,27.9,39.2,60.8,8.3,85.2,21.1,0.19574158
386,"Wacha, Michael",608379,2024,166.2,625,86.9,15.7,32.7,8.2,32.5,68.5,17.3,27.8,38.5,61.0,8.3,81.7,23.3,0.19448388
300,"Anderson, Chase",502624,2024,58.1,227,86.5,20.0,33.0,8.5,33.0,70.3,21.0,23.0,32.2,67.8,7.7,79.0,23.8,0.19376732
295,"Jackson, Jay",543351,2024,26.1,105,88.3,16.0,42.1,10.5,42.1,71.1,21.8,25.8,36.8,61.4,9.9,78.2,25.7,0.19118719
258,"Kikuchi, Yusei",579328,2024,175.2,683,90.1,14.2,33.5,9.7,45.0,67.8,21.2,27.9,49.2,50.3,8.4,78.4,29.0,0.19081157
206,"Lodolo, Nick",666157,2024,115.1,437,89.2,11.8,32.6,8.2,38.0,62.6,18.0,30.2,49.1,50.9,7.0,81.5,28.1,0.19055589
165,"Ginkel, Kevin",656464,2024,70.0,270,89.8,10.0,35.2,5.6,40.8,68.3,18.1,31.9,47.2,52.3,6.5,81.4,27.9,0.1904611
506,"Avila, Pedro",658648,2024,82.2,306,89.6,9.6,39.4,5.2,41.6,67.6,16.3,27.7,43.8,56.2,6.1,83.7,25.0,0.18746081
22,"Diekman, Jake",518617,2024,32.0,114,87.0,10.8,36.4,10.4,39.0,61.2,23.5,25.0,40.2,58.5,8.0,76.0,28.7,0.18263379
11,"Staumont, Josh",622251,2024,24.1,85,86.8,11.8,29.0,2.9,34.8,64.0,12.5,25.9,56.1,42.1,6.7,86.7,25.9,0.18140048
509,"Milner, Hoby",571948,2024,64.2,244,87.7,8.4,30.9,2.7,36.2,59.0,16.4,26.4,26.3,72.2,5.9,83.0,19.3,0.1808259
32,"García, Yimi",554340,2024,39.0,138,87.4,23.3,36.7,13.3,34.4,68.6,20.8,33.8,45.7,53.3,8.1,78.8,29.0,0.17611787
296,"Wilson, Steven",621051,2024,34.2,128,86.6,26.2,34.0,12.0,31.0,69.4,20.2,22.7,38.6,61.4,7.9,79.8,24.7,0.1755153
249,"Bibee, Tanner",676440,2024,173.2,651,88.4,17.7,37.4,7.0,36.9,72.7,22.3,26.8,40.7,59.3,7.5,77.5,26.9,0.17540014
41,"Leasure, Jordan",673929,2024,31.1,120,88.8,17.8,34.0,7.2,35.1,72.2,20.5,23.9,45.5,54.5,10.0,79.5,26.6,0.17474096
357,"Miller, Erik",669062,2024,67.1,244,89.5,10.7,25.3,7.0,41.1,65.3,23.4,24.7,47.0,52.4,6.9,76.3,30.6,0.17037658
96,"Grove, Michael",675627,2024,51.0,191,87.6,10.5,30.9,9.4,33.8,63.9,16.6,28.6,49.2,50.8,7.9,82.3,26.6,0.16730873
183,"Sandoval, Patrick",663776,2024,79.2,312,87.9,11.0,32.9,5.1,36.3,65.1,18.4,27.1,46.2,53.3,7.5,81.1,26.5,0.16719158
161,"Luzardo, Jesús",666200,2024,66.2,248,90.4,16.5,33.3,9.9,41.1,69.6,19.3,29.8,51.8,48.2,6.4,80.7,29.6,0.16476242
456,"King, Bryan",687911,2024,26.1,95,85.7,11.3,31.3,3.1,34.4,67.2,16.2,24.1,51.1,48.9,10.1,83.8,24.1,0.16435337
356,"Gore, MacKenzie",669022,2024,166.1,649,88.0,13.5,36.2,6.8,38.1,73.2,19.8,27.3,52.5,46.8,6.9,79.9,28.6,0.16272049
166,"Kittredge, Andrew",552640,2024,70.2,263,88.9,11.8,33.0,8.5,39.5,67.9,15.6,38.9,49.5,50.0,7.3,83.9,27.8,0.16159259
416,"De Los Santos, Enyel",660853,2024,64.0,248,89.3,17.5,35.2,12.6,42.3,73.9,22.4,26.4,52.6,47.4,8.9,77.6,29.3,0.16090447
178,"Williams, Gavin",668909,2024,76.0,293,90.8,13.2,32.1,6.9,44.0,69.2,19.1,29.0,38.6,60.9,8.2,80.7,24.8,0.16051048
23,"Varland, Gus",681402,2024,26.1,106,89.5,13.4,38.0,5.1,39.2,65.5,18.0,24.5,46.9,53.1,8.8,82.0,24.5,0.15920639
400,"Ross, Joe",605452,2024,74.0,287,88.7,16.7,30.8,8.0,38.8,68.8,18.1,27.5,52.3,47.7,7.4,81.4,27.1,0.15742342
155,"García, Luis",472610,2024,59.0,235,88.7,6.3,33.9,7.1,39.3,67.4,12.3,33.1,46.1,53.9,7.5,87.3,24.0,0.15699467
179,"Beeks, Jalen",656222,2024,70.0,276,87.2,13.5,30.4,4.8,33.0,73.5,14.6,24.0,46.4,53.6,6.2,84.4,23.2,0.15661684
413,"Boyle, Joe",671212,2024,47.2,179,88.2,16.2,32.5,4.0,40.5,62.1,20.9,19.3,56.6,43.4,6.8,79.1,30.2,0.1563926
340,"Salazar, Eduardo",674285,2024,29.1,118,88.4,5.8,28.6,4.4,42.9,63.7,10.1,28.6,49.3,50.7,6.7,89.3,23.2,0.1558114
169,"Thompson, Ryan",657044,2024,66.1,252,90.0,-0.5,26.5,7.4,44.6,65.1,15.2,33.5,39.0,61.0,7.0,84.1,23.0,0.15563114
302,"Bello, Brayan",678394,2024,162.1,622,88.5,6.2,34.2,7.4,41.1,65.1,16.8,29.7,43.5,56.2,6.4,82.8,25.9,0.15414311
242,"Peralta, Freddy",642547,2024,173.2,639,87.6,17.3,35.3,8.7,36.9,70.4,22.7,28.0,47.9,51.3,6.3,77.1,31.1,0.15399468
479,"Banks, Tanner",621383,2024,72.1,277,87.5,10.8,30.2,6.3,34.1,69.4,18.8,26.8,45.2,54.1,9.3,80.0,26.1,0.15318072
437,"Miller, Shelby",571946,2024,55.2,203,91.1,16.8,31.0,7.6,41.1,69.0,17.6,26.9,43.9,55.1,10.2,82.1,24.3,0.15221478
481,"Nardi, Andrew",677053,2024,49.2,188,88.2,21.5,33.9,7.4,34.7,72.4,23.9,33.3,45.3,54.7,5.5,75.8,31.1,0.15133709
126,"Faedo, Alex",656412,2024,57.1,210,88.3,14.8,39.4,6.3,34.4,70.8,21.1,29.4,50.6,49.4,5.1,78.0,31.1,0.14849997
37,"Kelly, Michael",547184,2024,31.1,112,85.2,18.4,40.9,3.2,20.4,65.0,14.1,29.6,41.2,57.4,8.1,85.3,22.3,0.14847988
298,"Holderman, Colin",670059,2024,51.1,188,87.6,15.7,37.2,10.9,38.0,66.0,19.1,25.8,55.3,44.7,8.9,80.5,29.5,0.14804709
261,"Gibson, Kyle",502043,2024,169.2,641,88.2,12.0,34.3,9.2,39.1,64.0,14.6,26.3,47.5,52.0,5.4,84.9,25.9,0.14698155
127,"Rogers, Taylor",573124,2024,60.0,224,86.7,12.3,32.3,6.2,32.9,61.2,17.3,21.2,43.0,57.0,10.7,82.2,23.3,0.14605103
443,"Suárez, Albert",544150,2024,133.2,510,88.8,17.0,38.0,7.1,38.4,76.1,19.2,28.0,37.4,62.3,6.2,80.8,24.6,0.14428885
434,"Johnson, Pierce",572955,2024,56.1,209,89.4,11.7,33.8,8.5,39.4,61.0,18.8,27.5,50.8,49.2,9.0,80.9,28.1,0.14393513
328,"Lovelady, Richard",663992,2024,34.1,132,89.5,7.6,31.5,8.3,46.3,69.0,17.3,28.1,39.7,60.3,7.6,82.7,23.6,0.1438509
160,"Junis, Jakob",596001,2024,67.0,241,90.0,15.1,35.1,8.4,42.4,62.7,19.5,28.0,39.8,59.3,9.3,79.6,24.6,0.14113523
164,"Akin, Keegan",669211,2024,78.2,285,88.3,18.5,29.7,7.7,37.4,66.3,22.9,25.7,50.7,48.7,9.0,76.4,30.0,0.14073227
454,"Ginn, J.T.",669372,2024,34.0,131,90.3,11.3,34.3,6.9,45.1,69.8,17.3,23.5,62.7,37.3,7.2,82.7,28.3,0.13986774
441,"Morton, Charlie",450203,2024,165.1,613,88.7,9.0,33.0,9.3,38.4,66.3,16.1,28.0,48.5,51.2,7.0,82.7,26.1,0.13740563
489,"Cantillo, Joey",676282,2024,38.2,147,89.1,11.0,30.8,7.7,40.4,64.0,22.3,23.5,54.1,45.9,9.8,77.2,31.1,0.13679779
102,"Roupp, Landen",694738,2024,50.1,190,89.0,10.6,35.0,4.9,39.2,57.5,17.4,26.7,40.0,60.0,8.3,82.6,25.3,0.13621695
8,"Santillan, Tony",663574,2024,30.0,113,90.2,19.7,29.9,6.0,40.3,70.5,23.6,26.6,50.0,48.4,8.3,76.4,30.0,0.13479416
56,"Okert, Steven",595345,2024,35.1,139,85.5,19.7,37.0,8.3,29.6,66.7,17.5,22.8,42.6,57.4,6.7,82.1,23.6,0.13257056
383,"Pop, Zach",647315,2024,48.1,185,88.9,4.9,25.2,7.1,44.5,71.1,14.6,31.4,35.9,64.1,7.7,84.9,22.1,0.13226499
498,"Pérez, Cionel",672335,2024,53.2,203,88.3,4.1,29.6,5.0,34.0,68.1,15.5,25.3,44.2,55.8,6.1,82.7,23.7,0.13175996
26,"Hernández, Carlos",672578,2024,30.0,109,88.6,24.2,30.6,9.4,38.8,74.0,19.1,27.9,41.0,59.0,7.5,80.9,25.6,0.13056369
36,"Springs, Jeffrey",605488,2024,33.0,129,89.3,15.9,38.7,9.7,46.2,70.7,19.5,31.3,48.0,52.0,5.7,79.9,29.9,0.12929715
215,"Ureña, José",570632,2024,109.0,414,89.0,9.8,26.0,7.7,39.7,71.0,16.4,26.4,38.6,61.0,7.1,83.4,23.1,0.12928967
279,"Ottavino, Adam",493603,2024,56.0,213,87.1,13.6,34.0,7.6,34.7,59.1,19.5,26.6,40.6,57.8,10.2,80.5,25.7,0.12734884
496,"Sims, Lucas",608371,2024,49.1,179,85.4,24.1,32.8,9.7,31.3,65.7,16.4,30.0,43.4,55.9,7.5,83.6,25.8,0.12523094
320,"Manoah, Alek",666201,2024,24.1,90,88.6,16.3,35.4,10.8,35.4,68.7,20.1,27.1,48.1,50.0,9.6,79.1,28.2,0.12502538
81,"Hernández, Jonathan",642546,2024,43.1,160,89.2,6.9,33.9,8.9,39.5,69.0,18.6,30.8,48.5,51.5,5.8,81.4,30.1,0.123707466
264,"López, Pablo",641154,2024,185.1,715,87.9,13.3,35.9,8.2,37.5,70.7,19.2,33.0,43.7,55.1,7.5,80.7,27.0,0.12240211
355,"Rodriguez, Yariel",684320,2024,86.2,323,87.8,16.8,28.9,6.3,37.2,66.3,16.3,27.4,45.2,54.8,6.7,83.7,25.7,0.12225457
2,"Little, Luke",681432,2024,26.0,86,87.4,-1.6,15.3,3.4,40.7,50.9,14.7,21.4,54.2,45.8,7.3,85.3,26.8,0.120345324
493,"Young, Danny",664849,2024,37.2,138,88.9,2.8,29.3,6.5,39.1,54.3,16.6,26.2,52.9,47.1,6.7,82.2,30.7,0.1200045
334,"Domínguez, Seranthony",622554,2024,58.2,231,86.9,16.3,35.4,12.2,32.9,68.7,17.0,26.1,51.1,48.2,8.6,83.0,26.4,0.11951163
87,"Hall, DL",669084,2024,43.0,170,87.3,14.0,28.3,8.7,37.8,60.3,14.8,27.4,41.8,57.3,6.5,84.3,23.6,0.11403827
192,"Cabrera, Edward",665795,2024,96.1,361,89.7,10.0,32.4,8.6,45.7,65.5,16.1,28.2,51.9,48.1,6.3,83.5,28.0,0.11379793
167,"Kelly, Kevin",687330,2024,70.2,261,86.9,4.7,29.4,5.0,37.0,59.5,14.3,26.1,37.0,61.3,8.4,85.1,20.1,0.11272538
318,"Cronin, Declan",686539,2024,70.1,274,89.5,1.6,29.9,4.9,41.7,67.3,17.0,25.6,54.1,45.2,7.4,83.0,26.6,0.11139781
402,"Hurter, Brant",676428,2024,45.1,167,88.5,10.2,22.9,4.6,36.6,61.9,13.1,29.5,39.5,59.3,10.2,86.9,20.0,0.110836744
371,"Paddack, Chris",663978,2024,88.1,360,90.4,14.3,40.6,9.9,43.1,68.1,17.5,30.2,39.0,60.1,6.8,82.1,24.0,0.11047054
233,"Flaherty, Jack",656427,2024,162.0,605,88.4,14.0,36.1,7.7,35.9,65.0,21.1,30.7,51.8,48.0,6.4,78.8,32.1,0.10947341
492,"Hanifee, Brenan",669724,2024,29.1,114,86.1,4.8,27.5,4.4,36.3,69.5,12.2,26.5,33.9,66.1,9.4,87.8,17.7,0.10888306
504,"Bradford, Cody",674003,2024,76.1,293,88.8,17.8,35.3,8.9,34.8,67.6,17.3,29.9,38.2,61.8,7.0,82.2,23.6,0.107458666
40,"Ferrer, Jose A.",678606,2024,32.0,119,90.7,5.4,21.9,1.0,47.9,63.0,13.4,29.4,46.7,53.3,10.5,85.5,22.0,0.10599433
12,"Coulombe, Danny",543056,2024,29.2,102,90.3,11.8,27.1,5.7,47.1,62.1,14.9,28.0,43.3,56.7,8.2,85.1,24.0,0.105504565
365,"Fulmer, Carson",608334,2024,86.2,329,90.6,13.0,34.1,9.5,44.4,64.9,15.3,30.3,45.2,53.6,6.5,84.2,25.8,0.10503407
401,"Brasier, Ryan",518489,2024,28.0,101,90.7,16.6,35.0,7.5,43.8,73.3,15.6,34.8,40.4,59.6,8.6,84.4,22.3,0.104922555
265,"Crawford, Kutter",676710,2024,183.2,695,88.4,19.8,33.4,9.9,36.3,69.4,17.2,32.8,44.3,55.2,7.3,82.5,25.3,0.10356321
421,"Nastrini, Nick",680897,2024,35.2,137,87.7,23.5,30.6,12.6,31.5,63.3,17.6,23.1,50.5,49.5,7.9,82.4,28.8,0.103201106
110,"Díaz, Alexis",664747,2024,56.1,204,88.5,22.6,31.3,6.7,38.0,68.7,20.0,25.0,43.7,56.3,8.2,80.0,26.6,0.102879435
157,"Weissert, Greg",669711,2024,63.1,237,88.9,12.8,33.5,5.9,40.5,64.1,15.2,30.5,32.2,67.1,8.7,84.2,20.3,0.10244729
281,"Estévez, Carlos",608032,2024,55.0,198,90.3,19.5,38.9,10.1,42.3,72.3,22.3,24.4,39.3,60.7,10.2,77.4,25.6,0.10217146
138,"Romero, JoJo",668941,2024,59.0,220,89.9,7.9,34.5,10.5,39.8,61.6,13.3,26.4,52.4,46.8,8.9,86.0,25.4,0.10195392
505,"Wesneski, Hayden",669713,2024,67.2,260,87.6,10.8,32.6,9.3,36.8,62.0,11.4,30.0,53.6,45.8,7.1,88.6,25.7,0.10178724
174,"Strickland, Hunter",519326,2024,73.1,266,88.9,21.7,30.3,9.0,35.5,66.7,17.1,27.9,36.0,64.0,8.0,82.9,22.8,0.10142601
34,"Lowder, Rhett",695076,2024,30.2,114,90.2,12.5,34.8,3.3,41.3,70.1,18.0,23.0,26.8,73.2,7.2,81.5,20.1,0.10036395
494,"Pearson, Nate",663878,2024,66.1,255,90.9,16.8,38.0,10.2,45.5,65.2,18.9,26.4,51.5,47.8,9.3,81.1,27.8,0.09966434
255,"Manaea, Sean",640455,2024,181.2,662,88.6,16.3,37.0,7.5,37.8,68.6,19.0,28.6,43.9,55.6,8.1,80.4,26.1,0.099421784
327,"Javier, Cristian",664299,2024,34.2,129,88.9,24.6,41.3,6.7,30.8,66.5,19.1,23.9,43.2,56.8,5.8,80.9,26.3,0.099059835
131,"Robertson, David",502085,2024,72.0,262,88.7,9.9,31.1,5.5,37.8,61.8,22.0,25.6,47.1,52.9,8.8,78.0,29.5,0.09873813
109,"Green, Chad",643338,2024,53.1,190,91.3,17.2,35.1,8.8,45.9,74.3,18.5,30.8,34.9,64.3,7.3,81.2,23.3,0.09830932
484,"Soroka, Michael",647336,2024,79.2,294,87.6,15.8,34.7,9.7,35.2,63.6,15.6,24.9,46.0,53.4,8.0,84.4,24.8,0.09669207
43,"Kershaw, Clayton",477132,2024,30.0,119,90.4,14.1,38.8,4.1,40.8,69.4,13.0,26.5,50.0,50.0,8.5,87.0,21.7,0.096450716
147,"Richards, Trevor",670950,2024,65.1,234,88.3,18.8,31.1,6.8,37.9,62.7,14.7,28.4,39.6,60.4,6.8,85.0,23.4,0.09625216
325,"Martinez, Seth",661527,2024,52.2,199,88.4,16.4,31.1,6.7,40.2,67.0,17.4,26.0,36.3,63.7,8.0,82.6,23.0,0.09460506
502,"Diaz, Yilber",700270,2024,28.1,105,91.3,15.4,38.6,4.5,45.5,66.1,12.0,20.0,47.8,52.2,8.5,88.0,20.1,0.09426503
205,"Soriano, José",667755,2024,113.0,407,89.9,-0.9,28.5,6.6,44.3,64.7,13.4,29.3,43.7,55.9,8.2,86.2,23.7,0.09323691
280,"Elder, Bryce",693821,2024,49.2,206,89.9,8.1,31.1,8.7,45.3,60.9,12.5,29.8,47.9,52.1,4.3,86.7,25.5,0.09267904
223,"Marsh, Alec",679525,2024,129.0,493,89.7,15.0,38.0,9.6,40.9,67.4,14.4,27.4,46.4,52.9,8.0,85.4,23.5,0.09233154
440,"Smith, Will",519293,2024,41.1,165,87.0,18.0,40.3,8.6,30.9,65.3,16.5,27.9,41.3,58.7,7.6,83.0,23.7,0.091395706
159,"Cabrera, Génesis",650893,2024,62.2,235,89.8,14.1,33.7,7.4,41.1,71.7,19.1,27.9,42.4,57.6,6.9,80.3,26.1,0.09057788
377,"Bender, Anthony",669622,2024,53.0,204,87.7,8.7,32.0,4.8,40.8,57.8,13.1,27.2,42.9,57.1,8.6,86.9,22.2,0.08950843
92,"Jansen, Kenley",445276,2024,54.2,194,90.4,22.3,36.3,11.1,37.0,67.4,19.9,24.9,53.6,44.0,8.9,79.8,27.0,0.089076795
199,"Yarbrough, Ryan",642232,2024,98.2,348,86.0,14.3,33.6,6.2,29.4,66.4,18.2,27.3,28.4,71.1,7.9,80.8,21.1,0.08830947
414,"Floro, Dylan",571670,2024,68.2,258,90.2,10.9,34.3,4.2,39.0,60.0,11.0,22.9,39.3,60.7,8.2,88.3,18.4,0.08746483
253,"Littell, Zack",641793,2024,156.1,618,89.3,18.1,36.2,9.6,39.2,70.6,14.5,31.1,44.7,55.0,7.9,84.8,23.1,0.08692016
49,"Howard, Spencer",675921,2024,29.0,128,91.8,16.9,35.0,8.7,44.7,73.5,21.8,24.3,32.2,67.8,9.3,78.2,24.0,0.0864058
60,"Sewald, Paul",623149,2024,39.2,151,90.0,26.0,34.9,9.2,42.2,72.0,20.4,25.7,40.3,58.2,10.8,79.6,24.4,0.0864058
435,"Carrasco, Carlos",471911,2024,103.2,406,89.3,10.8,35.3,8.1,38.8,69.2,11.4,31.3,43.9,55.1,6.4,88.3,22.7,0.085071966
170,"Suter, Brent",608718,2024,65.2,253,86.1,13.8,33.7,7.3,30.2,71.1,12.2,28.9,39.6,60.4,8.5,86.9,20.2,0.084321566
347,"Schreiber, John",670167,2024,51.2,198,89.0,10.2,25.3,3.9,37.0,67.7,16.4,25.7,33.9,66.1,7.4,82.6,21.6,0.08392592
117,"Ferguson, Caleb",657571,2024,54.1,219,88.2,9.9,35.9,6.5,37.3,65.5,17.2,29.4,46.8,53.2,7.1,82.5,26.6,0.08304411
224,"Kremer, Dean",665152,2024,129.2,493,87.4,15.1,31.1,9.8,35.4,65.1,17.1,27.3,38.0,61.6,6.9,82.4,23.3,0.08288054
276,"Nola, Aaron",605400,2024,199.1,764,88.5,12.0,35.4,7.2,38.2,66.7,15.9,32.1,42.6,57.2,6.0,83.3,25.2,0.08250928
196,"Musgrove, Joe",605397,2024,99.2,375,90.3,13.8,35.5,10.5,40.6,66.2,19.8,27.0,50.7,49.3,8.2,80.0,28.3,0.082300566
478,"Roberts, Ethan",681799,2024,26.2,107,91.0,20.6,40.7,7.4,43.2,65.8,15.4,25.7,57.4,42.6,7.4,84.6,27.2,0.08195777
303,"Finnegan, Kyle",640448,2024,63.2,245,91.3,10.6,31.6,7.0,48.1,72.4,18.2,27.2,40.3,58.1,8.0,81.1,23.1,0.08111971
51,"Boyd, Matthew",571510,2024,39.2,150,87.6,20.2,36.2,6.7,38.1,70.4,20.6,28.7,50.5,49.5,5.7,78.9,29.7,0.08083093
495,"Farmer, Buck",571656,2024,71.0,260,88.3,18.1,36.8,8.3,35.8,64.2,17.4,29.3,43.3,56.7,8.5,81.8,26.1,0.07961145
284,"Moore, Matt",519043,2024,48.1,179,88.8,23.0,38.3,9.2,35.5,72.2,23.0,27.5,35.5,63.7,6.8,76.6,26.7,0.079223596
143,"Miller, Bobby",676272,2024,56.0,226,91.5,10.4,34.5,11.5,47.7,70.6,18.9,24.2,36.3,63.7,7.7,80.9,23.7,0.078519434
46,"Chargois, JT",608638,2024,36.1,131,89.7,16.3,38.6,7.9,41.6,67.9,14.8,25.7,47.8,52.2,8.5,85.2,23.7,0.077899255
345,"Gordon, Tanner",685299,2024,34.1,149,90.2,15.9,34.4,8.0,36.8,72.3,14.8,31.7,30.2,68.6,8.9,84.4,18.8,0.07773147
307,"Tyler, Kyle",667725,2024,31.2,123,88.7,10.2,32.7,8.2,45.9,63.5,12.5,29.6,49.5,49.5,8.4,86.9,26.5,0.0772823
459,"Kuhl, Chad",641771,2024,53.1,205,88.4,10.2,33.8,5.8,38.3,67.6,18.7,21.4,48.7,50.4,5.7,80.6,27.1,0.07672036
3,"Ellard, Fraser",686642,2024,24.0,85,90.1,11.0,35.5,6.5,40.3,61.6,19.2,24.4,40.7,53.7,9.0,80.0,25.5,0.076476984
136,"Varland, Louis",686973,2024,49.2,214,90.6,11.1,41.4,8.9,45.0,72.8,15.8,23.7,51.0,49.0,10.0,84.2,23.2,0.07602521
241,"Hendricks, Kyle",543294,2024,130.2,514,85.9,13.0,36.4,7.4,33.4,64.4,13.4,29.6,29.6,70.1,5.5,86.3,18.9,0.07569261
507,"Devenski, Chris",606965,2024,26.2,108,91.0,26.4,33.3,11.9,44.0,67.1,15.6,25.7,53.4,46.6,5.6,84.4,27.1,0.07551021
144,"Koenig, Jared",657649,2024,62.0,236,87.5,10.5,28.2,8.0,35.6,63.5,17.4,27.1,37.2,62.8,9.4,81.5,22.4,0.07547194
31,"Manning, Matt",666159,2024,27.2,108,88.1,21.1,36.4,9.1,35.2,68.8,16.8,27.0,43.6,56.4,8.4,82.6,23.6,0.07442041
294,"Lynn, Lance",458681,2024,117.1,458,88.9,17.0,37.0,10.5,39.3,73.4,20.0,26.1,34.5,65.1,7.6,79.7,24.1,0.07435799
220,"Pallante, Andre",669467,2024,121.1,458,87.4,1.1,24.4,3.3,38.1,67.7,11.6,24.9,42.6,57.4,8.2,88.1,19.8,0.07370024
229,"Arrighetti, Spencer",681293,2024,145.0,557,88.9,16.4,38.3,7.7,39.8,66.7,18.9,26.9,50.3,49.4,8.5,80.8,27.7,0.07246893
278,"Webb, Logan",657277,2024,204.2,783,89.8,2.5,32.1,7.0,46.2,60.9,11.9,33.0,35.7,64.0,6.8,87.6,20.8,0.070918955
262,"Quintana, Jose",500779,2024,170.1,634,88.0,10.7,32.9,6.7,38.2,64.5,12.0,28.0,38.7,60.9,5.2,87.4,22.2,0.07078082
105,"Leahy, Kyle",681517,2024,48.2,178,89.9,14.8,33.3,6.1,43.5,72.5,14.6,30.4,42.2,57.8,8.3,85.4,22.3,0.07065785
27,"Soriano, George",666277,2024,29.1,112,89.0,15.2,51.8,12.9,45.9,65.1,14.9,25.7,52.2,47.8,8.1,84.5,25.5,0.070613526
25,"Anderson, Grant",681982,2024,26.2,109,89.0,18.5,28.7,10.0,41.3,62.9,20.5,23.7,42.3,55.8,7.0,78.9,25.7,0.06931422
308,"King, Michael",650633,2024,173.2,653,85.7,13.8,35.2,6.2,30.3,60.8,20.9,30.5,45.6,53.8,7.0,79.1,29.3,0.06928117
462,"Kimbrel, Craig",518886,2024,52.1,192,91.1,17.3,37.4,10.6,43.1,64.3,21.3,22.3,57.8,42.2,7.3,78.7,30.9,0.069135584
511,"Houck, Tanner",656557,2024,178.2,674,89.4,3.8,30.2,5.7,41.8,62.7,14.1,31.2,39.6,59.9,6.8,85.7,22.6,0.0688201
77,"Peralta, Wandy",593974,2024,38.1,143,89.1,7.0,32.0,8.2,43.4,68.9,9.0,34.0,33.9,63.6,5.7,89.3,19.1,0.06878408
191,"Cole, Gerrit",543037,2024,95.0,355,89.7,17.0,31.6,7.4,39.5,68.5,17.8,27.3,43.2,56.8,8.1,81.7,24.8,0.06820482
369,"Garrett, Braxton",666129,2024,37.0,152,92.3,9.0,31.4,8.5,48.3,64.4,10.0,30.7,46.7,52.2,7.3,90.0,21.8,0.06784126
232,"Woods Richardson, Simeon",680573,2024,133.2,509,88.4,18.5,35.7,8.2,36.2,69.5,17.2,29.4,34.9,64.5,7.5,82.6,22.3,0.06658537
190,"Weathers, Ryan",677960,2024,86.2,331,89.5,10.4,32.7,8.3,38.2,67.3,17.6,26.8,45.9,54.1,8.0,81.7,26.1,0.066094704
426,"Curry, Xzavion",675540,2024,42.2,164,89.9,25.6,38.0,10.9,43.1,72.6,16.9,26.4,34.6,64.1,8.9,83.1,21.1,0.06607487
83,"Scherzer, Max",453286,2024,43.1,165,87.9,20.8,40.5,7.9,34.9,72.6,20.3,36.4,47.5,52.5,6.9,78.9,29.2,0.06553081
182,"Blackburn, Paul",621112,2024,75.1,290,87.6,11.0,38.2,8.2,35.6,70.8,15.8,27.7,40.8,59.2,6.2,84.0,23.5,0.06525286
287,"Anderson, Justin",605121,2024,53.1,205,87.3,15.4,39.3,8.7,35.3,67.8,18.0,31.2,50.0,50.0,6.5,82.0,29.7,0.06457791
291,"Muller, Kyle",666205,2024,49.1,188,90.2,13.6,35.5,7.7,43.2,71.1,16.8,25.4,44.9,53.8,11.6,83.2,22.7,0.06406638
389,"Sears, JP",676664,2024,180.2,685,89.3,18.1,32.7,10.2,40.2,68.4,17.3,27.6,34.0,65.7,8.2,82.4,21.8,0.06260169
315,"Leiter, Jack",683004,2024,35.2,148,91.2,16.4,35.5,9.9,44.6,72.7,19.8,25.0,51.2,48.8,8.1,80.2,27.9,0.06257679
480,"Eflin, Zach",621107,2024,165.1,653,88.1,13.3,30.0,7.5,36.1,65.6,14.4,32.6,37.7,62.3,7.4,85.2,21.6,0.06170644
212,"Mize, Casey",663554,2024,102.1,417,90.6,9.3,32.4,7.9,44.6,70.9,14.7,27.3,41.7,57.9,6.5,85.0,22.0,0.061222244
322,"Toussaint, Touki",657053,2024,23.0,97,88.8,7.7,40.3,5.6,38.9,60.6,17.5,28.7,41.7,56.0,5.5,82.5,27.5,0.061090603
428,"Baumann, Mike",657508,2024,58.1,228,91.1,14.5,33.9,9.2,43.7,69.9,16.2,27.0,46.2,53.8,8.4,83.8,24.5,0.06106329
176,"Kelly, Merrill",518876,2024,73.2,277,90.5,11.0,33.5,10.7,40.9,68.1,12.9,30.5,37.8,62.2,6.4,86.3,21.3,0.060742352
44,"Daniel, Davis",669721,2024,30.1,127,87.2,17.9,39.4,10.1,39.4,67.2,14.5,32.1,32.1,67.9,8.5,83.7,20.2,0.060357083
370,"Pivetta, Nick",601713,2024,145.2,554,89.4,19.4,38.9,10.1,38.9,69.0,15.4,30.0,50.9,49.1,7.5,84.2,25.6,0.06023467
28,"France, J.P.",641585,2024,25.1,107,87.9,19.4,39.5,9.3,32.6,66.3,22.1,23.0,33.3,66.7,6.4,77.9,25.5,0.060186878
248,"Ober, Bailey",641927,2024,178.2,655,87.5,20.4,34.8,8.3,34.3,71.5,22.9,33.5,41.7,58.3,7.1,76.9,29.0,0.05958921
80,"Booser, Cam",592155,2024,42.2,164,88.6,20.6,38.7,8.1,36.3,70.6,22.0,34.3,43.6,56.4,7.1,76.8,28.9,0.05958921
64,"Alexander Jr., Scott",518397,2024,38.2,139,89.2,-1.5,36.6,12.5,44.6,69.3,7.0,31.1,45.2,54.8,6.5,93.0,19.8,0.058806125
342,"Gonzales, Marco",594835,2024,33.2,138,90.9,15.1,41.0,11.1,43.6,70.4,11.6,33.0,30.8,69.2,7.7,88.4,17.8,0.058806125
515,"Neris, Héctor",593576,2024,59.1,225,88.6,14.8,35.2,9.1,40.6,73.6,17.8,31.0,42.8,56.6,7.3,82.2,25.9,0.058664095
254,"Heaney, Andrew",571760,2024,160.0,634,89.6,18.2,37.4,8.3,40.1,70.1,17.9,30.5,45.8,54.0,7.1,81.7,26.3,0.058664095
461,"King, John",667463,2024,60.0,225,88.5,1.2,27.2,6.2,36.9,69.1,10.9,31.4,32.6,67.4,8.5,89.1,17.5,0.05792065
181,"Shuster, Jared",694363,2024,73.1,283,87.5,17.6,37.9,7.3,31.9,72.4,15.5,25.7,42.7,56.7,8.0,84.0,23.4,0.05781483
89,"Ramírez, Yohan",670990,2024,45.0,175,88.5,12.2,29.9,6.7,34.3,59.8,15.7,24.4,46.8,52.1,7.4,83.4,24.8,0.057454135
39,"Allen, Logan",663531,2024,28.0,114,89.3,12.9,41.1,5.3,40.0,73.2,14.0,21.8,42.6,57.4,8.1,86.0,19.7,0.057352684
516,"Faucher, Calvin",676534,2024,53.2,199,89.6,9.0,32.4,7.7,39.4,67.0,19.6,22.8,50.4,48.7,6.3,80.1,28.1,0.057232413
364,"Rainey, Tanner",663432,2024,51.0,197,91.1,25.8,33.8,14.3,42.9,71.5,18.5,26.7,46.4,53.6,7.8,81.5,26.0,0.05678036
234,"Estes, Joey",683155,2024,127.2,501,89.5,25.4,37.2,9.7,39.6,75.6,15.1,29.8,32.5,66.4,9.7,84.5,19.2,0.05645863
266,"Severino, Luis",622663,2024,182.0,684,87.1,12.7,30.4,5.7,35.6,70.6,15.7,29.7,37.7,62.3,7.6,84.0,22.0,0.056344658
216,"Maeda, Kenta",628317,2024,112.1,442,88.4,17.0,36.9,8.2,36.1,66.6,13.3,30.9,43.3,56.4,7.5,86.2,23.9,0.05591029
430,"Turnbull, Spencer",605513,2024,54.1,197,87.8,10.7,33.1,7.2,42.4,62.9,15.2,25.4,46.8,53.2,7.0,84.8,25.4,0.055849485
194,"Muñoz, Roddery",682610,2024,82.2,327,90.8,15.9,41.2,13.7,45.0,67.4,15.4,25.8,43.0,56.5,6.3,84.6,23.6,0.05580345
379,"White, Mitch",669952,2024,23.2,92,89.3,12.4,38.6,8.4,42.2,70.8,12.5,27.8,26.9,73.1,9.2,87.5,16.0,0.05562162
388,"Kochanowicz, Jack",686799,2024,65.1,247,90.3,3.6,29.1,6.3,44.4,72.7,11.5,28.5,27.6,71.4,10.2,88.5,15.2,0.05562162
72,"Montero, Rafael",606160,2024,38.1,141,89.8,11.3,36.1,10.1,42.0,70.1,12.4,26.8,28.3,71.7,4.8,87.6,17.9,0.054989364
382,"Brito, Jhony",666745,2024,43.2,173,87.3,9.0,30.1,6.2,35.6,72.0,18.8,22.6,19.4,80.6,8.1,80.8,19.0,0.05494063
228,"Gil, Luis",661563,2024,151.2,550,89.3,19.0,33.7,9.5,37.4,67.7,21.6,25.5,46.5,53.2,6.9,78.2,29.0,0.054902136
483,"Dunning, Dane",641540,2024,95.0,373,90.4,13.6,33.8,10.9,45.8,66.0,17.1,25.0,41.2,58.3,6.5,82.9,23.7,0.054139327
420,"Vieira, Thyago",600986,2024,38.0,147,89.6,13.0,35.5,10.0,45.5,62.2,17.5,23.5,44.7,55.3,6.0,82.1,24.8,0.054099005
59,"Funderburk, Kody",681892,2024,34.2,136,87.8,6.0,35.8,7.3,34.9,60.4,16.2,24.1,47.4,51.3,6.1,82.8,25.0,0.054099005
417,"Thompson, Keegan",624522,2024,30.1,107,90.6,12.9,41.7,12.5,47.2,68.1,17.9,25.4,52.8,47.2,5.8,82.1,28.2,0.054099005
115,"Nicolas, Kyle",693312,2024,54.2,205,90.0,10.8,34.0,8.5,40.5,70.5,18.6,25.2,50.8,47.7,8.8,81.0,28.2,0.053860422
219,"Harrison, Kyle",690986,2024,124.1,476,90.7,14.9,34.2,10.1,44.1,65.8,17.5,25.6,39.8,60.2,7.3,82.2,23.6,0.05370095
312,"Gallen, Zac",668678,2024,148.0,561,90.0,11.8,34.9,7.4,41.0,63.8,14.0,29.7,45.2,54.8,5.6,85.9,26.0,0.05352234
123,"Rodriguez, Eduardo",593958,2024,50.0,202,88.7,14.5,39.5,10.8,42.0,65.3,20.5,28.7,26.4,72.9,5.7,79.5,22.4,0.05334941
393,"Verlander, Justin",434378,2024,90.1,358,88.6,20.9,39.1,6.9,32.5,69.9,17.2,27.1,32.1,67.5,7.7,82.8,21.3,0.05334334
477,"Marte, Yunior",628708,2024,26.0,111,87.0,11.1,34.8,7.9,42.7,63.5,14.4,27.8,39.7,60.3,7.1,84.9,23.1,0.052598715
501,"Flexen, Chris",623167,2024,160.0,635,88.7,17.3,37.0,8.1,37.4,68.6,15.6,27.7,37.2,62.3,5.3,84.2,22.7,0.052311257
372,"Montas, Frankie",593423,2024,150.2,576,89.3,13.5,36.2,9.2,43.1,70.6,17.7,27.7,42.5,57.5,7.6,81.6,24.9,0.05223291
75,"Tate, Dillon",622253,2024,36.2,147,87.5,8.2,32.2,5.0,30.6,63.4,10.7,28.1,38.6,60.2,8.6,89.3,19.3,0.051957604
152,"Meyer, Max",676974,2024,57.0,225,90.6,10.1,27.2,13.9,47.8,70.4,12.8,26.1,51.9,48.1,7.7,86.9,23.9,0.05189671
58,"Anderson, Nick",623433,2024,35.2,135,89.2,15.2,37.0,7.4,38.0,63.4,19.4,22.7,36.7,63.3,10.5,80.1,23.4,0.051347155
394,"Smith, Burch",572143,2024,56.1,222,90.7,12.9,34.8,9.4,44.8,72.5,16.1,26.9,34.8,64.3,9.6,83.3,20.7,0.051311634
499,"Cortes Jr., Nestor",641482,2024,174.1,661,89.7,22.4,35.0,7.9,43.6,72.9,20.1,27.4,35.5,64.2,7.0,79.4,24.2,0.05125987
211,"Alexander, Tyler",641302,2024,107.2,419,88.4,21.0,36.6,9.8,37.2,67.0,16.7,30.8,28.5,70.2,7.3,82.6,20.1,0.05119997
168,"Hancock, Emerson",676106,2024,60.2,239,88.5,16.5,39.6,9.9,46.0,71.4,17.6,27.6,33.6,66.4,7.3,82.4,21.9,0.050184738
247,"Parker, Mitchell",680730,2024,151.0,595,89.6,15.3,35.3,8.1,38.9,71.3,14.9,30.0,41.3,58.2,8.0,84.9,22.3,0.050139938
78,"Phillips, Tyler",663969,2024,36.2,150,88.9,12.7,38.2,13.8,40.7,72.1,14.2,33.9,37.0,62.0,8.8,85.8,21.7,0.04993783
445,"Moll, Sam",594580,2024,37.2,134,88.8,10.1,27.6,6.1,36.7,63.8,19.2,25.5,42.3,57.7,7.7,79.8,25.6,0.04992584
260,"Feltner, Ryan",663372,2024,162.1,628,88.1,11.9,33.1,6.5,36.8,68.0,17.6,25.7,42.6,57.4,7.7,81.7,23.9,0.04992584
324,"Hicks, Jordan",663855,2024,109.2,423,89.6,8.9,34.7,9.4,42.2,65.4,14.6,25.1,48.2,51.8,7.3,85.1,24.6,0.04989805
68,"Swanson, Erik",657024,2024,39.1,153,92.0,12.8,38.8,12.1,50.0,73.6,15.8,29.2,41.2,58.8,5.7,83.8,23.5,0.04979136
410,"Molina, Anthony",683627,2024,59.2,236,90.4,11.2,38.7,8.0,45.7,72.4,11.7,22.1,43.0,57.0,7.1,88.3,18.8,0.04931178
306,"Lambert, Peter",663567,2024,61.1,242,88.1,16.1,38.9,6.1,36.9,71.3,13.2,24.7,47.7,51.6,8.1,86.8,22.0,0.04931178
399,"Chirinos, Yonny",630023,2024,30.0,127,87.6,20.0,33.0,7.8,35.0,65.5,15.0,27.1,35.3,64.7,8.7,85.0,20.7,0.04903809
271,"Gomber, Austin",596295,2024,165.0,653,90.2,15.0,37.7,9.6,41.2,68.7,14.6,25.9,35.3,64.7,8.1,85.0,19.9,0.0488942
350,"Williams, Trevor",592866,2024,66.2,238,89.4,13.4,31.7,6.6,39.3,68.0,16.4,28.4,35.2,64.2,7.0,82.4,22.5,0.048687104
407,"Wood, Alex",622072,2024,39.1,158,92.3,14.5,41.1,8.5,48.8,64.4,15.9,19.5,37.0,63.0,8.6,83.7,20.7,0.0486025
252,"Spence, Mitch",687765,2024,151.1,598,89.5,9.6,30.9,8.4,41.7,70.8,12.0,31.7,44.6,55.2,7.5,87.3,22.5,0.048094817
29,"Allard, Kolby",663465,2024,27.0,109,88.9,15.7,27.9,8.1,40.7,68.4,16.9,26.2,35.8,62.3,9.4,82.5,21.6,0.04781018
198,"Francis, Bowden",670102,2024,103.2,377,89.1,18.9,35.5,8.7,36.2,72.4,16.5,27.1,36.3,63.2,8.9,83.5,21.2,0.047348533
487,"Peterson, David",656849,2024,121.0,453,89.3,7.2,35.7,7.3,42.7,68.0,16.7,28.8,45.3,53.2,6.7,83.0,25.6,0.047314744
9,"Cimber, Adam",643256,2024,24.1,85,88.3,10.0,42.6,8.8,35.3,65.2,11.5,21.9,29.8,70.2,7.7,88.5,16.3,0.04708239
197,"Walker, Taijuan",592836,2024,83.2,338,91.4,15.4,37.8,13.4,46.3,64.1,10.3,25.1,32.4,67.0,7.2,89.1,16.7,0.04708239
468,"Mayza, Tim",641835,2024,42.2,175,88.3,9.2,42.4,9.3,38.4,65.1,10.5,23.6,37.2,62.8,7.0,88.7,17.5,0.04708239
158,"Chavez, Jesse",445926,2024,63.1,241,87.3,11.1,37.6,6.3,35.4,63.5,13.7,22.3,25.8,74.2,7.1,85.4,17.0,0.04708239
10,"Warren, Will",701542,2024,22.2,97,92.7,14.9,39.1,11.6,50.7,59.4,11.7,28.9,48.6,51.4,6.1,88.3,25.8,0.046676874
463,"Baz, Shane",669358,2024,79.1,285,90.5,18.1,28.3,7.3,42.0,73.6,16.6,24.0,52.2,47.8,7.1,83.0,24.6,0.04630351
48,"McGough, Scott",543518,2024,32.2,124,90.8,13.2,34.0,11.7,41.7,71.8,19.1,25.4,43.8,56.2,7.3,79.9,25.5,0.04630351
339,"Berríos, José",621244,2024,192.1,714,89.6,13.4,36.3,7.8,41.8,64.5,13.3,29.5,37.8,62.0,7.3,86.6,21.1,0.046232685
244,"Nelson, Ryne",669194,2024,150.2,583,90.1,12.0,34.5,7.5,41.6,71.1,14.4,29.3,29.0,70.7,8.2,85.5,18.2,0.046166692
42,"Brooks, Aaron",605156,2024,26.2,107,91.5,11.1,31.6,10.2,48.0,71.9,9.2,29.0,45.0,55.0,6.2,89.4,19.9,0.046166692
146,"Festa, David",701581,2024,64.1,251,89.5,15.1,41.1,8.6,38.9,66.9,19.7,31.7,45.6,53.3,6.6,80.3,28.4,0.04593997
71,"Honeywell Jr., Brent",641703,2024,37.2,132,88.3,14.0,39.0,5.1,39.8,67.7,10.8,22.3,30.2,68.3,8.1,89.2,15.3,0.04590098
118,"Brebbia, John",605154,2024,55.1,220,88.8,19.7,39.9,10.5,37.3,68.7,20.1,32.0,36.4,63.6,6.5,79.9,25.5,0.045689486
514,"Lorenzen, Michael",547179,2024,130.1,468,88.5,15.1,32.2,8.0,39.4,67.7,16.8,23.9,38.2,61.1,7.7,83.2,22.8,0.044834293
374,"Singer, Brady",663903,2024,179.2,693,88.9,8.9,35.6,8.0,41.7,64.9,13.7,26.1,51.4,48.4,6.6,86.3,25.1,0.044734664
107,"Wicks, Jordan",696136,2024,46.0,189,89.4,14.9,35.8,8.8,39.9,72.2,15.3,31.7,38.8,59.9,6.6,84.7,23.4,0.04467516
172,"Contreras, Roansy",672710,2024,68.1,259,89.8,11.3,32.9,9.7,43.5,65.9,13.2,28.1,40.1,59.9,8.7,86.0,20.9,0.044499245
263,"Taillon, Jameson",592791,2024,165.1,633,89.7,15.9,32.2,7.2,38.8,65.6,12.1,27.8,39.9,59.7,9.1,87.6,19.5,0.044499245
490,"Falter, Bailey",663559,2024,142.1,531,90.1,17.0,36.6,9.0,41.3,67.8,13.7,27.8,36.4,62.5,8.5,85.9,19.6,0.044499245
274,"Mikolas, Miles",571945,2024,171.2,683,88.8,13.6,38.1,8.1,42.3,66.5,12.5,27.9,28.7,70.9,9.1,87.5,16.4,0.044499245
5,"Germán, Domingo",593334,2024,20.2,84,88.9,23.7,34.8,7.6,36.4,70.6,11.2,29.1,40.4,57.9,8.3,88.0,20.3,0.044499245
195,"Blach, Ty",621389,2024,71.1,301,90.7,13.2,37.8,12.2,42.6,69.2,10.5,29.3,25.8,74.2,9.4,89.0,14.8,0.044499245
17,"Sammons, Bryan",676614,2024,27.1,94,87.4,27.0,36.8,9.2,31.6,67.6,12.8,33.9,43.8,56.3,7.2,87.2,23.3,0.044298824
55,"Poche, Colin",621363,2024,37.1,138,91.1,20.3,28.0,8.4,42.1,71.5,17.3,25.4,40.0,60.0,7.6,82.2,23.4,0.0442531
301,"Hoeing, Bryan",663773,2024,53.2,196,90.9,7.2,36.6,7.8,45.8,61.6,14.9,28.3,40.2,59.8,7.0,84.7,22.5,0.04420467
63,"Wrobleski, Justin",680736,2024,36.1,137,90.0,21.7,44.1,11.7,36.9,66.3,16.7,24.5,38.6,61.4,9.3,83.3,22.3,0.04411202
21,"Garabito, Gerson",642520,2024,26.1,96,87.7,16.6,44.2,11.7,35.1,63.4,12.1,28.0,38.9,61.1,6.5,87.2,20.8,0.04407289
237,"Pérez, Martín",527048,2024,135.0,533,89.0,11.2,34.3,8.6,41.5,64.7,13.7,28.0,37.1,62.2,6.3,85.8,21.0,0.04407289
395,"Criswell, Cooper",681867,2024,99.1,377,89.3,9.7,33.2,7.0,37.4,62.2,12.9,28.5,26.0,74.0,5.6,87.1,17.2,0.04407289
270,"Keller, Mitch",656605,2024,178.0,697,88.8,12.4,38.0,7.2,39.3,64.8,14.4,28.3,39.7,60.0,8.1,85.4,21.5,0.04407289
277,"Lugo, Seth",607625,2024,206.2,773,88.5,10.7,32.8,8.0,39.0,65.1,13.9,27.9,42.7,56.8,7.2,85.4,22.5,0.04407289
256,"Civale, Aaron",650644,2024,161.0,627,89.4,17.2,36.5,7.3,39.4,64.4,13.3,27.6,40.1,59.4,6.2,86.1,21.9,0.04407289
187,"Hjelle, Sean",663546,2024,80.2,314,88.7,2.3,29.6,5.3,37.4,62.8,12.6,26.6,43.3,56.7,7.8,86.4,21.4,0.04346771
103,"Scott, Christian",681035,2024,47.1,180,89.2,22.1,37.1,10.5,35.7,74.8,16.7,25.7,37.1,62.9,8.3,83.0,21.6,0.04271072
15,"Rodríguez, Yerry",666720,2024,21.2,88,90.8,16.1,35.6,12.3,49.3,74.9,18.3,22.4,34.7,63.3,6.8,81.1,22.1,0.04271072
269,"Canning, Griffin",656288,2024,171.2,656,90.5,14.3,32.4,8.6,41.9,70.2,14.3,29.2,45.9,53.9,6.4,85.4,24.5,0.042336296
62,"Bielak, Brandon",656232,2024,29.2,125,89.2,15.4,36.0,9.9,38.7,72.0,12.0,23.7,30.3,69.7,6.3,88.0,17.2,0.04161989
512,"López, Jorge",605347,2024,53.0,196,88.7,9.1,28.1,8.2,39.7,59.9,15.0,24.6,45.2,53.8,8.2,84.3,23.1,0.041349668
352,"Bernardino, Brennan",657514,2024,51.0,195,88.0,8.4,33.8,7.0,37.3,62.6,18.1,23.5,33.7,66.3,9.4,81.6,21.8,0.04106742
452,"Waldron, Matt",663362,2024,146.2,568,88.1,16.4,33.9,7.0,35.0,65.0,16.3,25.0,32.9,67.1,8.1,83.2,20.8,0.04106742
311,"Miller, Bryce",682243,2024,180.1,654,90.3,16.3,32.8,9.7,41.2,69.8,17.3,27.0,43.5,56.5,7.2,82.4,24.4,0.040828552
153,"Birdsong, Hayden",806185,2024,72.0,264,92.0,13.8,32.8,8.9,50.0,63.1,18.3,25.9,52.5,47.0,7.3,80.9,29.8,0.040828552
360,"Matz, Steven",571927,2024,44.1,171,87.6,12.3,44.3,7.9,30.7,68.1,14.9,25.2,28.4,71.6,7.7,85.1,18.1,0.040681135
330,"Blalock, Bradley",687134,2024,30.2,126,90.5,14.3,42.5,10.4,47.2,68.4,15.9,23.2,35.5,64.5,7.6,84.1,20.6,0.040681135
209,"Wilson, Bryse",669060,2024,104.2,405,89.7,16.7,37.5,9.2,44.3,68.1,15.9,25.6,35.9,64.1,8.2,83.6,20.8,0.040681135
111,"Kelly, Zack",677161,2024,56.2,212,87.2,12.0,35.1,9.9,31.1,66.9,21.0,26.7,45.4,54.6,7.4,78.7,28.1,0.04042097
210,"Vásquez, Randy",681190,2024,98.0,391,88.7,15.0,38.7,8.7,39.6,70.6,12.3,27.2,37.1,62.9,7.2,87.0,18.9,0.040368732
114,"Suarez, José",660761,2024,52.1,208,89.0,13.4,37.3,8.5,47.7,68.1,16.0,28.9,48.4,50.3,5.9,82.9,27.5,0.040127177
148,"Stratton, Chris",608717,2024,58.1,214,87.1,11.0,39.0,8.5,37.9,63.3,14.7,24.4,34.6,65.4,5.8,85.3,20.6,0.039723713
50,"Aguiar, Julian",687924,2024,31.2,123,88.9,18.0,31.7,11.5,35.6,72.8,15.7,25.2,27.7,70.8,9.6,84.3,18.6,0.03967503
91,"Weems, Jordan",607179,2024,41.2,170,89.7,15.1,33.3,8.9,43.0,71.6,14.6,25.6,37.0,63.0,9.1,84.6,20.3,0.03967503
66,"Mazur, Adam",800049,2024,33.2,133,90.7,19.6,38.1,6.2,38.9,69.2,11.9,20.7,38.1,60.3,7.9,88.1,18.4,0.039398517
226,"Irvin, Cole",608344,2024,111.0,450,89.9,15.3,38.8,12.7,40.9,66.4,12.8,25.5,30.7,68.3,8.7,86.9,17.0,0.039398517
193,"Ashcraft, Graham",668933,2024,77.1,316,90.6,8.8,31.9,7.7,42.7,72.3,13.2,26.2,46.6,52.3,7.6,86.8,22.1,0.039081495
86,"Medina, Luis",665622,2024,40.0,156,89.5,16.3,31.5,8.7,44.9,71.1,10.5,25.8,43.0,57.0,9.9,89.1,19.2,0.039081495
423,"Knack, Landon",689017,2024,69.0,264,90.6,21.1,35.7,10.2,43.9,67.0,17.4,25.7,37.3,62.7,8.4,82.3,23.1,0.03879972
275,"Corbin, Patrick",571578,2024,174.2,697,90.8,10.0,37.3,8.3,46.7,69.1,12.6,29.8,42.5,57.5,6.8,87.1,22.4,0.038681857
154,"Foley, Jason",671345,2024,60.0,224,89.5,7.5,36.8,6.6,41.2,68.3,15.2,25.4,45.6,53.4,8.3,84.8,22.3,0.03825841
362,"Fairbanks, Pete",664126,2024,45.1,166,89.1,15.3,31.5,5.6,41.1,63.3,15.0,22.7,44.4,55.6,7.5,84.6,21.8,0.037863962
173,"Harris, Hogan",663687,2024,72.1,266,88.9,15.6,36.5,7.2,39.4,61.6,14.6,23.7,40.9,59.1,7.0,85.1,21.1,0.037586026
282,"Oller, Adam",670124,2024,42.1,165,90.4,18.2,28.7,8.5,38.8,63.0,12.5,26.1,40.4,58.6,7.7,87.0,21.5,0.03729647
82,"Bird, Jake",656234,2024,40.0,154,88.3,11.3,30.4,8.8,41.6,62.6,13.7,26.2,41.8,58.2,8.9,85.8,22.2,0.03729647
268,"Gausman, Kevin",592332,2024,181.0,693,90.2,16.1,35.5,9.7,42.4,71.1,15.9,29.8,39.1,60.0,7.1,83.5,23.4,0.03728932
419,"Cannon, Jonathan",686563,2024,124.1,475,89.0,14.6,38.3,7.3,36.3,67.2,14.9,28.6,36.6,63.4,7.8,84.7,21.8,0.03697222
231,"Myers, Tobias",668964,2024,138.0,520,89.8,16.4,36.4,8.0,38.7,69.8,15.4,28.6,36.1,63.6,7.2,84.6,21.3,0.03697222
88,"Dubin, Shawn",681869,2024,45.1,176,89.5,12.1,31.5,7.7,42.3,63.2,18.9,23.5,44.7,55.3,8.0,81.1,26.3,0.036971502
446,"Stripling, Ross",548389,2024,85.1,353,88.3,13.6,39.8,6.8,35.3,65.6,12.6,29.2,27.1,72.9,7.4,86.9,16.9,0.03686117
225,"Freeland, Kyle",607536,2024,113.1,460,90.3,15.2,34.7,10.6,40.7,70.6,9.8,28.9,35.3,64.7,7.1,89.7,17.1,0.03686117
188,"Povich, Cade",700249,2024,79.2,313,88.4,17.8,32.5,8.9,36.6,67.1,16.5,26.1,38.1,61.9,8.2,83.5,22.3,0.036803022
273,"Irvin, Jake",663623,2024,187.2,710,88.8,11.4,33.0,9.2,39.1,67.1,15.6,26.8,41.9,57.6,8.6,84.0,22.3,0.036803022
398,"McCaughan, Darren",670766,2024,42.0,171,89.1,19.5,37.0,8.2,39.0,64.2,13.0,23.0,23.7,76.3,8.8,87.0,15.5,0.03639729
349,"Zerpa, Angel",672582,2024,53.2,216,90.3,2.8,27.8,7.1,43.8,61.4,13.2,20.4,26.7,72.1,10.0,85.6,16.0,0.03639729
201,"Hudson, Dakota",641712,2024,89.0,346,89.9,7.6,31.7,6.3,42.0,63.9,11.7,21.2,38.4,61.6,6.8,87.7,18.6,0.03639729
336,"Assad, Javier",665871,2024,147.0,562,89.1,13.3,36.0,8.8,39.8,62.4,12.6,23.4,31.4,68.0,7.8,86.9,17.9,0.03639729
235,"Abbott, Andrew",671096,2024,138.0,529,88.2,21.3,36.6,9.3,33.5,68.5,15.8,26.3,40.8,59.2,7.8,83.3,22.6,0.036304343
367,"Bellozo, Valente",678368,2024,68.2,270,90.0,22.2,34.2,11.0,42.1,68.4,16.3,22.5,29.3,70.7,7.9,83.2,19.5,0.034329828
289,"Bassitt, Chris",605135,2024,171.0,667,87.8,14.3,36.3,7.5,37.1,65.4,17.0,24.6,34.2,65.6,8.0,82.7,21.7,0.034076914
246,"Quantrill, Cal",615698,2024,148.1,571,89.1,11.1,37.1,7.3,41.2,69.7,16.7,24.1,34.4,64.7,6.6,83.1,21.6,0.034076914
319,"Rosenberg, Kenny",670046,2024,24.0,96,90.3,17.1,36.7,10.1,38.0,69.5,17.0,24.0,37.5,60.4,7.2,83.0,22.2,0.034076914
259,"Stroman, Marcus",573186,2024,154.2,603,89.3,9.9,35.5,6.7,40.2,66.4,11.2,26.5,38.5,61.5,5.9,88.7,20.4,0.0340219
411,"Black, Mason",696131,2024,36.1,149,89.8,18.4,37.5,10.0,40.8,68.1,11.4,27.4,28.9,71.1,6.2,88.2,16.4,0.0340219
415,"Woodford, Jake",663765,2024,35.0,153,88.9,14.5,38.8,7.8,39.5,65.7,8.5,22.8,29.6,70.4,6.0,91.0,14.0,0.03319894
422,"Lawrence, Justin",664875,2024,59.2,233,90.0,5.7,32.5,7.7,42.3,64.4,14.9,23.9,41.8,58.2,7.6,85.1,22.6,0.032548737
359,"Vodnik, Victor",680767,2024,73.2,280,91.3,4.5,27.6,7.8,49.3,67.0,15.4,22.8,39.2,60.1,7.2,84.1,21.8,0.0316346
304,"Kelly, Joe",523260,2024,32.0,119,88.7,8.0,33.7,12.8,43.0,68.3,15.3,23.7,43.1,55.4,9.4,84.7,22.4,0.0316346
409,"Jarvis, Bryce",686826,2024,59.1,218,90.5,11.4,34.1,7.1,40.1,70.1,15.0,25.7,41.3,57.9,9.4,84.5,21.8,0.0316346
116,"Bivens, Spencer",702352,2024,48.2,188,88.7,8.7,28.1,7.8,36.6,65.8,15.7,23.5,28.2,71.8,9.2,84.0,18.7,0.0316346
285,"Fedde, Erick",607200,2024,177.1,661,88.6,14.9,32.4,7.6,37.7,68.4,15.3,24.4,37.9,61.6,6.7,84.3,21.6,0.0316346
338,"Rea, Colin",607067,2024,167.2,656,90.4,15.2,36.3,8.7,42.0,67.7,15.3,24.5,30.9,68.8,8.0,84.7,19.3,0.031400893
444,"Cecconi, Slade",677944,2024,77.0,313,89.0,17.9,36.0,10.3,36.4,68.0,15.2,24.6,35.0,64.3,8.7,84.6,19.6,0.031400893
230,"Ortiz, Luis",682847,2024,135.2,500,89.0,13.9,34.9,8.8,37.7,69.9,14.5,24.5,40.7,59.3,8.3,85.2,21.0,0.031400893
175,"McKenzie, Triston",663474,2024,75.2,288,90.7,20.0,31.6,13.0,41.9,64.3,12.4,22.2,52.0,48.0,8.4,87.1,23.1,0.031281248
497,"Rogers, Trevor",669432,2024,124.1,491,90.7,10.4,33.3,8.4,44.4,67.2,13.6,27.2,37.3,62.7,7.0,86.1,20.9,0.031157445
368,"Keller, Brad",641745,2024,41.1,175,88.6,8.8,30.1,10.5,39.2,67.0,13.6,27.0,37.7,62.3,6.7,86.0,21.1,0.031157445
200,"Spiers, Carson",686730,2024,90.2,377,88.9,17.4,36.2,10.4,38.9,67.2,13.6,26.1,44.4,54.0,7.3,85.6,21.4,0.031157445
202,"Montero, Keider",672456,2024,98.1,378,88.9,15.5,34.6,7.6,37.9,67.4,13.4,26.6,44.8,53.6,8.4,86.0,21.5,0.031157445
204,"Paxton, James",572020,2024,100.1,379,90.5,16.0,32.6,8.0,43.1,69.3,12.5,25.8,43.3,56.3,6.5,87.3,21.1,0.031157445
431,"Winckowski, Josh",670174,2024,76.0,298,88.5,7.1,34.1,6.1,43.1,66.3,14.4,27.5,38.3,61.1,7.7,85.6,20.9,0.031157445
203,"Allen, Logan",671106,2024,97.1,383,91.0,13.4,36.0,11.4,46.4,69.1,14.0,23.5,40.1,59.9,7.3,85.6,21.2,0.030401597
333,"Hudson, Bryan",663542,2024,62.1,208,87.8,14.2,35.8,6.8,36.5,66.5,13.9,24.7,46.6,53.4,11.0,85.3,21.5,0.030401597
510,"Houser, Adrian",605288,2024,69.1,272,91.0,9.3,29.8,8.8,40.4,66.1,11.7,22.3,38.2,61.8,7.4,88.0,18.2,0.030401597
243,"Lively, Ben",594902,2024,151.0,577,90.2,14.0,30.7,6.5,41.5,68.4,13.0,24.3,34.5,65.2,7.1,86.3,18.6,0.030401597
335,"Buehler, Walker",621111,2024,75.1,308,88.3,10.8,36.2,6.9,37.8,65.6,12.3,24.5,39.1,60.9,7.2,87.0,19.4,0.030401597
329,"Bowman, Matt",621199,2024,30.2,117,89.3,8.4,36.6,11.8,40.9,66.5,12.6,21.7,35.7,64.3,6.8,87.4,18.6,0.030401597
346,"Sánchez, Sixto",664350,2024,35.2,142,90.0,10.4,29.7,6.3,43.8,67.1,9.5,22.8,25.8,74.2,7.2,90.1,13.2,0.030401597
361,"Henry, Tommy",674072,2024,38.1,157,91.3,13.1,34.6,11.5,46.2,69.5,10.4,22.9,36.7,63.3,7.9,89.6,16.7,0.030401597
