,"last_name, first_name",player_id,year,great_season,player_age,p_game,p_formatted_ip,pa,ab,hit,single,double,triple,home_run,strikeout,walk,k_percent,bb_percent,batting_avg,slg_percent,on_base_percent,on_base_plus_slg,p_era,p_quality_start,xba,xslg,woba,xwoba,xobp,xiso,exit_velocity_avg,launch_angle_avg,sweet_spot_percent,barrel_batted_rate,hard_hit_percent,z_swing_percent,z_swing_miss_percent,oz_swing_percent,oz_swing_miss_percent,oz_contact_percent,meatball_percent,iz_contact_percent,whiff_percent,n_ff_formatted,ff_avg_speed,ff_avg_spin,ff_avg_break_x,ff_avg_break_z,ff_avg_break,n_sl_formatted,sl_avg_speed,sl_avg_spin,sl_avg_break_x,sl_avg_break_z,sl_avg_break,n_ch_formatted,ch_avg_speed,ch_avg_spin,ch_avg_break_x,ch_avg_break_z,ch_avg_break,n_cukc_formatted,cu_avg_speed,cu_avg_spin,cu_avg_break_x,cu_avg_break_z,cu_avg_break,n_sift_formatted,si_avg_speed,si_avg_spin,si_avg_break_x,si_avg_break_z,si_avg_break,n_fc_formatted,fc_avg_speed,fc_avg_spin,fc_avg_break_x,fc_avg_break_z,fc_avg_break,n_fs_formatted,fs_avg_speed,fs_avg_spin,fs_avg_break_x,fs_avg_break_z,fs_avg_break,Cluster
305,"Cole, Gerrit",543037,2023,1,32,33,209.0,821,761,157,110,26,1,20,222,48,27.0,5.8,0.206,0.322,0.259,0.581,2.63,24,0.233,0.379,0.256,0.289,0.284,0.146,89.2,14.8,33.7,7.6,39.2,70.5,19.4,29.9,41.5,57.9,7.5,80.6,26.0,53.0,96.7,2412.0,-8.4,-12.0,19.4,20.8,89.1,2542.0,4.7,-32.6,5.7,7.1,89.1,1581.0,-14.2,-24.4,17.7,12.1,82.9,2783.0,10.1,-53.9,17.2,0.0,0.0,0.0,0.0,0.0,0.0,7.0,92.7,2511.0,2.8,-20.8,11.4,0.0,0.0,0.0,0.0,0.0,0.0,8
306,"Gray, Sonny",543243,2023,1,33,32,184.0,754,689,156,111,34,3,8,183,55,24.3,7.3,0.226,0.319,0.288,0.607,2.79,17,0.244,0.364,0.27,0.296,0.306,0.12,89.1,9.6,32.9,6.9,39.2,67.5,15.0,28.4,51.4,47.7,8.4,84.6,26.0,27.2,92.9,2537.0,0.5,-19.0,12.7,0.0,0.0,0.0,0.0,0.0,0.0,6.7,87.9,1715.0,-13.6,-29.6,15.2,16.8,79.6,2644.0,12.9,-58.1,19.4,15.7,92.8,2443.0,-10.7,-22.1,14.5,13.1,87.6,2712.0,5.4,-34.6,6.5,0.0,0.0,0.0,0.0,0.0,0.0,6
307,"Gausman, Kevin",592332,2023,1,32,31,185.0,763,700,163,100,43,1,19,237,55,31.1,7.2,0.233,0.379,0.291,0.67,3.16,20,0.235,0.402,0.292,0.303,0.294,0.167,89.4,12.3,36.9,9.9,43.3,68.2,19.9,32.6,45.8,54.0,7.3,79.9,28.9,50.8,94.7,2278.0,-10.6,-13.8,20.1,10.2,84.0,2236.0,1.0,-34.2,5.2,0.0,0.0,0.0,0.0,0.0,0.0,0.0,0.0,0.0,0.0,0.0,0.0,0.0,0.0,0.0,0.0,0.0,0.0,0.0,0.0,0.0,0.0,0.0,0.0,38.4,86.3,1787.0,-16.3,-32.2,17.2,1
308,"Snell, Blake",605483,2023,1,30,32,180.0,742,636,115,78,22,0,15,234,99,31.5,13.3,0.181,0.286,0.293,0.579,2.25,20,0.208,0.35,0.266,0.301,0.318,0.143,87.2,10.6,37.0,7.4,33.8,65.6,23.8,27.9,58.4,41.2,5.1,76.2,37.3,48.6,95.5,2430.0,4.6,-11.4,19.4,13.1,88.4,2345.0,-3.0,-28.0,8.2,18.4,86.7,1796.0,12.8,-25.5,17.0,19.8,81.0,2399.0,-12.6,-52.6,16.4,0.0,0.0,0.0,0.0,0.0,0.0,0.0,0.0,0.0,0.0,0.0,0.0,0.0,0.0,0.0,0.0,0.0,0.0,4
309,"Steele, Justin",657006,2023,1,27,30,173.1,716,666,167,117,34,2,14,176,36,24.6,5.0,0.251,0.371,0.295,0.666,3.06,20,0.25,0.365,0.291,0.29,0.295,0.116,87.8,9.3,33.4,5.4,36.6,71.5,15.7,31.9,44.6,55.1,8.1,84.2,23.8,62.6,91.8,2402.0,-1.3,-21.5,11.0,33.9,83.3,2658.0,-14.1,-39.9,14.4,1.0,87.5,1745.0,11.0,-28.2,13.5,0.7,80.7,2681.0,-10.6,-52.2,15.1,1.8,92.2,2396.0,8.3,-20.9,14.4,0.0,0.0,0.0,0.0,0.0,0.0,0.0,0.0,0.0,0.0,0.0,0.0,9
310,"Webb, Logan",657277,2023,1,26,33,216.0,850,811,201,143,34,4,20,194,31,22.8,3.6,0.248,0.374,0.28,0.654,3.25,24,0.255,0.395,0.283,0.295,0.287,0.14,90.7,0.6,28.4,6.9,46.0,62.4,11.1,32.5,39.0,61.0,6.8,88.4,20.7,3.7,92.6,1980.0,-9.8,-21.7,14.2,21.2,84.3,2559.0,12.3,-38.0,12.7,41.6,87.5,1476.0,-11.3,-40.0,12.4,0.0,0.0,0.0,0.0,0.0,0.0,33.6,92.3,1874.0,-16.0,-31.3,16.2,0.0,0.0,0.0,0.0,0.0,0.0,0.0,0.0,0.0,0.0,0.0,0.0,9
311,"Gallen, Zac",668678,2023,1,27,34,210.0,846,790,188,121,42,3,22,220,47,26.0,5.6,0.238,0.382,0.284,0.666,3.47,20,0.254,0.427,0.289,0.314,0.3,0.173,91.5,12.3,36.4,9.2,46.2,65.2,14.7,30.0,50.3,49.7,6.1,85.0,26.3,49.3,93.6,2296.0,-2.9,-14.4,17.3,3.4,87.5,2433.0,5.5,-34.7,6.3,13.9,86.8,1517.0,-12.6,-32.1,13.6,22.7,82.5,2463.0,4.0,-51.0,11.6,0.4,92.6,2345.0,-10.4,-13.9,21.2,10.3,90.0,2343.0,3.5,-25.3,9.6,0.0,0.0,0.0,0.0,0.0,0.0,1
312,"Kirby, George",669923,2023,1,25,31,190.2,757,727,179,122,28,7,22,172,19,22.7,2.5,0.246,0.395,0.27,0.665,3.35,20,0.262,0.425,0.284,0.305,0.286,0.163,89.2,12.4,32.0,7.5,40.9,70.9,17.2,32.9,39.1,60.7,8.6,82.4,22.9,39.4,96.1,2209.0,-8.3,-14.4,17.4,19.8,86.2,2335.0,11.0,-39.2,11.8,1.7,86.6,1521.0,-16.0,-31.3,16.9,11.4,81.8,2343.0,9.2,-53.9,15.9,21.6,95.8,2227.0,-15.8,-19.4,19.0,0.0,0.0,0.0,0.0,0.0,0.0,6.1,84.8,799.0,-10.3,-37.5,11.1,9
313,"Senga, Kodai",673540,2023,1,30,29,166.1,694,606,126,88,21,0,17,202,77,29.1,11.1,0.208,0.327,0.301,0.628,2.98,16,0.225,0.365,0.282,0.304,0.316,0.14,89.0,12.8,31.5,6.8,40.6,66.8,17.5,27.4,54.0,45.3,6.3,82.3,29.7,48.6,95.6,2283.0,-8.0,-13.5,18.5,7.7,84.6,2479.0,1.6,-36.6,4.0,0.0,0.0,0.0,0.0,0.0,0.0,3.4,72.7,2492.0,3.5,-63.5,12.1,0.0,0.0,0.0,0.0,0.0,0.0,32.5,90.8,2499.0,0.7,-23.4,10.0,0.0,0.0,0.0,0.0,0.0,0.0,6
314,"Bradish, Kyle",680694,2023,1,26,30,168.2,671,615,132,90,27,1,14,168,44,25.0,6.6,0.215,0.33,0.275,0.605,2.83,18,0.239,0.388,0.268,0.3,0.298,0.15,90.0,6.6,33.3,6.9,42.0,64.2,13.5,27.7,54.2,45.3,7.4,86.2,25.9,22.4,94.5,2383.0,2.9,-17.8,13.2,31.2,88.1,2650.0,12.5,-35.4,12.8,8.4,90.8,1383.0,-12.2,-25.4,14.6,17.3,84.8,2615.0,5.5,-51.0,14.1,20.6,95.0,2217.0,-11.1,-18.9,16.2,0.0,0.0,0.0,0.0,0.0,0.0,0.0,0.0,0.0,0.0,0.0,0.0,6
315,"Verlander, Justin",434378,2023,1,40,27,162.1,669,615,139,89,30,2,18,144,45,21.5,6.7,0.226,0.369,0.283,0.652,3.22,14,0.229,0.391,0.284,0.295,0.287,0.163,90.0,18.9,30.5,8.2,41.3,68.0,16.5,30.6,36.1,63.9,8.1,83.4,22.5,50.0,94.3,2428.0,-8.0,-12.2,20.5,25.3,86.9,2512.0,4.4,-32.4,6.5,4.7,85.2,1824.0,-15.4,-28.9,18.0,20.0,78.2,2716.0,7.0,-58.2,15.1,0.0,0.0,0.0,0.0,0.0,0.0,0.0,0.0,0.0,0.0,0.0,0.0,0.0,0.0,0.0,0.0,0.0,0.0,9
316,"Kelly, Merrill",518876,2023,1,34,30,177.2,721,645,143,90,30,3,20,187,68,25.9,9.4,0.222,0.371,0.299,0.67,3.29,18,0.244,0.389,0.294,0.313,0.32,0.145,89.6,11.8,35.1,7.8,41.8,68.3,18.1,32.9,42.3,57.1,6.4,81.3,27.0,30.0,92.2,2345.0,-7.4,-17.4,16.5,5.5,85.4,2320.0,1.6,-34.3,4.1,23.1,88.7,2138.0,-15.7,-33.8,15.8,11.0,82.1,2569.0,8.9,-51.0,13.8,12.2,92.4,2204.0,-15.5,-25.7,17.0,18.1,90.8,2350.0,-1.3,-20.6,12.6,0.0,0.0,0.0,0.0,0.0,0.0,8
317,"Wheeler, Zack",554430,2023,1,33,32,192.0,787,734,168,111,35,2,20,212,39,26.9,5.0,0.229,0.364,0.274,0.638,3.61,21,0.229,0.351,0.277,0.277,0.277,0.122,86.9,14.2,35.1,5.1,36.4,70.6,20.2,32.1,46.9,52.9,6.8,79.6,28.6,43.4,95.8,2495.0,-6.3,-14.5,16.7,0.0,0.0,0.0,0.0,0.0,0.0,0.4,90.8,1796.0,-15.1,-22.7,18.5,11.4,81.4,2742.0,10.0,-51.7,14.5,18.1,95.2,2315.0,-15.6,-22.0,17.8,14.4,90.9,2571.0,2.5,-27.0,7.3,0.0,0.0,0.0,0.0,0.0,0.0,8
318,"Nola, Aaron",605400,2023,1,30,32,193.2,793,741,178,108,35,3,32,202,45,25.5,5.7,0.24,0.425,0.283,0.708,4.46,15,0.24,0.407,0.303,0.298,0.284,0.167,89.3,12.7,36.3,8.3,38.5,64.5,16.9,34.7,42.0,58.0,6.5,82.8,26.0,29.3,92.7,2305.0,-12.2,-16.7,19.6,0.0,0.0,0.0,0.0,0.0,0.0,12.6,85.9,1558.0,-14.8,-32.4,15.8,31.6,79.4,2591.0,12.5,-54.8,16.8,19.0,91.8,2221.0,-17.4,-23.5,19.7,7.5,86.3,2266.0,0.8,-30.2,6.8,0.0,0.0,0.0,0.0,0.0,0.0,9
319,"Eflin, Zach",621107,2023,1,29,31,177.2,703,671,158,104,31,4,19,186,24,26.5,3.4,0.235,0.379,0.264,0.643,3.5,17,0.222,0.378,0.276,0.27,0.252,0.157,87.5,9.1,29.2,9.0,35.1,64.4,16.8,34.0,38.8,60.5,6.8,82.8,24.0,6.2,92.9,2218.0,-7.8,-17.7,16.3,0.3,84.1,2292.0,5.8,-38.2,6.1,5.1,86.4,1615.0,-15.8,-32.0,16.7,26.5,79.1,2502.0,11.5,-51.3,13.9,31.9,92.2,2100.0,-16.7,-26.4,17.9,26.1,88.5,2236.0,2.4,-26.3,9.2,0.0,0.0,0.0,0.0,0.0,0.0,9
320,"Castillo, Luis",622491,2023,1,30,33,197.0,802,735,160,91,36,5,28,219,56,27.3,7.0,0.218,0.395,0.276,0.671,3.34,18,0.23,0.408,0.289,0.302,0.288,0.179,90.0,15.9,31.0,9.4,41.8,73.4,22.9,31.3,48.2,51.8,7.4,76.7,30.6,44.4,96.3,2287.0,-12.0,-16.0,18.2,22.1,85.7,2347.0,1.1,-36.9,2.7,15.6,88.3,1906.0,-17.8,-33.7,18.0,0.0,0.0,0.0,0.0,0.0,0.0,17.9,95.9,2098.0,-18.5,-25.0,19.2,0.0,0.0,0.0,0.0,0.0,0.0,0.0,0.0,0.0,0.0,0.0,0.0,4
321,"Lopez, Pablo",641154,2023,1,27,32,194.0,801,738,176,121,26,5,24,234,48,29.2,6.0,0.238,0.385,0.292,0.677,3.66,20,0.216,0.34,0.294,0.269,0.272,0.124,87.1,12.6,32.4,6.3,34.8,69.2,21.4,34.3,48.0,52.0,7.5,78.0,30.3,34.5,94.9,2262.0,-5.0,-16.0,15.3,0.0,0.0,0.0,0.0,0.0,0.0,21.1,88.4,2067.0,-16.5,-29.2,17.6,12.5,82.5,2655.0,9.0,-50.6,13.9,10.6,94.5,2114.0,-14.2,-22.4,16.5,0.0,0.0,0.0,0.0,0.0,0.0,0.0,0.0,0.0,0.0,0.0,0.0,8
322,"Cease, Dylan",656302,2023,1,27,33,177.0,784,689,172,112,32,9,19,214,79,27.3,10.1,0.25,0.405,0.332,0.737,4.58,12,0.241,0.381,0.321,0.313,0.327,0.14,90.0,15.4,36.8,6.2,41.6,68.6,18.7,28.2,55.3,44.5,6.9,81.1,31.0,43.2,95.6,2519.0,-3.2,-11.2,19.2,38.6,86.3,2795.0,2.5,-34.7,3.9,3.0,74.6,1678.0,-7.0,-33.3,17.4,15.2,80.2,2641.0,3.6,-58.5,16.3,0.0,0.0,0.0,0.0,0.0,0.0,0.0,0.0,0.0,0.0,0.0,0.0,0.0,0.0,0.0,0.0,0.0,0.0,6
324,"Montgomery, Jordan",656756,2023,1,30,32,188.2,777,718,177,111,45,3,18,166,48,21.4,6.2,0.247,0.393,0.295,0.688,3.2,20,0.253,0.408,0.298,0.308,0.303,0.155,88.3,12.0,36.3,7.5,37.9,66.4,17.7,30.0,42.7,56.4,6.8,81.9,25.9,10.7,93.3,2343.0,6.1,-15.7,17.0,0.0,0.0,0.0,0.0,0.0,0.0,23.0,83.5,1675.0,9.2,-26.3,16.0,22.2,80.5,2356.0,-3.0,-48.7,7.4,42.6,93.3,2199.0,15.4,-20.9,18.7,1.5,88.2,2374.0,-2.6,-28.1,7.7,0.0,0.0,0.0,0.0,0.0,0.0,8
325,"Valdez, Framber",664285,2023,1,29,31,198.0,808,728,166,107,37,3,19,200,57,24.8,7.1,0.228,0.365,0.29,0.655,3.45,20,0.253,0.41,0.287,0.32,0.317,0.157,91.5,4.2,30.9,8.0,45.6,65.1,13.7,29.0,56.1,43.6,8.4,86.0,26.7,0.0,0.0,0.0,0.0,0.0,0.0,0.0,0.0,0.0,0.0,0.0,0.0,15.7,90.1,1676.0,15.5,-29.1,16.5,24.3,80.2,2846.0,-8.9,-57.5,17.1,46.9,95.3,2187.0,15.8,-20.5,18.8,13.1,85.7,2592.0,-2.7,-38.8,6.1,0.0,0.0,0.0,0.0,0.0,0.0,6
326,"Luzardo, Jesus",666200,2023,1,25,32,178.2,741,677,162,94,43,3,22,208,55,28.1,7.4,0.239,0.409,0.301,0.71,3.58,17,0.235,0.41,0.307,0.307,0.298,0.176,89.5,14.5,34.7,9.5,40.0,67.7,19.7,31.3,54.2,45.8,6.8,80.1,31.4,46.0,96.7,2240.0,14.1,-15.5,20.0,28.9,85.1,2320.0,0.1,-36.3,2.1,21.0,88.3,1968.0,16.2,-28.4,17.7,0.0,0.0,0.0,0.0,0.0,0.0,3.8,96.6,2157.0,17.5,-19.7,20.1,0.4,91.4,2146.0,2.0,-25.8,7.5,0.0,0.0,0.0,0.0,0.0,0.0,1
327,"Burnes, Corbin",669203,2023,1,28,32,193.2,784,704,141,99,19,1,22,200,66,25.5,8.4,0.2,0.324,0.274,0.598,3.39,19,0.224,0.342,0.266,0.285,0.298,0.118,86.4,10.5,31.0,5.3,32.4,65.8,17.9,30.0,48.6,51.0,6.6,82.0,28.7,0.0,0.0,0.0,0.0,0.0,0.0,8.5,86.0,2877.0,12.4,-35.4,12.9,11.2,89.3,2049.0,-13.8,-27.2,15.8,17.1,79.8,2794.0,10.4,-54.0,15.4,7.7,95.3,2489.0,-10.7,-19.1,15.5,55.4,94.4,2655.0,3.1,-19.2,12.0,0.0,0.0,0.0,0.0,0.0,0.0,6
328,"Gilbert, Logan",669302,2023,1,26,32,190.2,770,724,169,102,36,2,29,189,36,24.5,4.7,0.233,0.409,0.27,0.679,3.73,18,0.243,0.41,0.29,0.297,0.28,0.167,90.5,13.6,35.0,9.0,44.6,71.5,18.1,29.8,49.0,50.7,9.1,81.8,26.3,41.9,95.7,2000.0,-6.1,-12.8,18.2,29.7,88.7,2009.0,0.8,-34.4,2.2,0.0,0.0,0.0,0.0,0.0,0.0,13.4,80.3,2324.0,7.1,-55.1,14.7,0.3,92.5,1705.0,-12.7,-19.6,18.6,0.0,0.0,0.0,0.0,0.0,0.0,14.8,85.6,906.0,-7.3,-33.2,9.1,1
329,"Strider, Spencer",675911,2023,1,24,32,186.2,763,696,146,92,29,3,22,281,58,36.8,7.6,0.21,0.355,0.279,0.634,3.86,18,0.205,0.345,0.279,0.273,0.275,0.14,88.5,17.0,40.2,8.2,36.1,70.7,26.5,34.3,65.0,35.0,7.6,73.3,38.6,58.9,97.2,2362.0,-6.1,-10.6,19.5,33.8,85.6,2345.0,5.6,-35.9,6.3,7.3,87.0,2257.0,-14.5,-23.7,19.2,0.0,0.0,0.0,0.0,0.0,0.0,0.0,0.0,0.0,0.0,0.0,0.0,0.0,0.0,0.0,0.0,0.0,0.0,0.0,0.0,0.0,0.0,0.0,0.0,4
333,"Bibee, Tanner",676440,2023,0,24,25,142.0,585,530,122,83,26,0,13,141,45,24.1,7.7,0.23,0.353,0.295,0.648,2.98,11,0.235,0.376,0.285,0.297,0.3,0.14,88.9,16.6,37.8,6.1,38.1,67.4,19.9,27.4,41.5,57.9,7.3,79.8,26.3,47.1,94.9,2301.0,-4.5,-13.9,17.2,27.0,84.7,2794.0,10.4,-39.1,10.9,16.6,83.8,2048.0,-13.4,-25.6,19.0,9.3,78.4,2720.0,10.3,-56.5,15.8,0.0,0.0,0.0,0.0,0.0,0.0,0.0,0.0,0.0,0.0,0.0,0.0,0.0,0.0,0.0,0.0,0.0,0.0,8
336,"Morton, Charlie",450203,2023,0,39,30,163.1,716,615,150,103,30,3,14,183,83,25.6,11.6,0.244,0.371,0.344,0.715,3.64,12,0.248,0.399,0.318,0.33,0.348,0.151,88.9,9.9,36.8,7.8,39.1,60.7,18.5,28.2,56.5,43.5,6.7,80.6,32.2,31.6,94.9,2308.0,-13.2,-19.5,17.3,0.0,0.0,0.0,0.0,0.0,0.0,10.3,86.0,2131.0,-17.2,-36.7,17.3,43.2,82.3,3088.0,13.6,-48.3,15.9,7.0,94.2,2149.0,-17.8,-25.7,18.7,7.9,89.1,2480.0,-0.5,-27.1,7.4,0.0,0.0,0.0,0.0,0.0,0.0,6
337,"Scherzer, Max",453286,2023,0,38,27,152.2,621,570,126,76,22,0,28,174,45,28.0,7.2,0.221,0.407,0.282,0.689,3.77,14,0.207,0.375,0.298,0.281,0.269,0.168,88.5,20.2,32.2,8.5,36.9,70.9,20.9,30.3,47.1,52.9,7.5,78.6,28.6,46.3,93.7,2360.0,-10.8,-15.5,19.3,16.8,84.0,2300.0,3.4,-37.2,4.3,14.1,83.8,1365.0,-14.4,-36.1,14.9,12.4,75.4,2718.0,14.8,-58.1,17.7,0.0,0.0,0.0,0.0,0.0,0.0,10.4,88.4,2399.0,1.5,-27.4,7.9,0.0,0.0,0.0,0.0,0.0,0.0,8
338,"Lynn, Lance",458681,2023,0,36,32,183.2,808,729,189,116,26,3,44,191,67,23.6,8.3,0.259,0.484,0.328,0.812,5.73,13,0.252,0.461,0.347,0.337,0.322,0.209,88.7,17.0,35.2,10.4,39.3,74.1,22.0,28.3,44.7,54.9,6.8,77.5,28.7,43.4,92.4,2425.0,-3.2,-18.4,14.1,6.1,83.0,2463.0,3.7,-42.6,5.4,7.0,84.9,1804.0,-14.1,-31.7,15.6,7.4,80.8,2507.0,14.1,-42.8,14.4,12.7,91.4,2258.0,-11.7,-25.7,13.8,23.2,88.7,2573.0,2.6,-28.8,7.0,0.0,0.0,0.0,0.0,0.0,0.0,1
339,"Kershaw, Clayton",477132,2023,0,35,24,131.2,523,479,100,62,19,0,19,137,40,26.2,7.6,0.209,0.367,0.273,0.64,2.46,11,0.232,0.392,0.28,0.299,0.295,0.16,89.0,11.8,34.7,9.0,39.1,69.3,17.8,30.7,49.8,49.8,7.0,81.9,28.0,36.9,90.7,2325.0,-0.1,-15.1,18.3,43.4,86.5,2475.0,-5.4,-29.8,9.2,1.7,84.6,1780.0,11.5,-23.1,19.1,17.5,73.4,2293.0,-3.9,-66.9,16.3,0.2,90.9,2227.0,8.7,-16.0,19.3,0.0,0.0,0.0,0.0,0.0,0.0,0.2,84.4,1449.0,9.6,-25.8,15.9,1
341,"Cobb, Alex",502171,2023,0,35,28,151.1,646,600,163,107,33,4,19,131,37,20.3,5.7,0.272,0.435,0.319,0.754,3.87,11,0.278,0.444,0.325,0.333,0.326,0.167,89.8,1.3,33.1,7.0,43.4,61.3,12.8,30.5,37.3,62.7,5.4,86.6,21.7,0.3,95.8,2140.0,-6.6,-17.5,14.7,5.1,86.2,2623.0,11.0,-40.1,11.8,0.0,0.0,0.0,0.0,0.0,0.0,16.2,83.6,2668.0,7.8,-52.3,15.3,39.7,94.5,2085.0,-16.0,-23.7,17.6,0.0,0.0,0.0,0.0,0.0,0.0,38.7,89.5,1565.0,-13.1,-32.2,13.6,9
344,"Anderson, Tyler",542881,2023,0,33,27,141.0,629,549,146,84,40,2,20,119,64,18.9,10.2,0.266,0.455,0.346,0.801,5.43,7,0.259,0.434,0.345,0.34,0.343,0.175,87.0,19.1,37.6,8.2,32.3,72.1,21.1,29.5,42.6,57.2,6.8,78.3,27.8,37.3,90.1,2218.0,4.9,-15.1,19.4,0.5,78.3,2344.0,-5.5,-41.8,8.1,33.8,80.0,1861.0,13.0,-31.3,17.5,0.2,73.2,2247.0,-0.5,-59.3,8.6,5.6,88.5,2227.0,17.9,-28.4,19.5,22.4,85.1,2439.0,-3.3,-26.5,11.9,0.0,0.0,0.0,0.0,0.0,0.0,8
345,"Eovaldi, Nathan",543135,2023,0,33,25,144.0,577,521,117,70,27,5,15,132,47,22.9,8.1,0.225,0.382,0.295,0.677,3.63,11,0.238,0.397,0.296,0.308,0.307,0.159,88.9,6.4,30.1,7.9,43.1,70.0,18.8,28.6,42.4,57.3,6.5,80.8,26.3,37.2,95.1,2168.0,-12.5,-16.7,18.6,4.0,83.9,2145.0,6.8,-37.7,7.2,0.0,0.0,0.0,0.0,0.0,0.0,13.5,76.0,1956.0,9.2,-56.2,12.9,0.0,0.0,0.0,0.0,0.0,0.0,17.6,90.6,2325.0,0.6,-23.3,10.3,27.7,87.9,1641.0,-13.4,-33.8,13.7,8
346,"Hendricks, Kyle",543294,2023,0,33,24,137.0,578,542,138,92,30,3,13,93,27,16.1,4.7,0.255,0.393,0.293,0.686,3.74,12,0.269,0.413,0.296,0.313,0.308,0.145,85.2,11.2,33.7,6.2,31.5,62.0,13.7,33.9,32.5,67.5,5.6,85.8,21.1,20.3,87.8,2134.0,-5.0,-20.8,15.6,0.0,0.0,0.0,0.0,0.0,0.0,41.1,80.7,2156.0,-10.4,-33.5,14.3,3.5,73.3,2872.0,15.7,-61.1,18.7,35.1,87.5,2027.0,-12.2,-28.8,14.0,0.0,0.0,0.0,0.0,0.0,0.0,0.0,0.0,0.0,0.0,0.0,0.0,9
348,"Lorenzen, Michael",547179,2023,0,31,29,153.0,624,567,138,91,26,1,20,111,47,17.8,7.5,0.243,0.399,0.302,0.701,4.18,11,0.258,0.442,0.304,0.326,0.316,0.183,90.0,13.8,33.9,8.0,40.2,68.6,15.1,30.1,36.6,63.1,8.5,84.9,21.6,34.7,94.3,2452.0,-11.8,-14.8,20.0,23.2,85.2,2542.0,2.5,-37.6,3.4,21.6,84.5,2094.0,-15.9,-29.1,18.6,1.2,82.3,2624.0,3.7,-52.9,13.3,12.0,93.7,2331.0,-16.0,-19.7,19.7,0.9,90.8,2648.0,-0.2,-25.0,8.4,0.0,0.0,0.0,0.0,0.0,0.0,9
353,"Kikuchi, Yusei",579328,2023,0,32,32,167.2,700,646,165,110,27,1,27,181,48,25.9,6.9,0.255,0.426,0.311,0.737,3.86,9,0.249,0.434,0.319,0.319,0.305,0.185,90.5,13.3,37.7,9.0,42.4,67.0,18.5,29.6,50.4,49.4,8.4,81.4,28.0,45.0,95.1,2340.0,9.8,-14.2,19.0,25.9,88.7,2427.0,-2.5,-31.5,5.2,9.7,88.7,1724.0,9.1,-27.4,12.0,19.3,83.1,2536.0,-6.1,-43.1,7.9,0.0,0.0,0.0,0.0,0.0,0.0,0.0,0.0,0.0,0.0,0.0,0.0,0.0,0.0,0.0,0.0,0.0,0.0,1
354,"Gray, Jon",592351,2023,0,31,29,157.1,656,582,149,110,16,1,22,142,54,21.6,8.2,0.256,0.4,0.325,0.725,4.12,12,0.26,0.415,0.317,0.325,0.33,0.155,89.4,13.4,35.5,6.4,39.5,69.2,17.0,32.1,46.5,52.7,8.2,82.5,26.3,42.4,95.7,2010.0,-10.0,-16.9,16.6,33.5,87.9,2383.0,3.5,-32.1,5.3,11.6,88.8,1455.0,-14.4,-27.9,16.2,6.2,78.2,2499.0,12.2,-53.8,15.2,0.0,0.0,0.0,0.0,0.0,0.0,0.0,0.0,0.0,0.0,0.0,0.0,0.0,0.0,0.0,0.0,0.0,0.0,8
355,"Smyly, Drew",592767,2023,0,34,41,142.1,626,554,147,83,36,2,26,141,56,22.5,8.9,0.265,0.478,0.335,0.813,5.0,5,0.241,0.401,0.348,0.313,0.315,0.16,87.6,19.2,35.9,7.3,33.6,64.4,17.9,31.8,42.7,57.3,7.0,81.7,27.1,0.0,0.0,0.0,0.0,0.0,0.0,0.0,0.0,0.0,0.0,0.0,0.0,0.0,0.0,0.0,0.0,0.0,0.0,49.4,78.6,2120.0,3.2,-46.3,4.3,38.9,91.9,2055.0,8.2,-16.0,18.5,11.7,88.6,2071.0,3.6,-26.4,9.6,0.0,0.0,0.0,0.0,0.0,0.0,8
361,"Pivetta, Nick",601713,2023,0,30,38,142.2,587,528,110,55,31,1,23,183,50,31.2,8.5,0.208,0.402,0.283,0.685,4.04,5,0.223,0.414,0.296,0.308,0.297,0.192,90.5,13.4,40.1,11.8,43.8,65.5,19.3,33.1,49.0,51.0,8.2,80.6,29.6,50.6,94.6,2347.0,-4.0,-10.7,20.5,11.1,86.6,2392.0,6.3,-32.4,8.1,0.0,0.0,0.0,0.0,0.0,0.0,24.7,79.4,2796.0,8.0,-61.3,19.2,0.0,0.0,0.0,0.0,0.0,0.0,7.8,88.3,2421.0,5.5,-30.8,7.3,0.5,84.8,1268.0,-4.7,-31.2,8.8,1
363,"Clevinger, Mike",605182,2023,0,32,24,131.1,549,496,121,75,27,3,16,110,40,20.0,7.3,0.244,0.407,0.31,0.717,3.77,10,0.239,0.403,0.312,0.312,0.307,0.164,88.1,21.4,34.9,7.2,35.9,69.4,15.3,29.0,41.8,58.2,8.0,84.4,23.2,47.7,94.3,2267.0,-7.2,-13.4,19.0,27.2,79.4,2353.0,15.1,-46.3,15.6,12.9,86.1,1530.0,-13.9,-27.8,16.7,1.5,76.0,2212.0,7.8,-64.1,18.1,2.6,93.3,2142.0,-13.7,-17.0,20.0,8.1,85.0,2392.0,4.5,-36.5,5.5,0.0,0.0,0.0,0.0,0.0,0.0,9
367,"Giolito, Lucas",608337,2023,0,28,33,184.1,794,705,169,87,34,7,41,204,73,25.7,9.2,0.24,0.482,0.317,0.799,4.88,15,0.24,0.445,0.339,0.329,0.318,0.206,89.2,18.5,33.3,11.0,41.6,67.6,18.8,27.0,52.6,47.2,7.5,81.0,28.8,41.9,93.1,2173.0,-5.5,-13.5,19.1,28.2,84.0,1978.0,1.6,-38.3,3.0,28.3,80.9,1547.0,-12.8,-30.7,17.0,1.5,77.9,2334.0,6.2,-60.3,16.2,0.0,0.0,0.0,0.0,0.0,0.0,0.0,0.0,0.0,0.0,0.0,0.0,0.0,0.0,0.0,0.0,0.0,0.0,1
368,"Wacha, Michael",608379,2023,0,31,24,134.1,553,505,113,65,32,1,15,124,43,22.4,7.8,0.224,0.38,0.288,0.668,3.22,12,0.25,0.421,0.291,0.318,0.312,0.171,88.1,18.5,38.6,7.3,35.5,65.9,17.1,29.7,41.5,57.6,7.4,82.9,24.6,28.7,92.0,2050.0,-7.3,-13.8,20.1,0.0,0.0,0.0,0.0,0.0,0.0,34.5,81.6,1522.0,-14.0,-31.9,17.8,11.0,74.0,2150.0,12.0,-62.7,17.1,13.4,91.9,1897.0,-14.3,-17.4,20.9,12.4,86.9,2036.0,0.7,-25.1,11.2,0.0,0.0,0.0,0.0,0.0,0.0,9
369,"Berrios, Jose",621244,2023,0,29,32,189.2,782,717,173,113,33,2,25,184,52,23.5,6.6,0.241,0.397,0.3,0.697,3.65,15,0.261,0.437,0.302,0.326,0.318,0.176,88.2,11.8,39.1,8.6,35.8,63.2,16.7,30.5,42.7,57.1,7.3,83.2,25.4,20.4,94.3,2227.0,-8.9,-15.0,18.3,0.0,0.0,0.0,0.0,0.0,0.0,18.5,84.1,1436.0,-14.2,-34.4,15.1,0.0,0.0,0.0,0.0,0.0,0.0,31.5,93.8,2118.0,-15.6,-19.2,19.8,0.0,0.0,0.0,0.0,0.0,0.0,0.0,0.0,0.0,0.0,0.0,0.0,9
370,"Suarez, Ranger",624133,2023,0,27,22,125.0,540,483,129,87,26,3,13,119,48,22.0,8.9,0.267,0.414,0.333,0.747,4.18,11,0.262,0.403,0.325,0.321,0.33,0.141,87.8,8.1,35.3,7.5,36.1,62.1,15.0,29.6,38.0,61.4,5.3,84.5,23.0,21.5,93.4,1976.0,6.8,-18.5,14.7,0.6,83.9,2082.0,-4.9,-37.9,5.3,18.4,82.9,1447.0,13.7,-34.9,14.7,19.0,75.8,2175.0,-11.3,-58.2,15.5,28.0,92.8,1929.0,15.9,-25.8,17.1,12.5,87.6,2059.0,-2.3,-30.6,6.1,0.0,0.0,0.0,0.0,0.0,0.0,9
372,"Ober, Bailey",641927,2023,0,27,26,144.1,577,539,125,78,24,1,22,146,29,25.3,5.0,0.232,0.403,0.279,0.682,3.43,12,0.226,0.412,0.294,0.295,0.274,0.186,88.2,20.0,33.4,9.6,35.7,73.2,22.8,33.5,41.2,58.8,6.4,77.2,28.7,45.7,91.3,2313.0,-7.5,-16.2,18.2,19.6,81.0,2105.0,11.5,-39.7,12.3,28.0,83.7,2084.0,-17.2,-33.7,18.2,6.7,77.5,2182.0,8.8,-54.9,13.1,0.0,0.0,0.0,0.0,0.0,0.0,0.0,0.0,0.0,0.0,0.0,0.0,0.0,0.0,0.0,0.0,0.0,0.0,8
373,"Peralta, Freddy",642547,2023,0,27,30,165.2,680,617,131,75,30,0,26,210,54,30.9,7.9,0.212,0.387,0.282,0.669,3.86,16,0.214,0.361,0.291,0.284,0.284,0.146,87.6,14.6,32.3,8.6,37.7,68.8,24.2,28.8,53.8,46.2,6.5,75.7,33.6,51.2,94.4,2414.0,-6.9,-15.3,17.1,21.7,82.4,2342.0,7.4,-37.4,9.0,14.6,88.6,1707.0,-14.2,-30.2,15.2,12.5,77.0,2177.0,4.2,-51.7,7.2,0.0,0.0,0.0,0.0,0.0,0.0,0.0,0.0,0.0,0.0,0.0,0.0,0.0,0.0,0.0,0.0,0.0,0.0,4
374,"Alcantara, Sandy",645261,2023,0,27,28,184.2,762,700,176,123,30,1,22,151,48,19.8,6.3,0.251,0.391,0.302,0.693,4.14,13,0.265,0.417,0.301,0.32,0.317,0.153,88.8,7.0,31.4,7.0,40.6,72.1,19.0,34.8,39.3,60.1,7.1,80.6,25.2,21.3,98.0,2254.0,-11.9,-15.1,18.1,20.1,89.9,2367.0,0.5,-29.8,4.8,27.3,91.1,1968.0,-16.3,-29.3,16.9,2.2,86.1,2462.0,3.4,-39.6,5.0,29.0,97.6,2329.0,-17.6,-21.4,19.2,0.0,0.0,0.0,0.0,0.0,0.0,0.0,0.0,0.0,0.0,0.0,0.0,3
375,"Civale, Aaron",650644,2023,0,28,23,122.1,504,463,109,75,21,1,12,116,33,23.0,6.5,0.235,0.363,0.293,0.656,3.46,7,0.243,0.379,0.288,0.297,0.3,0.136,89.0,16.0,33.5,6.6,36.4,63.4,15.3,30.3,38.3,61.7,7.3,84.4,22.7,12.3,91.8,2384.0,-5.0,-14.1,19.1,5.6,82.4,2868.0,11.7,-38.5,12.4,0.0,0.0,0.0,0.0,0.0,0.0,24.5,78.1,2985.0,10.9,-61.3,19.4,18.6,92.4,2271.0,-13.9,-19.1,19.1,37.4,87.7,2596.0,3.7,-27.8,9.1,1.7,85.2,2067.0,-16.9,-28.6,19.2,9
376,"Canning, Griffin",656288,2023,0,27,24,127.0,536,493,121,77,19,3,22,139,36,25.9,6.7,0.245,0.43,0.303,0.733,4.32,8,0.236,0.421,0.315,0.309,0.296,0.185,91.0,12.8,31.5,9.8,44.2,66.3,17.5,29.0,56.0,44.0,8.4,82.2,29.1,34.9,94.7,2139.0,-7.4,-14.8,17.5,29.9,88.4,2728.0,0.1,-38.3,4.4,21.3,90.2,1810.0,-16.3,-29.3,17.1,13.4,81.8,2406.0,12.0,-48.3,14.3,0.5,95.0,2056.0,-14.4,-16.9,19.9,0.0,0.0,0.0,0.0,0.0,0.0,0.0,0.0,0.0,0.0,0.0,0.0,1
381,"Ryan, Joe",657746,2023,0,27,29,161.2,672,626,155,92,30,1,32,197,34,29.3,5.1,0.248,0.452,0.29,0.742,4.51,14,0.224,0.403,0.316,0.291,0.271,0.179,90.0,20.4,34.0,8.7,41.6,74.1,22.9,32.9,37.0,63.0,8.5,76.6,26.8,56.9,92.3,2216.0,-10.3,-17.6,18.0,4.5,83.2,2323.0,4.7,-36.1,6.6,0.0,0.0,0.0,0.0,0.0,0.0,0.0,0.0,0.0,0.0,0.0,0.0,0.0,0.0,0.0,0.0,0.0,0.0,0.0,0.0,0.0,0.0,0.0,0.0,27.2,83.9,1439.0,-12.1,-36.5,12.8,3
382,"Ohtani, Shohei",660271,2023,0,28,23,132.0,531,463,85,52,15,0,18,167,55,31.5,10.4,0.184,0.333,0.285,0.618,3.14,12,0.206,0.377,0.277,0.302,0.305,0.171,86.4,11.5,34.0,10.1,35.0,66.0,22.4,25.7,54.1,45.9,8.9,77.2,30.8,32.8,96.8,2260.0,-4.1,-15.1,14.9,0.2,85.5,2593.0,7.3,-45.8,11.2,0.0,0.0,0.0,0.0,0.0,0.0,3.6,75.7,2459.0,11.8,-62.5,18.3,6.0,94.6,2014.0,-14.8,-24.9,16.1,15.7,88.6,2376.0,4.1,-30.4,7.2,6.5,88.6,1305.0,-8.1,-31.0,10.1,1
384,"Sandoval, Patrick",663776,2023,0,26,28,144.2,652,567,145,103,29,1,12,128,74,19.6,11.3,0.256,0.374,0.344,0.718,4.11,8,0.261,0.403,0.318,0.333,0.351,0.142,87.6,9.4,38.0,7.0,35.1,65.8,18.7,29.1,46.2,53.8,7.1,81.1,27.7,25.5,93.0,1989.0,4.4,-14.8,17.5,26.0,87.0,2464.0,-6.2,-32.5,7.8,25.8,83.0,1780.0,14.2,-29.5,17.8,9.0,76.5,2722.0,-8.6,-60.0,15.8,11.2,93.2,1895.0,13.3,-17.9,19.1,0.0,0.0,0.0,0.0,0.0,0.0,0.0,0.0,0.0,0.0,0.0,0.0,8
389,"Gore, MacKenzie",669022,2023,0,24,27,136.1,582,519,134,86,19,2,27,151,57,25.9,9.8,0.258,0.459,0.33,0.789,4.42,8,0.261,0.472,0.339,0.347,0.334,0.212,89.9,14.5,35.1,12.1,43.7,69.3,19.1,29.3,47.2,52.5,8.1,80.9,27.9,59.5,95.0,2286.0,4.2,-12.9,18.1,18.2,88.6,1970.0,-2.5,-28.9,6.5,2.9,86.5,2175.0,14.0,-25.5,18.0,18.8,83.2,2311.0,1.2,-46.3,7.5,0.0,0.0,0.0,0.0,0.0,0.0,0.0,0.0,0.0,0.0,0.0,0.0,0.0,0.0,0.0,0.0,0.0,0.0,1
392,"Oviedo, Johan",670912,2023,0,25,32,177.2,781,678,161,96,41,5,19,158,83,20.2,10.6,0.237,0.397,0.33,0.727,4.31,14,0.249,0.402,0.319,0.329,0.342,0.154,88.6,11.9,32.2,7.6,40.2,69.8,16.1,24.7,52.1,47.6,7.4,83.6,26.0,39.2,95.8,2269.0,-9.8,-19.5,14.3,36.7,88.2,2469.0,5.1,-31.7,6.6,4.1,88.1,1817.0,-15.4,-27.5,17.3,14.9,80.9,2388.0,7.1,-42.6,7.7,5.0,95.7,2300.0,-15.3,-20.9,17.9,0.0,0.0,0.0,0.0,0.0,0.0,0.0,0.0,0.0,0.0,0.0,0.0,6
393,"Allen, Logan",671106,2023,0,24,24,125.1,537,483,127,83,28,0,16,119,48,22.2,8.9,0.263,0.42,0.33,0.75,3.81,7,0.257,0.413,0.326,0.323,0.325,0.156,88.9,12.6,34.2,7.6,39.1,68.2,16.1,28.4,41.7,58.3,7.2,83.6,24.0,45.1,91.4,2150.0,4.1,-16.6,16.7,3.0,83.5,2222.0,-6.6,-37.0,7.4,21.2,82.7,894.0,2.3,-37.8,4.7,0.0,0.0,0.0,0.0,0.0,0.0,0.0,0.0,0.0,0.0,0.0,0.0,8.7,86.4,2222.0,-4.1,-29.5,8.5,0.0,0.0,0.0,0.0,0.0,0.0,9
394,"Detmers, Reid",672282,2023,0,23,28,148.2,644,569,141,93,28,1,19,168,60,26.1,9.3,0.248,0.401,0.332,0.733,4.48,9,0.253,0.398,0.321,0.327,0.34,0.144,89.8,15.8,37.2,6.2,41.4,69.2,20.1,27.6,45.6,54.4,7.9,79.9,27.1,43.2,94.3,2095.0,11.0,-15.1,19.4,30.9,88.9,2078.0,-1.3,-31.8,5.0,5.4,84.9,1493.0,12.7,-30.0,15.2,19.4,74.7,2414.0,-11.4,-64.5,18.8,0.0,0.0,0.0,0.0,0.0,0.0,0.0,0.0,0.0,0.0,0.0,0.0,0.0,0.0,0.0,0.0,0.0,0.0,8
395,"Miller, Bobby",676272,2023,0,24,22,124.1,505,464,105,68,22,3,12,119,32,23.6,6.3,0.226,0.364,0.283,0.647,3.76,9,0.229,0.355,0.283,0.286,0.29,0.126,88.3,10.3,33.3,6.0,37.6,67.8,19.6,28.6,43.4,56.6,7.5,79.7,26.7,28.4,99.1,2342.0,-8.4,-11.2,18.8,16.7,89.9,2509.0,4.7,-32.7,5.9,16.0,88.2,2290.0,-17.4,-26.3,19.6,18.5,80.6,2812.0,9.4,-56.2,16.9,19.7,98.7,2297.0,-13.7,-14.0,19.7,0.0,0.0,0.0,0.0,0.0,0.0,0.0,0.0,0.0,0.0,0.0,0.0,8
397,"Crawford, Kutter",676710,2023,0,27,31,129.1,527,484,107,62,26,2,17,135,36,25.6,6.8,0.221,0.388,0.281,0.669,4.04,4,0.208,0.374,0.29,0.28,0.269,0.166,87.8,20.4,30.5,7.7,35.3,72.9,21.4,31.9,39.0,60.7,7.1,78.4,26.8,39.1,93.6,2488.0,-9.5,-12.4,21.3,6.2,82.8,2296.0,6.4,-35.3,8.9,0.0,0.0,0.0,0.0,0.0,0.0,11.9,79.4,2236.0,7.9,-56.6,15.3,0.0,0.0,0.0,0.0,0.0,0.0,28.3,88.6,2422.0,4.4,-25.5,10.4,7.8,82.4,1027.0,-8.4,-34.1,11.6,3
398,"Bello, Brayan",678394,2023,0,24,28,157.0,668,611,165,103,36,2,24,132,45,19.8,6.7,0.27,0.453,0.324,0.777,4.24,15,0.253,0.411,0.334,0.314,0.31,0.158,89.5,4.9,28.0,7.0,44.3,69.1,16.6,29.4,41.0,59.0,7.2,83.1,24.4,20.6,95.5,2083.0,-10.0,-17.0,16.6,17.7,85.3,2276.0,3.7,-42.3,7.4,23.9,86.2,1771.0,-16.4,-33.8,16.9,0.0,0.0,0.0,0.0,0.0,0.0,36.3,95.0,1974.0,-18.0,-27.9,18.3,1.5,89.2,2152.0,-1.4,-30.2,4.9,0.0,0.0,0.0,0.0,0.0,0.0,9
399,"Rodriguez, Grayson",680570,2023,0,23,23,122.0,515,467,121,83,18,4,16,129,42,25.0,8.2,0.259,0.418,0.321,0.739,4.35,7,0.255,0.407,0.32,0.316,0.318,0.151,89.8,10.4,33.4,7.3,43.7,69.9,19.7,29.7,42.9,57.1,7.7,80.2,26.3,49.6,97.4,2270.0,-11.4,-13.2,19.7,14.1,82.3,2402.0,11.4,-36.7,12.7,22.4,83.9,1851.0,-12.4,-36.1,13.0,8.2,79.9,2628.0,9.1,-55.8,15.8,0.0,0.0,0.0,0.0,0.0,0.0,5.8,89.7,2255.0,2.4,-24.8,9.9,0.0,0.0,0.0,0.0,0.0,0.0,8
403,"Brown, Hunter",686613,2023,0,24,31,155.2,665,599,157,95,34,2,26,178,55,26.8,8.3,0.262,0.456,0.332,0.788,5.09,11,0.24,0.414,0.34,0.318,0.314,0.174,90.8,6.9,30.0,10.9,44.4,65.3,14.8,27.5,48.5,51.2,7.7,85.0,24.8,46.1,95.7,2240.0,-6.1,-13.1,18.0,23.5,91.7,2150.0,3.2,-26.7,7.1,0.0,0.0,0.0,0.0,0.0,0.0,23.8,82.9,2472.0,5.3,-54.7,15.6,0.2,96.0,2142.0,-12.7,-17.1,18.1,0.0,0.0,0.0,0.0,0.0,0.0,4.8,88.2,1432.0,-14.2,-28.2,16.1,1
