Name,Model_Projection_Sum_of_W_SV_HLD,Actual_Sum_of_W_SV_HLD,ADP_x,Scaled_WSVHLD_Rank,Model_Projection_Sum_of_ERA_WHIP,Actual_Sum_of_ERA_WHIP,ADP_y,Rank,Scaled_ERAWHIP_Rank,Scaled_OVR_Score,OVR_Rank
Kenley Jansen,30.37492702,102,99,1,4.113339038,3.92,99,0.781403505,0.781403505,89.07017526,1
Devin Williams,25.24243094,94,59.6,0.864060237,3.352060441,2.84,59.6,0.899999154,0.899999154,88.20296956,2
Liam Hendriks,22.54604639,104,244.4,0.792643548,3.314034013,3.35,244.4,0.905923094,0.905923094,84.92833212,3
Edwin Diaz,22.01312688,86,35.8,0.778528593,3.345380532,3.27,35.8,0.901039782,0.901039782,83.97841878,4
Hector Neris,25.28911009,72,498.3,0.865296586,4.194958296,4.97,498.3,0.768688464,0.768688464,81.69925247,5
Raisel Iglesias,21.3505098,89,78.4,0.760978456,3.638568209,3.49,78.4,0.855365593,0.855365593,80.81720247,6
Scott Barlow,23.05593652,83,151.4,0.806148545,3.948490587,3.73,151.4,0.807084391,0.807084391,80.66164682,7
Mark Melancon,24.70466778,78,468.6,0.849816993,4.343535008,4.61,468.6,0.745542467,0.745542468,79.76797301,8
Ryan Tepera,22.94797279,53,685.5,0.803289008,4.064621359,4.33,685.5,0.78899298,0.78899298,79.6140994,9
Ryan Helsley,20.00951885,56,89.4,0.725460847,3.581792746,3.96,89.4,0.864210348,0.864210348,79.48355977,10
Giovanny Gallegos,19.86474523,80,280.2,0.72162636,3.669052041,4.02,280.2,0.850616675,0.850616675,78.61215171,11
Jordan Romano,17.08838237,87,67.6,0.648091358,3.347292796,3.05,67.6,0.900741881,0.900741881,77.44166193,12
Adam Ottavino,21.43049136,71,488.8,0.763096855,4.215046769,4.7,488.8,0.765558985,0.765558985,76.432792,13
Craig Kimbrel,20.22796567,69,235.2,0.73124665,4.049086702,4.42,235.2,0.791413044,0.791413044,76.13298466,14
A.J. Minter,16.97722745,76,316,0.645147299,3.571667745,3.56,316,0.86578767,0.86578767,75.54674841,15
Emmanuel Clase,13.89059416,79,38.8,0.563394446,3.121184211,2.17,38.8,0.935966166,0.935966166,74.96803056,16
Chris Stratton,21.75951158,49,,0.771811315,4.494532294,5.3,,0.722019383,0.722019383,74.6915349,17
Brad Boxberger,18.94143997,72,490,0.697171612,4.021900292,4.31,490,0.795648274,0.795648274,74.64099428,18
Ryan Pressly,17.61279082,81,73.4,0.661980888,3.886232253,3.7,73.4,0.816783295,0.816783295,73.93820915,19
Paul Sewald,16.09787917,70,181.2,0.621856799,3.651853433,4.31,181.2,0.853295957,0.853295957,73.7576378,20
Aaron Loup,17.42428056,48,,0.656987988,4.088187087,3.57,,0.785321797,0.785321797,72.11548927,21
Matt Barnes,19.34351731,56,483.3,0.707821069,4.45964109,5.35,483.3,0.727454902,0.727454902,71.76379858,22
Kendall Graveman,17.19448841,68,250.8,0.650901692,4.100525939,3.79,250.8,0.783399591,0.783399591,71.71506419,23
James Karinchak,15.23669472,54,372,0.599047389,3.802310789,4.27,372,0.829856985,0.829856985,71.44521868,24
Collin McHugh,15.59717632,33,513.5,0.608595138,3.86461288,3.27,513.5,0.820151265,0.820151265,71.43732011,25
Clay Holmes,15.23644409,53,131.4,0.599040751,3.812081107,4.17,131.4,0.828334918,0.828334917,71.3687834,26
Yimi Garcia,16.15354046,58,693,0.623331049,3.983395879,4.38,693,0.801646677,0.801646677,71.24888629,27
Josh Hader,13.57147419,90,53.4,0.554942205,3.555401545,4.2,53.4,0.868321697,0.868321697,71.16319508,28
Dylan Floro,15.24606855,55,288.4,0.599295665,3.853328718,4.03,288.4,0.821909166,0.821909166,71.06024154,29
Jake Diekman,18.05974395,61,867.5,0.67381893,4.35295326,5.2,867.5,0.744075247,0.744075247,70.89470883,30
Daniel Bard,16.72347209,83,153.4,0.638426311,4.12879903,4.89,153.4,0.778995073,0.778995073,70.87106919,31
Jonathan Loaisiga,14.08029833,50,452.2,0.568418968,3.728258376,4.18,452.2,0.841393227,0.841393226,70.49060972,32
Ryne Stanek,14.07348966,46,687,0.568238633,3.764701321,4.04,687,0.835715969,0.835715969,70.19773008,33
Emilio Pagan,21.57159075,50,821,0.766834027,5.043412472,5.84,821,0.636512183,0.636512183,70.16731051,34
David Robertson,18.0073724,29,368.8,0.672431812,4.452899707,3.95,368.8,0.728505108,0.728505108,70.04684599,35
Anthony Bass,16.12407696,61,602.8,0.622550676,4.14288178,3.83,602.8,0.776801194,0.776801194,69.96759353,36
Chad Green,15.10754876,49,681.5,0.595626817,3.990639526,4.09,681.5,0.800518226,0.800518226,69.80725217,37
Aaron Bummer,14.26407382,46,,0.573286462,3.975291863,4.23,,0.802909159,0.802909159,68.80978108,38
Bryan Shaw,20.15459364,41,,0.729303311,4.989164456,6.24,,0.644963201,0.644963201,68.7133256,39
Wandy Peralta,15.21671221,33,628.5,0.59851813,4.1540261,4.31,628.5,0.775065079,0.775065079,68.67916043,40
Alex Lange,13.85851064,36,267,0.562544679,3.939260258,4.38,267,0.808522336,0.808522336,68.55335075,41
Erik Swanson,13.85851064,36,448.4,0.562544679,3.939260258,4.38,448.4,0.808522336,0.808522336,68.55335075,42
Lou Trivino,18.19098297,54,534.8,0.677294939,4.703025336,5.13,534.8,0.689539332,0.689539332,68.34171352,43
Aroldis Chapman,15.66690418,55,297.6,0.610441956,4.281965952,5.01,297.6,0.755133992,0.755133992,68.27879739,44
Tejay Antone,7.920998983,14,683,0.4052832,2.992692374,2.85,683,0.955983243,0.955983243,68.06332214,45
Kyle Finnegan,15.99238941,65,358.8,0.619062788,4.384555587,4.75,358.8,0.739152084,0.739152084,67.91074359,46
Garrett Whitlock,9.647267306,37,284.8,0.451005301,3.347713388,3.23,284.8,0.900676359,0.900676359,67.58408298,47
Blake Treinen,11.17135999,60,498.5,0.49137256,3.610786118,3.46,498.5,0.859693621,0.859693621,67.55330903,48
Seth Lugo,14.42865472,44,514.7,0.577645567,4.197086773,4.68,514.7,0.768356879,0.768356879,67.30012233,49
Alex Colome,19.74331437,53,625,0.718410131,5.114704291,5.57,625,0.625406,0.625406,67.19080654,50
Tyler Rogers,13.33043315,84,506.3,0.54855797,4.033418119,4.31,506.3,0.793853971,0.793853971,67.12059703,51
Keegan Thompson,9.075492138,10,479,0.435861211,3.316950009,3.05,479,0.905468826,0.905468826,67.06650187,52
Evan Phillips,8.010999294,33,231.2,0.407666956,3.158562673,3.05,231.2,0.930143169,0.930143169,66.89050624,53
Chris Martin,14.04662354,39,594,0.567527054,4.21303335,4.1,594,0.765872645,0.765872645,66.66998495,54
Jason Adam,9.847156559,36,295.8,0.456299586,3.515006519,3.28,295.8,0.874614629,0.874614629,66.54571073,55
Taylor Rogers,18.1524722,71,298.4,0.676274939,4.963265815,5.41,298.4,0.648997816,0.648997816,66.26363773,56
Gregory Soto,12.51704646,71,297.8,0.527014535,4.032517236,4.84,297.8,0.793994315,0.793994315,66.05044251,57
Jesse Chavez,15.8693629,21,,0.615804296,4.60680805,4.97,,0.704528524,0.704528524,66.01664102,58
Andrew Chafin,10.15634051,58,526,0.464488661,3.639873259,3.67,526,0.855162286,0.855162286,65.98254733,59
Diego Castillo,13.22184386,66,485.6,0.545681864,4.171081579,4.01,485.6,0.772408094,0.772408094,65.90449788,60
Tanner Scott,16.15218447,55,558.5,0.623295134,4.709771479,5.7,558.5,0.688488385,0.688488385,65.58917596,61
J.P. Feyereisen,8.906681215,34,843,0.43139007,3.481688391,3.47,843,0.879805087,0.879805087,65.55975784,62
Rafael Montero,13.83835688,66,308.2,0.562010884,4.33766937,5.27,308.2,0.746456245,0.746456245,65.42335646,63
Mychal Givens,13.47203364,47,,0.552308413,4.309287677,4.75,,0.750877682,0.750877682,65.15930475,64
Brad Hand,14.50820452,70,869.5,0.57975253,4.520429413,4.42,869.5,0.717985005,0.717985005,64.88687674,65
Alexis Diaz,7.316441171,30,156.8,0.389270826,3.33491645,2.8,156.8,0.902669927,0.902669927,64.59703766,66
Jorge Lopez,11.22993818,30,251,0.492924067,4.000596095,4.33,251,0.798967144,0.798967144,64.59456056,67
David Bednar,10.45662166,45,140.8,0.472441935,3.895306376,3.75,140.8,0.815369684,0.815369684,64.39058093,68
Genesis Cabrera,11.47929082,57,,0.499528444,4.07472121,5.07,,0.787419576,0.787419576,64.34740102,69
Craig Stammen,13.95088843,26,,0.564991405,4.498003313,4.57,,0.721478651,0.721478651,64.32350279,70
Brent Suter,13.60147829,31,906.5,0.555736896,4.463929338,4.65,906.5,0.726786859,0.726786859,64.12618774,71
Alex Lange,13.85851064,36,267,0.562544679,4.583159267,4.96,267,0.708212646,0.708212646,63.53786621,72
Erik Swanson,13.85851064,36,448.4,0.562544679,4.583159267,4.96,448.4,0.708212646,0.708212646,63.53786621,73
Jose Cisnero,8.876332619,41,,0.430586254,3.740603902,4.22,,0.839469981,0.839469981,63.50281175,74
Cole Sulser,14.19724067,34,,0.571516313,4.663869116,5.31,,0.695639276,0.695639276,63.35777948,75
Jarlin Garcia,10.08987894,32,,0.462728353,3.97900013,3.91,,0.802331468,0.802331468,63.25299104,76
Daniel Hudson,11.23229766,50,337,0.492986561,4.206521079,4.71,337,0.766887158,0.766887158,62.99368591,77
Brock Burke,6.895862469,16,474.6,0.37813134,3.539171016,3.03,474.6,0.870850167,0.870850167,62.44907532,78
Mike Mayers,13.40832076,35,,0.550620908,4.65106276,5.15,,0.697634312,0.697634312,62.41276102,79
Pete Fairbanks,8.007026007,49,193.6,0.407561719,3.735910162,4.02,193.6,0.840201195,0.840201194,62.38814568,80
Alex Vesia,7.668823222,36,542.3,0.398604049,3.689731511,4.08,542.3,0.847395127,0.847395127,62.29995882,81
Will Smith,13.51981913,68,460,0.553574064,4.69732377,5,460,0.690427549,0.690427549,62.20008066,82
Jimmy Herget,9.441831574,22,374.2,0.445564111,4.008723194,4.21,374.2,0.797701066,0.797701065,62.16325883,86
Felix Bautista,4.88140593,32,91,0.324776259,3.253651339,3.12,91,0.915329798,0.915329798,62.00530284,87
Brooks Raley,12.80598338,49,607,0.534667345,4.602630826,4.95,607,0.705179272,0.705179272,61.99233086,88
Tim Mayza,9.106942949,50,,0.43669422,3.980292593,4.32,,0.802130122,0.802130122,61.94121709,89
Alex Reyes,9.239119365,47,522,0.440195057,4.007845352,4.61,522,0.79783782,0.79783782,61.90164385,90
Yusmeiro Petit,11.83137659,41,,0.50885382,4.484415403,4.48,,0.723595441,0.723595441,61.62246303,91
Reynaldo Lopez,6.630839554,17,499.3,0.371111918,3.60478784,3.57,499.3,0.860628062,0.860628062,61.586999,92
Erasmo Ramirez,8.524607146,11,,0.421270421,3.937985705,4,,0.808720893,0.808720892,61.49956566,93
Andrew Kittredge,7.391652055,34,543.5,0.391262868,3.751731513,2.99,543.5,0.837736468,0.837736468,61.44996681,94
Nick Sandlin,6.84385335,18,,0.376753821,3.659812481,3.7,,0.852056058,0.852056058,61.44049396,95
Michael Fulmer,10.07918664,60,755.5,0.462445156,4.236216142,4.3,755.5,0.762261118,0.762261118,61.23531369,96
Michael King,7.917982955,28,457.4,0.405203317,3.883609083,3.97,457.4,0.817191945,0.817191945,61.11976307,97
Tyler Matzek,8.063058871,42,,0.409045811,3.925899727,4.14,,0.810603704,0.810603704,60.98247576,98
Jose Alvarado,12.20719009,57,448.6,0.518807651,4.634903502,5.33,448.6,0.700151679,0.700151679,60.94796651,99
Connor Brogdon,11.1676822,27,,0.491275149,4.468008999,4.6,,0.726151309,0.726151309,60.87132293,100
Carlos Estevez,14.04961304,56,315.4,0.567606234,4.977451987,5.95,315.4,0.646787826,0.646787825,60.71970299,101
Tyler Duffey,10.2384943,54,,0.466664593,4.340219932,4.71,,0.746058906,0.746058906,60.63617497,102
Corey Knebel,10.08710211,31,831.5,0.462654806,4.337494061,5.01,831.5,0.746483555,0.746483555,60.45691806,103
Jeremy Jeffress,1.629848995,15,,0.238655223,2.908686474,2.48,,0.969070087,0.969070087,60.38626552,104
Trevor Stephan,9.514621366,35,684.5,0.447492028,4.275567742,4.83,684.5,0.756130736,0.756130736,60.18113821,105
Blake Taylor,7.213549427,22,,0.386545626,3.924646514,4.45,,0.810798936,0.810798936,59.86722807,106
Caleb Thielbar,7.268008631,45,851.5,0.387988037,3.933964769,4.37,851.5,0.809347293,0.809347293,59.86676652,107
Phil Maton,14.37460824,32,,0.576214087,5.144221257,5.64,,0.620807705,0.620807705,59.85108959,108
Jeurys Familia,14.69354161,37,824,0.584661386,5.201691027,6.19,824,0.611854787,0.611854787,59.82580863,109
Alex Lange,7.249650334,27,267,0.387501798,3.939260258,4.38,267,0.808522336,0.808522336,59.8012067,110
Erik Swanson,7.249650334,27,448.4,0.387501798,3.939260258,4.38,448.4,0.808522336,0.808522336,59.8012067,111
Trevor Richards,11.54235673,25,,0.501198813,4.670924434,5.98,,0.694540165,0.694540165,59.78694892,112
Richard Bleier,9.022204585,40,,0.434449832,4.247313405,4.21,,0.760532333,0.760532333,59.74910824,113
Adam Cimber,6.308169831,45,577,0.362565658,3.794210049,3.75,577,0.831118957,0.831118957,59.68423077,114
Bryan Abreu,7.950160795,25,459.5,0.406055582,4.07476951,4.66,459.5,0.787412052,0.787412052,59.6733817,115
Dillon Tate,8.044642008,38,597.7,0.40855802,4.09101932,4.73,597.7,0.784880578,0.784880578,59.67192992,116
JT Chargois,5.139176366,26,,0.33160359,3.629145944,3.28,,0.856833439,0.856833439,59.42185145,117
Jhoan Duran,4.190629299,28,154.8,0.306480285,3.476489493,2.84,154.8,0.880614996,0.880614996,59.3547641,118
Jose Leclerc,6.929298737,12,208.8,0.379016936,3.945187161,4.07,208.8,0.807599015,0.807599015,59.33079753,119
Matt Gage,3.216649179,0,,0.280683359,3.340350641,2.3,,0.901823363,0.901823363,59.12533607,120
Steve Cishek,9.537127132,29,,0.448088118,4.420107098,5.4,,0.733613698,0.733613698,59.08509082,121
Anthony Bender,5.627824848,28,,0.344545979,3.775039724,4.07,,0.834105403,0.834105403,58.93256907,122
Dominic Leone,11.11796195,42,,0.489958254,4.729635985,4.62,,0.685393797,0.685393797,58.76760254,123
Tommy Kahnle,3.910495025,3,696.5,0.299060623,3.519619708,3.36,696.5,0.873895964,0.873895964,58.64782935,124
Richard Rodriguez,5.235615765,36,,0.334157893,3.758926478,3.78,,0.836615602,0.836615602,58.53867474,125
Trevor Rosenthal,1.664498659,13,,0.239572957,3.158883475,2.75,,0.930093193,0.930093193,58.48330749,126
Andres Munoz,5.823569071,28,170.8,0.349730478,3.87834067,3.38,170.8,0.818012683,0.818012683,58.38715808,127
Jonathan Hernandez,6.09995701,19,551.7,0.357050915,3.947425897,4.15,551.7,0.807250254,0.807250254,58.21505842,128
Lucas Luetge,8.622799603,20,,0.423871155,4.386255679,3.93,,0.738887236,0.738887235,58.13791954,129
Matthew Boyd,-0.504647048,3,442,0.182120765,2.834571243,2.33,442,0.980616115,0.980616115,58.136844,130
Nabil Crismatt,11.31321546,14,,0.495129757,4.846192529,4.7,,0.667236056,0.667236056,58.11829065,131
Ryan Thompson,9.406765928,36,,0.444635359,4.543098282,4.76,,0.714453539,0.714453539,57.95444491,132
Ron Marinaccio,3.188012874,7,712,0.279924895,3.485975864,3.1,712,0.879137164,0.879137164,57.95310293,133
Casey Sadler,2.374752105,21,,0.258384795,3.3581193,3.05,,0.899055276,0.899055276,57.87200354,134
Jose Ruiz,8.416703368,17,,0.418412471,4.393029817,5.01,,0.737831928,0.737831928,57.81221995,135
Yency Almonte,8.523777658,21,750.5,0.421248451,4.419664346,5.53,750.5,0.733682672,0.733682672,57.74655616,136
Pierce Johnson,6.52144421,23,,0.368214463,4.085737707,4.65,,0.785703374,0.785703373,57.69589184,137
Tim Hill,7.624240036,42,,0.397423215,4.297131857,4.96,,0.752771374,0.752771374,57.50972944,138
Noe Ramirez,8.36085757,27,,0.416933334,4.430182675,5.25,,0.732044076,0.732044076,57.44887054,139
Lucas Sims,7.812487162,31,755,0.402409145,4.339171095,5.3,755,0.746222299,0.746222299,57.43157222,140
Tony Watson,6.625167921,39,,0.370961699,4.139079994,4.56,,0.777393455,0.777393455,57.4177577,141
Chase De Jong,5.858755281,10,,0.350662423,4.023241782,4.02,,0.79543929,0.79543929,57.30508566,142
Ranger Suarez,4.389689722,9,246,0.311752618,3.775466559,3.95,246,0.834038908,0.834038908,57.28957632,143
Trevor May,8.700157854,47,395.2,0.425920073,4.508536765,5.25,395.2,0.719837699,0.719837699,57.28788858,144
Drew Smith,6.329635402,23,,0.363134198,4.108839686,4.34,,0.782104436,0.782104436,57.26193167,145
Codi Heuer,6.044327722,35,,0.355577512,4.070968668,4.76,,0.788004166,0.788004166,57.17908388,146
Dany Jimenez,7.006386071,18,549.3,0.381058678,4.237221427,4.79,549.3,0.76210451,0.76210451,57.15815937,147
Jake McGee,8.152367891,57,711,0.411411258,4.44660612,5.06,711,0.729485553,0.729485553,57.04484053,148
John Schreiber,4.077978641,35,404,0.30349661,3.758687902,4.11,404,0.836652768,0.836652768,57.0074689,149
Miguel Castro,9.517635234,34,,0.447571854,4.710868424,5.17,,0.688317498,0.688317498,56.79446758,150
Zach Jackson,3.258467145,31,656.5,0.281790953,3.654614016,4.27,656.5,0.8528659,0.8528659,56.73284264,151
Matt Wisler,7.295227579,27,873.5,0.388708961,4.342941202,3.89,873.5,0.745634973,0.745634973,56.71719671,152
Jordan Holloway,-2.352197379,2,,0.133186377,2.71014394,1.96,,1,1,56.65931886,153
Cionel Perez,4.399393424,35,803,0.312009631,3.879704127,4.24,803,0.817800278,0.817800278,56.49049544,154
Caleb Smith,6.342380059,10,,0.363471754,4.210697093,4.39,,0.766236598,0.766236598,56.48541759,155
Dylan Coleman,4.543235148,21,623,0.315819436,3.904867277,3.87,623,0.813880241,0.813880241,56.48498386,156
Camilo Doval,7.215882502,47,105.2,0.38660742,4.364244019,3.84,105.2,0.742316318,0.742316318,56.44618688,157
A.J. Puk,7.161748651,28,410.8,0.385173626,4.360744456,4.88,410.8,0.742861497,0.742861497,56.40175611,158
Zack Littell,8.871571244,20,,0.430460144,4.654546032,5.13,,0.697091671,0.697091671,56.37759075,159
Tommy Hunter,6.281949729,19,,0.36187119,4.214915623,4.06,,0.765579415,0.765579415,56.37253028,160
Hunter Strickland,6.281949729,19,,0.36187119,4.214915623,4.06,,0.765579415,0.765579415,56.37253028,161
Scott Effross,5.151224926,26,930.5,0.331922709,4.022864603,3.86,930.5,0.795498049,0.795498049,56.3710379,162
Zack Thompson,-1.479658722,2,,0.156296516,2.905202554,1.75,,0.969612829,0.969612829,56.29546726,163
Garrett Crochet,2.257707084,15,773.5,0.25528473,3.54085347,3.73,773.5,0.870588066,0.870588066,56.2936398,164
Matt Bush,8.683509775,25,628.5,0.42547913,4.644608462,4.58,628.5,0.698639794,0.698639794,56.20594621,165
Jovani Moran,3.907043452,3,837,0.298969205,3.842777934,4.35,837,0.823552818,0.823552818,56.12610113,166
Mark Appel,1.073340227,0,,0.223915481,3.364725802,2.9,,0.898026083,0.898026083,56.09707818,167
Griffin Jax,7.837473416,27,664.5,0.403070934,4.52539291,5.14,664.5,0.717211767,0.717211767,56.01413504,168
Joe Mantiply,8.099809748,37,592.5,0.410019198,4.584697031,4.66,592.5,0.707973085,0.707973085,55.89961416,169
Matt Strahm,7.126062541,23,824.5,0.38422844,4.423388815,5.02,824.5,0.733102457,0.733102457,55.86654483,170
Joe Kelly,4.86700805,34,,0.324394915,4.04137077,4.98,,0.792615069,0.792615069,55.8504992,171
Jose Suarez,3.435231416,4,351.5,0.286472748,3.800424378,2.97,351.5,0.830150859,0.830150859,55.83118033,172
Joely Rodriguez,8.342123142,30,,0.416437133,4.642970728,5.67,,0.698894928,0.698894928,55.76660303,173
Robert Suarez,3.017231452,17,374.2,0.275401562,3.773665664,3.32,374.2,0.83431946,0.83431946,55.48605113,174
Drew Steckenrider,3.115615061,32,,0.27800736,3.7937181,3.79,,0.831195595,0.831195595,55.46014774,175
Tyler Kinley,6.622782721,28,,0.370898524,4.390276263,5.2,,0.73826089,0.73826089,55.4579707,176
Seranthony Dominguez,2.332174408,30,276,0.257257079,3.663381665,4.06,276,0.851500033,0.851500033,55.43785559,177
Brusdar Graterol,4.765074478,29,454.8,0.321695093,4.078470683,4.42,454.8,0.786835466,0.786835465,55.42652794,178
Domingo Acevedo,5.566142153,28,427.6,0.342912245,4.21524176,4.34,427.6,0.765528608,0.765528608,55.42204266,179
Jorge Alcala,5.853136965,17,745,0.350513616,4.270600355,4.51,745,0.756904579,0.756904579,55.37090977,180
Zach Eflin,-2.464764735,3,340.8,0.130204908,2.863647361,1.45,340.8,0.976086497,0.976086497,55.31457025,181
Mark Leiter Jr.,5.390660795,9,,0.33826443,4.202173276,3.9,,0.767564479,0.767564479,55.29144546,182
Matt Moore,3.308330118,26,731,0.283111628,3.863846978,3.76,731,0.820270581,0.820270581,55.16911045,183
Josh Staumont,5.809353286,46,,0.349353958,4.295295746,5.17,,0.753057412,0.753057412,55.12056849,184
Steven Okert,4.249992474,28,,0.308052584,4.036727103,4,,0.793338482,0.793338482,55.06955328,185
Hansel Robles,12.30789931,45,,0.521475044,5.430236478,7.11,,0.576250875,0.576250875,54.88629599,186
Dennis Santana,8.663497956,32,,0.424949096,4.816794397,6.22,,0.671815839,0.671815839,54.83824673,187
Tanner Rainey,8.079945612,38,,0.409493075,4.721909822,6.04,,0.686597416,0.686597415,54.8045245,188
Erik Swanson,7.249650334,27,448.4,0.387501798,4.583159267,4.96,448.4,0.708212646,0.708212646,54.78572216,189
Alex Lange,7.249650334,27,267,0.387501798,4.583159267,4.96,267,0.708212646,0.708212646,54.78572216,190
Justin Bruihl,6.912215033,8,,0.378564455,4.528958985,4.79,,0.716656227,0.716656227,54.7610341,191
David Phelps,5.692972116,22,,0.346271475,4.329644307,4.76,,0.747706428,0.747706428,54.69889516,192
Hirokazu Sawamura,6.358355603,19,,0.363894883,4.444913939,4.83,,0.729749169,0.729749169,54.68220263,193
Jesse Hahn,-0.479277663,11,,0.182792701,3.294358527,3.63,,0.908988236,0.908988236,54.58904684,194
Jose Alvarez,3.367731764,18,,0.284684946,3.950514754,3.86,,0.806769057,0.806769057,54.57270013,195
Bryan Baker,3.288560719,14,814,0.282588014,3.949989398,4.46,814,0.806850899,0.806850899,54.47194567,196
Victor Gonzalez,1.891415806,25,,0.245583106,3.713219797,3.84,,0.843736009,0.843736009,54.46595573,197
Luis Cessa,6.149082686,19,,0.358352062,4.440455387,4.6,,0.730443744,0.730443744,54.43979028,198
Jake Cousins,2.543886455,11,,0.262864503,3.829255123,3.92,,0.825659466,0.825659466,54.42619849,199
Amir Garrett,8.786735791,35,690.5,0.428213184,4.892461276,6.38,690.5,0.660028088,0.660028088,54.41206361,200
Luis Perdomo,0.787775078,4,,0.216351976,3.536760582,3.2,,0.871225676,0.871225676,54.37888259,201
Huascar Ynoa,0.787775078,4,685.5,0.216351976,3.536760582,3.2,685.5,0.871225676,0.871225676,54.37888259,202
Wil Crowe,8.681954262,26,852,0.425437931,4.879361684,5.89,852,0.662068806,0.662068806,54.37533683,203
Nick Tropeano,1.583839911,2,,0.237436622,3.675525326,2.75,,0.849608235,0.849608235,54.35224287,204
Chasen Shreve,6.712616887,21,,0.37327788,4.593557446,5.45,,0.706592767,0.706592767,53.99353238,205
Luis Perdomo,0.429128775,0,,0.206852837,3.536760582,3.2,,0.871225676,0.871225676,53.90392564,206
Huascar Ynoa,0.429128775,0,685.5,0.206852837,3.536760582,3.2,685.5,0.871225676,0.871225676,53.90392564,207
JP Sears,0.482539493,1,434,0.208267478,3.557927601,3.41,434,0.867928176,0.867928176,53.80978269,208
Duane Underwood Jr.,9.89475819,18,"1,046.00",0.457560367,5.16189577,5.95,"1,046.00",0.618054284,0.618054284,53.78073256,209
Joe Jimenez,7.710470728,38,550.3,0.399707129,4.796507776,6.35,550.3,0.674976187,0.674976187,53.73416577,210
John King,9.317462828,21,,0.442270069,5.082882484,5.36,,0.630363354,0.630363355,53.63167119,211
Eli Morgan,4.357214062,15,717,0.310892465,4.241708348,4.13,717,0.761405515,0.761405515,53.61489901,212
Jaime Barria,4.225136075,8,,0.307394235,4.220520013,4.16,,0.764706336,0.764706336,53.60502857,213
Tanner Houck,2.356857205,16,386.2,0.257910829,3.911833334,3.82,386.2,0.812795035,0.812795035,53.53529321,214
Jimmy Nelson,-2.385427179,7,,0.13230625,3.107713992,2.86,,0.938064621,0.938064621,53.51854354,215
David Peterson,1.801871104,3,356,0.243211417,3.822951921,4.12,356,0.82664141,0.82664141,53.49264131,216
Andre Scrubb,3.616780086,7,,0.291281262,4.14303661,4.8,,0.776777074,0.776777074,53.40291684,217
Angel De Jesus,0.854245233,0,,0.218112511,3.685585319,3.16,,0.848041041,0.848041041,53.30767758,218
Chris Flexen,1.754892516,3,550.5,0.241967137,3.840140265,2.64,550.5,0.823963727,0.823963727,53.2965432,219
Lucas Gilbreath,4.464379069,22,,0.313730847,4.305683344,5.08,,0.751439182,0.751439182,53.25850146,220
Archie Bradley,4.213715988,38,,0.307091762,4.274255563,5.11,,0.756335153,0.756335153,53.17134575,221
Drew Pomeranz,-2.876421107,28,,0.119301739,3.075819177,2.7,,0.943033349,0.943033349,53.11675443,222
Jeffrey Springs,6.534368848,19,161.2,0.368556786,4.680841197,5.17,161.2,0.692995284,0.692995284,53.07760351,223
Nick Martinez,3.013252761,18,381.5,0.275296182,4.089058335,3.71,381.5,0.78518607,0.78518607,53.02411262,224
Justin Steele,-0.394112349,3,305.8,0.185048397,3.513673095,3.08,305.8,0.874822356,0.874822356,52.99353764,225
Brandon Hughes,3.170845649,18,375.6,0.279470202,4.12366562,4.21,375.6,0.77979478,0.77979478,52.96324912,226
Phil Bickford,5.900832041,22,,0.351776872,4.59841156,5.24,,0.70583657,0.70583657,52.88067211,227
Nick Anderson,-4.093929667,15,,0.087054696,2.919800049,2.24,,0.967338761,0.967338761,52.71967283,228
Carl Edwards Jr.,4.148174164,23,794.5,0.305355815,4.323279932,4.65,794.5,0.748697901,0.748697901,52.70268579,229
Joe Barlow,4.354978052,30,449.8,0.310833242,4.382128434,3.81,449.8,0.739530198,0.739530198,52.51817196,230
Tommy Hunter,6.281949729,19,,0.36187119,4.711425699,5.26,,0.688230683,0.688230683,52.50509366,231
Hunter Strickland,6.281949729,19,,0.36187119,4.711425699,5.26,,0.688230683,0.688230683,52.50509366,232
Reiver Sanmartin,2.32525683,11,,0.257073859,4.038899967,4.27,,0.792999982,0.792999982,52.50369206,233
Travis Bergen,-0.417882133,4,,0.184418828,3.574773957,4,,0.865303769,0.865303769,52.48612987,234
Andrew Wantz,4.297472644,10,,0.309310148,4.38774876,5.07,,0.738654636,0.738654636,52.39823921,235
Paolo Espino,1.12306635,1,879,0.225232531,3.84965554,3.65,879,0.822481391,0.822481391,52.38569613,236
Sam Hentges,3.638233843,13,825.5,0.291849489,4.280323139,4.25,825.5,0.755389917,0.755389917,52.36197029,237
Matt Brash,-1.839654421,12,439,0.146761637,3.357519114,3.59,439,0.899148775,0.899148775,52.29552062,238
Taylor Clarke,7.827752063,26,,0.402813453,5.0022316,5.61,,0.642927538,0.642927538,52.28704955,239
Joel Payamps,3.627656425,7,,0.291569334,4.293436108,4.57,,0.753347116,0.753347116,52.24582249,240
Rowan Wick,9.721649565,33,713,0.452975396,5.340947047,5.61,713,0.590160813,0.590160813,52.15681047,241
Jake Brentz,6.797332244,24,,0.375521659,4.847447289,6.68,,0.667040584,0.667040584,52.12811215,242
Brad Wieck,-3.652597062,1,,0.098743872,3.073194299,2.22,,0.943442265,0.943442265,52.10930685,243
Kyle Funkhouser,5.858758388,18,,0.350662506,4.692090464,6,,0.691242819,0.691242819,52.09526622,244
Tyler Clippard,5.718643984,19,,0.346951423,4.687772548,4.6,,0.691915485,0.691915485,51.94334536,245
Johan Oviedo,-0.438041107,2,564,0.183884896,3.642342274,3.2,564,0.854777651,0.854777651,51.93312734,246
Kyle Zimmer,4.458674393,17,,0.313579752,4.475935172,5.29,,0.724916532,0.724916532,51.92481422,247
Taylor Hearn,3.545472249,8,,0.289392597,4.322329449,4.83,,0.748845972,0.748845972,51.91192841,248
Daniel Norris,8.791397763,17,,0.428336662,5.219647637,6.6,,0.60905742,0.60905742,51.86970407,249
Brett Martin,5.523779103,29,,0.341790214,4.667544213,4.72,,0.695066752,0.695066752,51.84284828,250
Dan Winkler,6.773878627,8,,0.374900464,4.880108319,5.95,,0.661952491,0.661952491,51.84264778,251
Greg Holland,5.915924052,30,,0.352176601,4.739473501,5.29,,0.683861261,0.683861261,51.80189308,252
Anthony Misiewicz,8.271802949,37,,0.414574626,5.141780584,5.77,,0.621187925,0.621187925,51.78812751,253
Huascar Brazoban,4.062785013,5,,0.30309419,4.448045175,4.56,,0.72926137,0.72926137,51.617778,254
Ryan Burr,4.511574844,7,,0.314980879,4.526348812,4.7,,0.717062852,0.717062852,51.60218654,255
Caleb Ferguson,1.232455967,15,"1,006.00",0.228129835,3.970861374,3.43,"1,006.00",0.803599362,0.803599362,51.58645986,256
Andres Machado,4.438588283,16,,0.31304775,4.52459586,4.74,,0.717335935,0.717335935,51.51918426,257
Dylan Lee,0.353769979,14,,0.204856877,3.830688215,3.4,,0.825436213,0.825436213,51.51465448,258
Clarke Schmidt,2.59146469,11,518.3,0.264124665,4.21286202,4.53,518.3,0.765899335,0.765899335,51.5012,259
Adrian Houser,-1.528820951,1,676,0.154994401,3.515742117,2.1,676,0.874500034,0.874500034,51.47472172,260
Rafael Dolis,4.610137818,22,,0.317591427,4.559991568,5.4,,0.711821821,0.711821821,51.4706624,261
Steven Wilson,0.872184301,10,,0.218587646,3.929434072,4.2,,0.810053107,0.810053107,51.43203767,262
Juan Minaya,0.641364577,10,,0.212474134,3.890859206,4.29,,0.816062486,0.816062486,51.42683098,263
Austin Adams,2.102815229,15,,0.25118225,4.147360711,5.17,,0.776103445,0.776103445,51.36428476,264
Junior Guerra,7.121401537,12,,0.384104988,5.011628122,6.6,,0.641463702,0.641463702,51.27843453,265
Cal Quantrill,1.908910701,6,278.6,0.246046477,4.131800408,3.44,278.6,0.778527504,0.778527504,51.22869905,266
Kris Bubic,0.772977868,1,654.5,0.215960056,3.950175105,4.57,654.5,0.806821969,0.806821969,51.13910124,267
Jose Quijada,2.782944924,20,,0.269196228,4.295190596,5.64,,0.753073793,0.753073793,51.11350104,268
A.J. Cole,3.118835044,8,,0.278092644,4.353686892,3.71,,0.743960958,0.743960958,51.10268012,269
Tyler Alexander,3.424247246,9,,0.28618182,4.429337397,4.53,,0.732175758,0.732175758,50.91787889,270
Evan Marshall,4.460344175,16,,0.313623978,4.607159865,5.36,,0.704473717,0.704473717,50.90488476,271
Jordan Sheffield,-0.474813182,4,,0.182910947,3.776598388,4.31,,0.833862587,0.833862586,50.83867669,272
Joakim Soria,5.788477641,20,,0.348801043,4.843441807,5.54,,0.667664577,0.667664577,50.82328103,273
Caleb Baragar,0.523942624,18,,0.209364085,3.958184232,4.01,,0.805574269,0.805574269,50.7469177,274
Spencer Strider,-2.851536525,4,34.8,0.119960835,3.413296822,3.41,34.8,0.890459455,0.890459455,50.5210145,275
Peter Solomon,-2.696753514,1,,0.124060432,3.440980339,2.58,,0.886146784,0.886146784,50.51036076,276
Daniel Castano,-3.403742795,1,,0.105335049,3.326856188,1.73,,0.903925594,0.903925594,50.46303212,277
Dillon Maples,0.117408921,1,,0.198596596,3.939057277,4.45,,0.808553958,0.808553958,50.35752771,278
Jay Jackson,-2.17393222,5,,0.137907924,3.558257062,3.48,,0.867876851,0.86787685,50.28923875,279
Triston McKenzie,-1.81709599,0,88.8,0.147359122,3.622995003,3.56,88.8,0.857791662,0.857791662,50.25753918,280
Cristian Javier,1.041761348,8,66.4,0.22307908,4.111342397,4.4,66.4,0.781714551,0.781714551,50.23968156,281
Peter Strzelecki,0.47108548,7,,0.207964106,4.017215724,4.06,,0.796378058,0.796378058,50.21710822,282
Reiss Knehr,-0.133152902,1,,0.191960193,3.916116255,4.69,,0.812127821,0.812127821,50.20440068,283
Jalen Beeks,2.933252456,12,784.5,0.273177287,4.43868713,4.08,784.5,0.730719211,0.730719211,50.19482491,284
Ronny Henriquez,-0.428071469,0,,0.184148953,3.869282882,3.25,,0.819423749,0.819423749,50.1786351,285
Drew Hutchison,0.490435549,3,763.5,0.208476614,4.025938813,4.54,763.5,0.795019133,0.795019133,50.17478737,286
Kyle Tyler,-3.151004845,1,,0.112029089,3.408184227,3.24,,0.89125592,0.89125592,50.16425046,287
Andre Jackson,1.260506034,3,,0.228872772,4.163081492,3.47,,0.773654386,0.773654386,50.12635787,288
John Gant,-0.499788452,7,,0.18224945,3.875966407,3.71,,0.818382558,0.818382558,50.03160038,289
Zach Pop,1.788003238,9,,0.242844111,4.265182665,4.87,,0.757748573,0.757748573,50.0296342,290
Michael Kopech,2.483192462,16,273.2,0.261256957,4.38748311,5.13,273.2,0.73869602,0.73869602,49.99764885,291
Manny Banuelos,2.832471455,8,,0.270507992,4.462331557,5.68,,0.727035769,0.727035769,49.87718803,292
J.B. Wendelken,2.783906688,18,,0.269221701,4.461414,5.32,,0.72717871,0.72717871,49.82002056,293
Yohan Ramirez,1.635238187,14,,0.238797962,4.266164577,5.19,,0.757595606,0.757595606,49.81967839,294
Eduard Bazardo,-1.379243725,1,,0.158956117,3.766302611,3.31,,0.835466512,0.835466512,49.72113146,295
Paul Fry,3.033021922,23,,0.27581979,4.518508154,6.63,,0.718284308,0.718284308,49.70520488,296
Kodi Whitley,0.190838951,7,,0.200541471,4.038682127,4.55,,0.793033919,0.793033919,49.67876947,297
Tarik Skubal,2.47893041,0,386.6,0.261144071,4.437315706,4.6,386.6,0.730932858,0.730932858,49.60384649,298
Matt Andriese,5.751145266,13,,0.347812255,5.001512489,5.89,,0.643039565,0.643039564,49.54259096,299
Mason Thompson,2.113100296,9,,0.251454661,4.403329245,4.99,,0.736227433,0.736227433,49.38410473,300
Buck Farmer,4.919377343,19,990,0.325781973,4.902026465,6.11,990,0.658537977,0.658537977,49.21599749,301
Reyes Moronta,1.543398401,10,776,0.236365485,4.332418504,5.28,776,0.74727425,0.74727425,49.18198674,302
Ross Detwiler,1.580818324,8,,0.237356592,4.349480974,4.62,,0.744616176,0.744616176,49.09863843,303
Tyler Anderson,-4.273104675,1,214.2,0.08230905,3.354551815,2.86,214.2,0.899611036,0.899611036,49.09600428,304
Michael Lorenzen,5.620903966,20,417.3,0.344362672,5.03994167,6.73,417.3,0.637052882,0.637052881,49.07077766,305
Hunter Strickland,0.748926109,10,,0.215323019,4.214915623,4.06,,0.765579415,0.765579415,49.04512169,306
Tommy Hunter,0.748926109,10,,0.215323019,4.214915623,4.06,,0.765579415,0.765579415,49.04512169,307
Nick Wittgren,5.4045253,30,,0.338631646,5.012758692,6.05,,0.641287577,0.641287577,48.99596116,308
Andre Pallante,-0.55792976,12,785,0.180709514,4.003085892,3.77,785,0.798579272,0.798579272,48.96443928,309
Tony Santillan,0.589269427,10,,0.211094337,4.202352792,5.03,,0.767536513,0.767536514,48.93154253,310
Luke Jackson,4.707895773,36,,0.320180653,4.902957451,4.8,,0.658392943,0.658392943,48.9286798,311
Scott Alexander,0.522294464,14,,0.209320432,4.208539351,3.59,,0.766572742,0.766572742,48.79465868,312
Keegan Akin,2.312162128,8,760,0.256727031,4.517428367,4.78,760,0.718452522,0.718452522,48.75897767,313
Austin Warren,-0.604541244,8,,0.179474958,4.026006005,4.71,,0.795008666,0.795008666,48.7241812,314
Jason Foley,1.005623533,7,,0.22212193,4.31097283,5.05,,0.750615161,0.750615161,48.63685454,315
Colin Holderman,-0.869056008,7,,0.172468996,3.995254043,5.01,,0.799799355,0.799799355,48.61341752,316
Ryan Yarbrough,2.729866387,8,709.5,0.267790385,4.608589845,5.21,709.5,0.704250948,0.704250948,48.60206662,317
Sergio Romo,6.051179189,36,,0.355758981,5.173647404,6.31,,0.616223558,0.616223558,48.59912693,318
Jordan Hicks,2.162387663,14,570,0.252760091,4.512865509,5.82,570,0.719163346,0.719163346,48.59617186,319
Wily Peralta,0.161066965,5,,0.199752927,4.172692793,4.09,,0.772157091,0.772157091,48.59550092,320
Aaron Ashby,0.920695531,5,266.8,0.219872519,4.303272977,4.83,266.8,0.751814681,0.751814681,48.58436,321
Miguel Diaz,0.624584472,5,,0.212029695,4.255562092,4.67,,0.759247312,0.759247312,48.56385035,322
Mitch White,1.727957288,3,828.5,0.241253728,4.448222647,4.72,828.5,0.729233723,0.729233723,48.52437255,323
Danny Coulombe,0.189196,5,,0.200497956,4.189191531,4.11,,0.769586838,0.769586838,48.50423969,324
John Brebbia,3.738944602,25,,0.294516923,4.79536979,5.6,,0.675153468,0.675153468,48.48351954,325
Packy Naughton,0.175338824,4,,0.200130933,4.193808452,4.35,,0.768867592,0.768867592,48.44992626,326
Adbert Alzolay,-3.111663388,5,454.5,0.113071091,3.643126486,3.08,454.5,0.854655483,0.854655483,48.38632866,327
Hunter Harvey,-0.565947019,14,648.5,0.180497168,4.080056986,4.18,648.5,0.786588344,0.786588344,48.35427559,328
Chris Rodriguez,2.632585023,4,,0.265213782,4.624965387,5.13,,0.701699887,0.701699887,48.34568342,329
Yacksel Rios,0.864210869,5,,0.218376461,4.332296509,6.12,,0.747293255,0.747293255,48.28348582,330
Drew Anderson,0.307414288,1,,0.203629096,4.248721534,5.02,,0.760312967,0.760312967,48.19710317,331
Enyel De Los Santos,3.06798905,13,,0.276745933,4.720381786,5.69,,0.68683546,0.68683546,48.17906965,332
Trevor Gott,6.414339068,22,,0.365377667,5.291040942,6.53,,0.597935427,0.597935427,48.16565467,333
Seth Martinez,-0.438760989,3,,0.183865829,4.140333138,4.17,,0.777198234,0.777198234,48.05320316,334
Jake Woodford,1.273674824,5,,0.229221561,4.433737343,4.75,,0.731490313,0.731490313,48.03559372,335
Jhonathan Diaz,-4.888539217,1,,0.066008594,3.387791399,3.18,,0.894432813,0.894432813,48.02207036,336
John Curtiss,-0.76727284,12,,0.175164834,4.092772651,3.87,,0.784607436,0.784607436,47.9886135,337
Tyler Thornburg,1.198364208,1,,0.227226877,4.429534574,4.92,,0.732145041,0.732145041,47.9685959,338
Spencer Patton,0.269825985,16,,0.202633529,4.273603185,5.01,,0.756436784,0.756436784,47.95351563,339
Domingo Tapia,1.251668172,11,,0.228638691,4.446419525,5.97,,0.729514622,0.729514622,47.90766564,340
Ian Kennedy,7.646926465,55,,0.39802409,5.537582691,6.23,,0.559527965,0.559527965,47.87760273,341
Jordan Lyles,-1.544978305,1,490.5,0.154566456,3.988155503,4.74,490.5,0.8009052,0.8009052,47.77358276,342
Justin Wilson,3.338624033,17,,0.283913996,4.824424525,5.91,,0.670627181,0.670627181,47.72705883,343
Jharel Cotton,2.273623673,11,,0.255706298,4.648381739,4.86,,0.698051975,0.698051975,47.68791365,344
Brandon Brennan,1.5693728,0,,0.237053445,4.54684482,4.26,,0.713869885,0.713869885,47.54616651,345
Thomas Eshelman,-1.128300693,2,,0.165602617,4.094979093,4.39,,0.784263706,0.784263706,47.49331615,346
David Price,1.355562135,15,,0.231390436,4.527331682,4.65,,0.716909736,0.716909736,47.4150086,347
Jacob Webb,2.46313899,6,,0.260725818,4.71763915,4.69,,0.687262721,0.687262721,47.39942699,348
Tanner Banks,0.036798928,3,,0.196461553,4.311092305,4.19,,0.750596548,0.750596548,47.35290504,349
Cody Poteet,1.592686692,1,,0.237670939,4.584852396,4.33,,0.707948882,0.707948882,47.28099104,350
Matt Foster,3.566529478,20,,0.28995032,4.923572371,5.85,,0.655181452,0.655181452,47.2565886,351
Ryan Sherriff,-0.911743903,5,,0.17133836,4.16415269,4.6,,0.77348751,0.77348751,47.24129348,352
Nick Vincent,-0.874317285,5,,0.172329645,4.173045636,4.23,,0.772102124,0.772102124,47.22158843,353
Adrian Sampson,-1.645566946,0,608,0.151902256,4.053317785,2.47,608,0.790753905,0.790753905,47.13280804,354
Trevor Williams,0.50648394,3,713,0.208901673,4.420739943,4.37,713,0.733515111,0.733515111,47.12083919,355
Nick Nelson,3.90365484,8,,0.298879454,5.002387195,6.66,,0.642903299,0.642903299,47.08913761,356
Darren O'Day,-0.547966723,17,,0.180973396,4.246207357,4.09,,0.760704638,0.760704638,47.0839017,357
Penn Murfee,-2.440952585,11,874,0.130835599,3.931922998,4.02,874,0.80966537,0.80966537,47.02504843,358
Connor Overton,-3.738335775,0,,0.096472988,3.718644615,3.59,,0.842890905,0.842890905,46.96819464,359
Jackson Stephens,-0.056324518,7,,0.193995077,4.345697784,4.66,,0.74520554,0.74520554,46.96003082,360
Ryan Weathers,-5.344267342,3,,0.053938137,3.450146304,3.48,,0.884718865,0.884718865,46.93285013,361
Tyler Wells,0.210884161,7,491,0.20107239,4.397955116,5.02,491,0.737064641,0.737064641,46.90685155,362
Sam Howard,3.297901195,20,,0.282835407,4.926169171,6.7,,0.65477691,0.65477691,46.88061583,363
Erich Uelmen,1.314956726,6,,0.230314958,4.60378357,6.04,,0.704999692,0.704999692,46.76573249,364
Gabe Speier,0.393797061,3,,0.205917038,4.454030664,4.66,,0.728328922,0.728328922,46.71229799,365
Enoli Paredes,1.480340976,9,,0.23469534,4.639507113,5.72,,0.699434507,0.699434507,46.70649233,366
Albert Abreu,2.528817789,9,,0.262465393,4.818585023,5.88,,0.671536887,0.671536887,46.70011399,367
Riley Smith,1.108913714,3,,0.224857683,4.577899232,5.13,,0.709032079,0.709032079,46.69448813,368
Adam Conley,-4.746785286,0,,0.069763102,3.583230287,3.31,,0.863986401,0.863986401,46.68747515,369
Will Vest,1.440340024,15,,0.233635871,4.646420704,6.06,,0.698357474,0.698357474,46.59966726,370
Ryan Borucki,3.904255467,16,,0.298895362,5.074885729,6,,0.631609127,0.631609128,46.52522447,371
Zack Kelly,0.849889915,2,,0.217997155,4.561590046,5.27,,0.711572803,0.711572803,46.4784979,372
Cole Sands,-0.02141408,1,,0.194919718,4.414184265,4.69,,0.734536386,0.734536386,46.47280517,373
Thomas Hatch,-0.774718636,6,,0.174967624,4.289252756,5.15,,0.753998818,0.753998818,46.44832212,374
Nate Pearson,-1.513276206,2,537.5,0.15540612,4.165929391,3.84,537.5,0.773210726,0.773210726,46.43084234,375
Ryan Brasier,4.915426094,29,,0.32567732,5.26426251,6.17,,0.6021071,0.6021071,46.38922099,376
Zach Thompson,2.260253122,2,999.5,0.255352165,4.814083938,5.93,999.5,0.672238087,0.672238087,46.37951261,377
Carlos Hernandez,1.225409407,2,906,0.227943199,4.638575284,5.73,906,0.699579671,0.699579671,46.37614352,378
Alex Young,5.82256986,15,,0.349704013,5.420604678,6,,0.577751363,0.577751364,46.37276883,379
Luis Patino,-2.708673682,4,527.3,0.123744713,3.971745566,4.91,527.3,0.803461619,0.803461619,46.36031658,380
Joey Krehbiel,1.845049072,18,,0.244355032,4.747293615,5.18,,0.682643006,0.682643006,46.3499019,381
Jimmy Lambert,0.81936606,11,,0.217188698,4.573600095,4.92,,0.70970182,0.709701819,46.34452586,382
Ralph Garza,2.598045682,6,,0.26429897,4.878314029,4.85,,0.662232014,0.662232014,46.32654919,383
Brandon Bielak,3.71731293,9,,0.293943985,5.06934812,5.96,,0.632471803,0.632471803,46.32078938,384
Fernando Cruz,-1.894114146,1,,0.145319212,4.117248733,3.18,,0.780794434,0.780794434,46.30568228,385
Kyle Crick,-0.65733741,12,,0.178076594,4.3321722,5.36,,0.747312621,0.74731262,46.26946072,386
Daniel Mengden,1.292178934,1,,0.229711663,4.673488757,3.63,,0.694140682,0.694140682,46.19261726,387
Colin Poche,1.202962895,34,843,0.227348679,4.669841966,5.15,843,0.694708797,0.694708797,46.10287378,388
Jared Koenig,-1.490767529,0,,0.156002287,4.219287977,5.57,,0.764898269,0.764898269,46.0450278,389
Ronald Bolanos,0.267552864,0,,0.202573323,4.518571008,5.19,,0.718274516,0.718274516,46.04239193,390
Hoby Milner,3.016140159,14,,0.275372658,4.986350196,5.98,,0.645401619,0.64540162,46.03871389,391
Luke Bard,-1.979256078,2,,0.143064135,4.142039273,4.13,,0.776932444,0.776932444,45.99982894,392
Louis Head,-1.206657714,4,,0.163527246,4.280003714,5.14,,0.755439679,0.755439679,45.94834623,393
Andrew Bellatti,0.533705846,15,,0.209622675,4.581449368,5.01,,0.708479022,0.708479022,45.90508484,394
Daulton Jefferies,-2.928283282,0,,0.117928113,3.998978892,3.6,,0.79921908,0.79921908,45.85735964,395
Jhoulys Chacin,6.301514045,27,,0.362389373,5.573477433,7.26,,0.553936109,0.553936109,45.81627409,396
Burch Smith,1.260548515,8,,0.228873897,4.72661413,5.95,,0.685864556,0.685864556,45.73692262,397
James Kaprielian,-1.909433591,0,496,0.144913459,4.193398154,3.9,496,0.76893151,0.76893151,45.69224848,398
Tyler Cyr,-1.909433591,0,,0.144913459,4.193398154,3.9,,0.76893151,0.76893151,45.69224848,399
Cesar Valdez,5.157190527,14,,0.332080715,5.405381492,6.27,,0.580122905,0.580122905,45.61018099,400
Max Castillo,0.279240865,0,958,0.202882892,4.581321809,5.1,958,0.708498894,0.708498894,45.56908929,401
Drew Smyly,-3.598759922,2,417,0.100169807,3.922982581,2.82,417,0.811058151,0.811058151,45.56139792,402
Josh Fleming,3.114717547,13,,0.277983588,5.066395197,5.25,,0.632931824,0.632931824,45.54577058,403
Marcos Diplan,-0.489513008,3,,0.182521606,4.460703547,5.33,,0.727289388,0.727289388,45.49054971,404
Robert Stephenson,5.220577416,18,,0.333759586,5.437963643,6.21,,0.5750471,0.5750471,45.44033431,405
Kevin Ginkel,4.393878857,13,584.5,0.311863572,5.298810261,6.82,584.5,0.596725085,0.596725085,45.42943283,406
Sam Coonrod,6.453570267,20,,0.366416748,5.655725191,7.45,,0.541123157,0.541123157,45.37699523,407
Freddy Peralta,-0.801940058,6,144,0.174246635,4.423784943,5.17,144,0.733040746,0.733040746,45.36436904,408
Drew Carlton,-0.611695523,0,,0.179285469,4.459183676,4.06,,0.727526161,0.727526161,45.34058149,409
Blake Parker,-0.528435564,10,,0.1814907,4.474960177,4.47,,0.725068421,0.725068421,45.32795607,410
Garrett Richards,1.915805751,12,,0.2462291,4.895594755,5.59,,0.65953994,0.65953994,45.28845198,411
Jesus Tinoco,-2.264847427,4,,0.135499936,4.186931125,4.44,,0.769938975,0.769938975,45.27194555,412
Garrett Hill,0.450935019,1,,0.207430399,4.651148108,5.04,,0.697621016,0.697621016,45.25257078,413
Josh Sborz,2.874716733,16,,0.271626904,5.063458116,6.01,,0.633389376,0.633389376,45.25081403,414
Zack Britton,-0.297028607,26,,0.187619766,4.524555087,5.53,,0.717342287,0.717342287,45.24810266,415
Shawn Armstrong,4.784080144,14,,0.322198479,5.38875438,6.42,,0.582713156,0.582713156,45.24558177,416
Nick Neidert,0.813856031,0,,0.217042759,4.714836912,4.87,,0.687699267,0.687699267,45.2371013,417
Tommy Hunter,0.748926109,10,,0.215323019,4.711425699,5.26,,0.688230683,0.688230683,45.17768507,418
Hunter Strickland,0.748926109,10,,0.215323019,4.711425699,5.26,,0.688230683,0.688230683,45.17768507,419
Austin Gomber,1.686962786,1,,0.240167944,4.871403296,5.88,,0.663308602,0.663308602,45.17382729,420
Corbin Burnes,-3.392029777,0,14.8,0.105645281,4.008475284,4.66,14.8,0.797739686,0.797739686,45.16924834,421
Davis Martin,-3.020168198,1,768,0.115494441,4.076857744,4.32,768,0.787086737,0.787086737,45.12905888,422
DL Hall,-1.573900125,2,438.5,0.15380043,4.339022265,5.1,438.5,0.746245484,0.746245484,45.0022957,423
Art Warren,2.20184727,13,,0.253805222,4.983167375,5.95,,0.645897455,0.645897455,44.98513384,424
Michael Rucker,3.92706048,8,,0.299499378,5.28076795,6.35,,0.599535803,0.599535803,44.95175902,425
Dillon Peters,1.891603454,8,,0.245588076,4.939185317,5.83,,0.652749192,0.652749192,44.91686337,426
Kent Emanuel,-4.326982195,2,,0.080882045,3.886406554,3.46,,0.816756141,0.816756141,44.88190931,427
Phillips Valdez,2.962943231,10,,0.273963679,5.137490031,6.08,,0.621856328,0.621856328,44.79100036,428
Adam Morgan,4.164247354,10,,0.305781531,5.341981024,6.11,,0.589999735,0.589999735,44.78906331,429
Vince Velasquez,1.753899931,2,578,0.241940848,4.940383358,5.93,578,0.652562555,0.652562555,44.72517014,430
Brandon Kintzler,3.303308039,19,,0.282978613,5.205154261,6,,0.611315268,0.611315268,44.71469404,431
Sam Moll,-1.244521961,18,,0.16252437,4.438025819,4.29,,0.730822234,0.730822234,44.66733018,432
Deolis Guerra,2.153252336,8,,0.252518132,5.021315666,5.72,,0.63995453,0.63995453,44.62363311,433
Oliver Drake,2.880134319,3,,0.271770395,5.146330132,6.91,,0.620479174,0.620479174,44.61247846,434
Kirk McCarty,0.831458264,4,,0.217508973,4.801983165,4.57,,0.674123204,0.674123204,44.58160885,435
Jeff Hoffman,3.256739228,8,,0.281745187,5.230432741,6.62,,0.607377264,0.607377264,44.45612258,436
Tyler Beede,0.859321496,5,,0.218246961,4.824763175,5.68,,0.670574424,0.670574424,44.44106927,437
Derek Holland,1.592375866,7,,0.237662706,4.962945205,6.15,,0.649047762,0.649047762,44.33552341,438
Josh Taylor,1.02432172,19,,0.222617172,4.868565259,5.7,,0.663750725,0.663750725,44.31839484,439
Jacob Barnes,5.57582261,10,,0.343168643,5.653280959,7.28,,0.541503931,0.541503931,44.23362869,440
Luis Perdomo,0.787775078,4,,0.216351976,4.841035466,5.68,,0.668039449,0.668039449,44.21957123,441
Huascar Ynoa,0.787775078,4,685.5,0.216351976,4.841035466,5.68,685.5,0.668039449,0.668039449,44.21957123,442
Dauri Moreta,0.619311388,2,,0.211890031,4.818589906,5.85,,0.671536126,0.671536126,44.17130786,443
Andrew Miller,1.434223513,11,,0.233473869,4.958754951,5.67,,0.64970054,0.64970054,44.15872042,444
Ross Stripling,2.294928798,3,274.4,0.256270588,5.106036348,6.35,274.4,0.626756334,0.626756334,44.15134609,445
Kwang-hyun Kim,-0.766975118,3,,0.17517272,4.587094452,3.9,,0.707599604,0.707599604,44.13861615,446
Hector Santiago,-2.88568329,1,,0.11905642,4.248666775,4.97,,0.760321498,0.760321498,43.96889592,447
Stefan Crichton,0.578631779,18,,0.210812587,4.838123819,6.28,,0.668493039,0.668493039,43.96528132,448
Shane Greene,1.45100575,14,,0.233918365,4.989235744,6.16,,0.644952095,0.644952095,43.94352297,449
Stephen Nogosek,-0.314440723,1,,0.187158587,4.696426181,4.08,,0.69056738,0.69056738,43.88629835,450
Austin Pruitt,3.218985882,3,,0.280745249,5.305650755,5.64,,0.59565944,0.59565944,43.82023442,451
Huascar Ynoa,0.429128775,0,685.5,0.206852837,4.841035466,5.68,685.5,0.668039449,0.668039449,43.74461428,452
Luis Perdomo,0.429128775,0,,0.206852837,4.841035466,5.68,,0.668039449,0.668039449,43.74461428,453
Bruce Zimmermann,-1.574112834,2,,0.153794796,4.503240682,4.8,,0.720662748,0.720662748,43.72287719,454
Sean Poppen,0.927823214,10,,0.220061304,4.933691653,6.29,,0.653605021,0.653605021,43.68331625,455
Brad Brach,5.30997068,13,,0.336127264,5.683384102,7.82,,0.536814318,0.536814318,43.64707912,456
Joe Smith,2.870923434,23,,0.271526435,5.26920786,6.29,,0.60133669,0.601336689,43.64315621,457
Oliver Perez,-0.508767424,6,,0.182011632,4.701426803,5.18,,0.689788359,0.689788359,43.58999955,458
Jose Cuas,-1.261074029,16,,0.16208597,4.577422146,5.25,,0.709106402,0.709106402,43.55961862,459
Keynan Middleton,0.730440822,12,,0.214833416,4.929971738,5.78,,0.654184527,0.654184527,43.45089715,460
Jakob Junis,0.206195108,4,564,0.200948196,4.842236786,5.4,564,0.667852301,0.667852301,43.44002483,461
Nestor Cortes,-2.05955348,0,,0.14093737,4.46110486,4.89,,0.727226869,0.727226869,43.40821198,462
Patrick Sandoval,-0.512801378,2,204.2,0.181904789,4.734826585,5.47,204.2,0.68458518,0.68458518,43.32449842,463
Travis Lakins Sr.,3.001719244,9,,0.274990705,5.333871183,6.71,,0.591263125,0.591263125,43.3126915,464
Logan Gillaspie,-0.245486309,1,,0.18898492,4.786369525,4.45,,0.676555572,0.676555572,43.27702461,465
Drew Rasmussen,0.060196046,4,169.4,0.197081251,4.839650691,6.1,169.4,0.668255175,0.668255175,43.26682132,466
Pedro Baez,-0.379187698,8,,0.185443693,4.765549986,4.98,,0.67979894,0.67979894,43.26213166,467
Richard Lovelady,-2.368356731,7,,0.132758379,4.450168919,4.85,,0.728930523,0.728930523,43.0844451,468
Nik Turley,-0.438267885,4,,0.183878889,4.788729952,6.09,,0.676187854,0.676187854,43.00333715,469
Derek Law,2.403557126,5,,0.259147728,5.27671216,5.74,,0.600167633,0.600167633,42.96576806,470
Sean Doolittle,0.775344763,14,,0.216022746,5.00779088,5.7,,0.642061486,0.642061486,42.9042116,471
Grant Dayton,-2.340683817,3,,0.133491326,4.481125178,4.91,,0.724108008,0.724108008,42.8799667,472
Josh James,0.798842663,5,,0.216645113,5.018408809,6.92,,0.640407374,0.640407374,42.85262437,473
Ian Gibaut,0.640338289,7,,0.212446952,4.995133627,6.31,,0.644033294,0.644033294,42.8240123,474
Garrett Cleavinger,0.529480365,3,,0.209510759,4.980001838,5.06,,0.646390597,0.646390597,42.79506779,475
Cam Bedrosian,-1.959801226,1,,0.143579418,4.561073204,5.77,,0.711653319,0.711653319,42.76163683,476
Justus Sheffield,0.369823613,2,,0.205282075,4.959585436,6.98,,0.649571163,0.649571163,42.7426619,477
Darwinzon Hernandez,3.612988036,17,,0.291180826,5.511356146,7.13,,0.563613663,0.563613662,42.73972442,478
Jandel Gustave,-1.854601772,5,,0.14636574,4.582001019,4.9,,0.708393083,0.708393083,42.73794116,479
Joey Gerber,-1.539334125,5,,0.154715948,4.645792723,5.17,,0.698455304,0.698455304,42.65856259,480
Adrian Morejon,0.800426149,12,570.5,0.216687053,5.062655678,5.53,570.5,0.633514384,0.633514384,42.51007186,481
Jimmie Sherfy,-2.146421921,2,,0.138636565,4.570208976,5.27,,0.710230104,0.710230104,42.44333346,482
Adam Kolarek,-3.218769624,7,,0.110234265,4.392332972,5.12,,0.737940486,0.737940485,42.40873753,483
Matthew Festa,-1.157870616,10,,0.164819425,4.752531457,5.3,,0.68182703,0.68182703,42.33232275,484
Greg Weissert,-3.906206366,4,,0.092026752,4.291516354,6.53,,0.753646184,0.753646184,42.28364682,485
Jose Quintana,-1.256530627,2,333.8,0.162206307,4.750678334,5.58,333.8,0.682115718,0.682115718,42.21610127,486
Felix Pena,1.816174984,9,,0.24359027,5.27344391,7.66,,0.600676777,0.600676777,42.21335238,487
Jose Urena,0.280662404,3,,0.202920543,5.01666813,6.12,,0.640678546,0.640678546,42.17995444,488
Trent Thornton,0.93890837,4,,0.220354906,5.13900928,5.84,,0.621619652,0.621619652,42.0987279,489
Logan Allen,-0.342474555,2,,0.18641608,4.928973708,5.14,,0.654340005,0.654340005,42.03780429,490
Kirby Snead,1.338780868,7,,0.230945966,5.21593648,6.99,,0.609635562,0.609635562,42.02907639,491
Anthony Gose,-2.961313541,3,,0.11705327,4.487025266,5.09,,0.723188864,0.723188864,42.0121067,492
Miguel Sanchez,-0.804680827,5,,0.174174043,4.862767923,5.67,,0.664653862,0.664653862,41.94139521,493
Eric Yardley,-1.524397814,4,,0.155111552,4.747764906,5.36,,0.682569586,0.682569586,41.88405691,494
Tommy Nance,2.223020629,10,,0.254366021,5.387365558,7.19,,0.582929514,0.582929514,41.86477677,495
Kyle McGowin,-3.251557704,4,,0.109365837,4.457264496,5.59,,0.72782514,0.72782514,41.85954883,496
Austin Davis,3.811706275,11,,0.296444095,5.665233274,8.07,,0.539641942,0.539641942,41.80430187,497
Alex Claudio,0.648945505,6,,0.212674923,5.143146129,6.19,,0.620975193,0.620975193,41.68250583,498
Wander Suero,4.976529414,16,,0.327295708,5.879057366,6.79,,0.506331394,0.506331394,41.68135512,499
Devin Smeltzer,-1.086048938,3,,0.166721701,4.851702115,5.41,,0.666377746,0.666377747,41.65497238,500
Austin Brice,0.600299556,5,,0.211386482,5.142565175,7.44,,0.621065697,0.621065697,41.62260897,501
Taylor Widener,0.333374832,3,,0.204316689,5.09784913,5.74,,0.628031778,0.628031778,41.61742338,502
Keone Kela,2.189957772,3,,0.253490316,5.414037109,6.39,,0.578774491,0.578774491,41.61324033,503
Ryne Harper,2.238868228,5,,0.254785762,5.426542752,6.81,,0.576826302,0.576826302,41.58060321,504
Kyle Nelson,0.036259224,13,845.5,0.196447258,5.061469848,5.79,845.5,0.633699118,0.633699118,41.50731881,505
Sam Selman,-1.463248449,6,,0.15673116,4.80908632,6.08,,0.673016641,0.67301664,41.48739003,506
Bryan Garcia,1.644571444,17,,0.239045163,5.348386106,7.12,,0.589001921,0.589001921,41.4023542,507
Edgar Santana,-3.422782524,6,,0.104830761,4.489486675,4.74,,0.722805413,0.722805413,41.3818087,508
Corey Oswalt,0.405057054,1,,0.206215271,5.144337817,4.93,,0.620789547,0.620789547,41.35024089,509
Chris Mazza,0.908113184,2,,0.219539262,5.232792512,6.94,,0.607009648,0.607009648,41.3274455,510
Steven Matz,-1.619428204,3,362.7,0.152594569,4.823821224,5.22,362.7,0.670721166,0.670721166,41.16578674,511
Ryan Hendrix,2.532180122,8,,0.262554448,5.53035574,7.45,,0.560653814,0.560653814,41.16041312,512
Aaron Sanchez,-1.341482692,0,,0.159956259,4.873142864,5.53,,0.663037603,0.663037603,41.14969312,513
Nick Mears,2.137327809,5,,0.252096354,5.466686496,6.43,,0.570572516,0.570572516,41.13344347,514
James Kaprielian,-5.415565932,2,496,0.052049716,4.193398154,3.9,496,0.76893151,0.76893151,41.04906132,515
Tyler Cyr,-5.415565932,2,,0.052049716,4.193398154,3.9,,0.76893151,0.76893151,41.04906132,516
Robert Gsellman,0.894521698,3,,0.219179277,5.27103559,6.11,,0.601051957,0.601051957,41.01156168,517
Justin Garza,0.217761452,2,,0.201254543,5.16342485,6.28,,0.617816077,0.617816077,40.95353097,518
Cameron Hill,-0.430235061,5,,0.184091648,5.064466713,5.78,,0.633232252,0.633232252,40.86619498,519
Cody Reed,-0.987120549,3,,0.169341927,4.998748508,5.67,,0.643470151,0.643470151,40.64060391,520
Tayler Saucedo,0.314679371,1,,0.20382152,5.220433897,6.78,,0.608934933,0.608934932,40.63782261,521
Adam Plutko,2.584990652,9,,0.263953193,5.612468192,6.88,,0.547861941,0.547861941,40.59075667,522
Brady Lail,0.740648347,0,,0.215103773,5.304260273,6.76,,0.595876056,0.595876056,40.54899144,523
Zack Weiss,-4.628009296,1,,0.072909014,4.39588391,4.43,,0.737387303,0.737387303,40.51481585,524
Josh Osich,3.791310586,8,,0.295903893,5.837122484,6.98,,0.512864212,0.512864212,40.43840528,525
Conner Greene,3.100474714,2,,0.277606351,5.721242109,9.17,,0.530916616,0.530916616,40.42614833,526
Matt Peacock,-0.510855971,4,,0.181956315,5.108004838,6.27,,0.626449673,0.626449673,40.42029939,527
Rony Garcia,-0.297046292,1,"1,023.00",0.187619298,5.144687248,6.24,"1,023.00",0.62073511,0.620735111,40.4177204,528
T.J. McFarland,-0.241217885,28,,0.189097974,5.161770743,5.76,,0.618073761,0.618073761,40.35858676,529
Aaron Slegers,1.841898375,8,,0.244271582,5.518344308,7.3,,0.562525013,0.562525013,40.33982977,530
Cody Stashak,-3.631280948,12,,0.099308452,4.594750523,5.79,,0.706406904,0.706406904,40.2857678,531
Joel Kuhnel,1.87631825,9,,0.24518323,5.532207759,7.73,,0.560365298,0.560365298,40.27742641,532
Phoenix Sanders,-4.877599097,0,,0.066298355,4.388585886,4.09,,0.738524225,0.738524225,40.24112899,533
James Hoyt,-3.345399276,7,,0.10688034,4.657259835,4.77,,0.696668902,0.696668902,40.17746212,534
Gabe Klobosits,-0.062581749,4,,0.193829347,5.219248225,7.15,,0.609119642,0.609119642,40.14744946,535
Josh Winder,2.816820222,0,620,0.270093452,5.711195962,7.29,620,0.532481653,0.532481653,40.12875524,536
Sean Reid-Foley,-2.427349784,3,,0.131195884,4.820771844,6.03,,0.671196213,0.671196213,40.11960484,537
Josh Tomlin,1.916282742,7,,0.246241734,5.559563244,6.93,,0.556103728,0.556103728,40.1172731,538
Daniel Ponce de Leon,-1.232102107,2,,0.162853323,5.032817924,6.4,,0.638162653,0.638162653,40.05079881,539
Junior Fernandez,0.733973161,4,,0.214926973,5.368745441,6.94,,0.585830245,0.585830245,40.03786094,540
Manuel Rodriguez,0.136735823,13,721,0.199108491,5.270050511,6.44,721,0.601205417,0.601205417,40.01569539,541
Zac Lowther,0.280065177,0,,0.202904725,5.29587038,7.94,,0.597183074,0.597183074,40.00438993,542
Ty Blach,0.360330446,2,,0.205030638,5.320634361,7.21,,0.593325221,0.593325221,39.91779298,543
Geoff Hartlieb,-1.913918837,6,,0.144794663,4.934120713,7.53,,0.65353818,0.65353818,39.91664215,544
Humberto Castellanos,0.634001334,1,,0.212279111,5.368395182,6.43,,0.58588481,0.58588481,39.90819605,545
Jake Reed,-0.836923865,3,,0.173320051,5.119297292,7.01,,0.62469048,0.62469048,39.90052654,546
Wes Benjamin,0.746702688,2,,0.215264129,5.389129043,7.23,,0.58265479,0.58265479,39.89594593,547
Ljay Newsome,-4.768678382,1,,0.069183239,4.453784349,4.54,,0.728367294,0.728367294,39.87752666,548
Anthony Banda,3.788075446,11,,0.295818207,5.910645447,7.43,,0.501410451,0.501410451,39.8614329,549
Tyler Zuber,-0.686482059,5,,0.177304666,5.152597873,6.87,,0.619502755,0.619502755,39.84037106,550
Fernando Abad,0.39004674,2,,0.205817707,5.338910352,7.3,,0.590478099,0.590478099,39.8147903,551
Dietrich Enns,-6.254046143,4,,0.029841652,4.213718941,3.85,,0.76576584,0.76576584,39.78037462,552
Ian Krol,-0.582924211,0,,0.180047509,5.17840641,6,,0.615482177,0.615482177,39.77648428,553
Colin Rea,-2.991615649,2,,0.116250686,4.768967963,5.19,,0.679266471,0.679266471,39.77585788,554
Carson Fulmer,0.337319236,1,,0.204421161,5.340408549,7.44,,0.590244703,0.590244703,39.73329321,555
Jace Fry,1.284814056,1,,0.229516596,5.504521639,7.14,,0.564678375,0.564678375,39.70974855,556
Ervin Santana,-2.232979786,2,,0.136343985,4.909044246,5.9,,0.657444713,0.657444713,39.68943491,557
Bailey Falter,-1.23869058,4,443.5,0.16267882,5.091459905,6.23,443.5,0.629027122,0.629027123,39.58529715,558
Yennsy Diaz,-1.362388164,0,,0.159402555,5.077476737,6.88,,0.631205488,0.631205488,39.53040214,559
Tyler Chatwood,-0.642854703,12,,0.178460184,5.20070316,7.1,,0.612008682,0.612008682,39.5234433,560
Ty Buttrey,1.002555746,9,,0.222040677,5.492098575,7.22,,0.5666137,0.5666137,39.43271881,561
Mike Wright Jr.,-1.388199483,0,,0.158718914,5.086249618,7.06,,0.629838806,0.629838806,39.427886,562
Eric Lauer,-1.889590558,0,347.4,0.145439024,5.003085021,6.31,347.4,0.642794588,0.642794588,39.41168059,563
Jake Bird,0.516507547,7,,0.209167159,5.412491968,6.34,,0.579015201,0.579015201,39.40911799,564
Matt Magill,0.317790686,2,,0.203903926,5.386491564,7.55,,0.583065669,0.583065669,39.34847975,565
Yerry De Los Santos,-0.370910877,5,,0.185662913,5.279121687,6.2,,0.599792266,0.599792266,39.27275895,566
Dinelson Lamet,-0.607531251,7,640.5,0.179395764,5.252423433,7.3,640.5,0.603951448,0.603951448,39.16736064,567
Kyle Barraclough,-1.335391731,5,,0.160117585,5.136980944,5.91,,0.621935636,0.621935636,39.10266103,568
Eric Stout,-0.265733723,2,,0.188448645,5.331084266,7.48,,0.591697285,0.591697285,39.00729649,569
Luke Farrell,-0.964755137,2,,0.1699343,5.224933197,6.16,,0.60823401,0.60823401,38.90841548,570
Cy Sneed,3.964058146,3,,0.300479301,6.066050568,7.56,,0.477200692,0.477200692,38.88399966,571
Rex Brothers,-0.571789287,12,,0.180342429,5.295431401,6.87,,0.59725146,0.59725146,38.87969446,572
Heath Hembree,4.93395632,29,,0.326168113,6.233474397,8.11,,0.451118601,0.451118601,38.86433572,573
Walker Lockett,-4.340395942,1,,0.080526767,4.657151471,5.03,,0.696685783,0.696685783,38.86062754,574
Robert Stock,-4.022394466,0,,0.088949384,4.720122285,6.68,,0.686875887,0.686875887,38.79126351,575
Demarcus Evans,-0.208868533,2,,0.189954782,5.374779278,6.17,,0.584890265,0.584890265,38.74225235,576
Jared Hughes,-1.957130295,3,,0.14365016,5.095590053,6.5,,0.628383708,0.628383708,38.60169342,577
Corbin Martin,-0.974933099,0,,0.169664725,5.265386028,7.33,,0.601932073,0.601932073,38.57983991,578
Julian Merryweather,-0.442171128,5,,0.183775508,5.360359272,7.27,,0.587136683,0.587136683,38.54560955,579
Jake Faria,0.770193143,0,,0.215886299,5.580418423,7.63,,0.552854808,0.552854808,38.43705537,580
Bryse Wilson,-1.367787216,1,746.5,0.159259555,5.250484245,5.9,746.5,0.604253544,0.604253544,38.17565498,581
Hyeon-jong Yang,-0.213842969,0,,0.189823028,5.461395193,6.44,,0.57139682,0.571396821,38.06099245,582
Kervin Castro,-1.432080624,1,,0.157556674,5.26274375,6.43,,0.6023437,0.6023437,37.99501868,583
Conner Menez,-4.144735086,3,,0.085709059,4.805483584,4.52,,0.673577892,0.673577892,37.96434754,584
Cristopher Sanchez,-1.687959538,3,,0.150779442,5.239912017,6.87,,0.605900537,0.605900537,37.83399893,585
Taylor Williams,-1.368322597,9,,0.159245375,5.298148545,7.03,,0.59682817,0.59682817,37.80367725,586
Ashton Goudeau,0.218739189,4,,0.201280439,5.571712609,7.35,,0.554211042,0.554211042,37.77457405,587
Nick Vespi,-2.029789222,7,,0.141725709,5.197305118,5.51,,0.612538045,0.612538045,37.71318771,588
Beau Sulser,-1.861040806,0,,0.146195195,5.234269761,5.11,,0.606779515,0.606779515,37.64873551,589
Tyler Danish,-0.407825076,6,,0.184685201,5.482776475,6.42,,0.568065941,0.568065941,37.63755709,590
Kyle Cody,-0.11432399,0,,0.192458897,5.533130176,7.14,,0.560221599,0.560221599,37.63402482,591
Sean Newcomb,-0.069439742,9,,0.193647706,5.541230124,8.42,,0.55895975,0.55895975,37.63037279,592
Wade LeBlanc,-2.099567835,0,,0.139877546,5.200945347,5.83,,0.611970953,0.611970953,37.59242496,593
Sammy Long,-0.276799082,2,,0.188155567,5.513334158,6.35,,0.563305518,0.563305518,37.57305426,594
Ryan Weber,-1.373759408,7,,0.159101375,5.328089621,5.19,,0.592163805,0.592163805,37.563259,595
Kutter Crawford,-1.004969428,2,612.5,0.16886918,5.405462775,7.26,612.5,0.580110242,0.580110242,37.44897113,596
Nivaldo Rodriguez,1.282746383,0,,0.229461831,5.797614901,6.31,,0.519018894,0.519018894,37.42403627,597
Jonathan Holder,-0.588801364,3,,0.179891846,5.480477475,6.64,,0.568424091,0.568424091,37.41579683,598
Touki Toussaint,-0.672001032,1,,0.177688212,5.473152595,7.85,,0.569565196,0.569565196,37.36267038,599
Nick Ramirez,1.476434309,1,,0.234591868,5.840029048,7.16,,0.512411414,0.512411414,37.35016407,600
Gio Gonzalez,0.798976947,1,,0.21664867,5.727252383,7.39,,0.529980306,0.529980306,37.3314488,601
Trevor Megill,1.623193685,9,,0.23847895,5.87193393,7.65,,0.507441118,0.507441118,37.29600337,602
Yoan Lopez,3.002283454,4,,0.275005648,6.108910965,7.77,,0.470523693,0.470523693,37.27646706,603
Josh Rogers,-3.496839321,2,,0.102869286,5.005373947,6.41,,0.642438008,0.642438008,37.26536467,604
Cory Abbott,0.810777759,0,,0.216961227,5.738258591,6.93,,0.528265706,0.528265706,37.26134666,605
Luis Oviedo,1.156850555,1,,0.226127343,5.808079552,9,,0.51738866,0.51738866,37.17580016,606
Tommy Milone,0.921419106,3,,0.219891684,5.773345117,7.13,,0.522799758,0.522799758,37.1345721,607
Francisco Perez,-0.219307962,0,,0.189678282,5.591771191,7.89,,0.551086219,0.551086219,37.03822507,608
Oliver Ortega,-3.044519502,8,,0.11484947,5.114151299,5.43,,0.625492148,0.625492148,37.01708088,609
Nate Jones,0.627508595,9,,0.212107143,5.738597204,7.54,,0.528212955,0.528212955,37.01600493,610
Paul Campbell,0.54522898,2,,0.209927878,5.725157848,7.3,,0.530306603,0.530306603,37.01172404,611
Antonio Santos,-1.052910672,0,,0.167599404,5.455348013,7.44,,0.572338879,0.572338879,36.99691418,612
Seth Elledge,-3.491345261,1,,0.103014802,5.046885879,6.3,,0.635971079,0.635971079,36.94929404,613
Lewis Thorpe,0.356638874,0,,0.204932863,5.709269049,7.2,,0.532781837,0.532781837,36.88573498,614
Kirby Yates,1.532469475,5,,0.23607602,5.913095277,9.88,,0.501028805,0.501028805,36.85524124,615
Victor Arano,-1.466568143,9,,0.156643234,5.40527436,5.9,,0.580139594,0.580139594,36.83914144,616
Kolby Allard,-0.043947123,4,,0.194322905,5.658556678,7.08,,0.540682054,0.540682054,36.75024798,617
Brandon Waddell,-0.021262319,0,,0.194923737,5.665886692,7.81,,0.539540149,0.539540149,36.72319432,618
Jordan Weems,-0.775002415,0,,0.174960108,5.540536516,7.04,,0.559067804,0.559067804,36.70139558,619
Dan Altavilla,-1.479774308,6,,0.156293455,5.422806671,7.25,,0.577408326,0.577408326,36.68508906,620
Rico Garcia,-1.192937628,3,,0.163890637,5.472697641,6.56,,0.569636071,0.569636071,36.6763354,621
Austin Voth,2.566543931,13,608,0.263464611,6.123286423,8.03,608,0.468284215,0.468284215,36.5874413,622
Chad Kuhl,0.698447789,6,"1,031.00",0.213986045,5.80799983,7.15,"1,031.00",0.51740108,0.51740108,36.56935625,623
David Hale,-1.739484817,1,,0.149414738,5.40770966,7.3,,0.579760212,0.579760212,36.45874749,624
Chi Chi Gonzalez,-2.427529956,1,,0.131191112,5.295885217,6.38,,0.597180762,0.597180762,36.41859369,625
JC Mejia,-2.037167648,1,,0.141530284,5.372896334,7.3,,0.585183599,0.585183599,36.33569414,626
Jake Fishman,-4.780460152,2,,0.068871186,4.908231997,5.27,,0.657571249,0.657571249,36.32212177,627
Anderson Espinoza,-2.349292686,0,,0.133263311,5.330486012,7.04,,0.591790484,0.591790484,36.25268973,628
Patrick Murphy,-5.07079478,5,,0.061181357,4.870853037,6.4,,0.663394324,0.663394324,36.22878401,629
Tyler Webb,-1.522916057,6,,0.155150798,5.474877815,8.58,,0.569296433,0.569296433,36.22236155,630
Brad Keller,-1.671922178,2,773.5,0.151204209,5.462272863,8.25,773.5,0.571260093,0.571260093,36.12321507,631
Eric Hanhold,-0.131839425,0,,0.191994982,5.745774714,8.52,,0.527094808,0.527094808,35.9544895,632
Yunior Marte,-2.66018095,3,,0.125029096,5.331821896,6.88,,0.591582373,0.591582373,35.83057346,633
Jacob Lemoine,2.310162586,0,,0.256674071,6.188120564,9.24,,0.45818404,0.45818404,35.74290556,634
Justin Lawrence,-0.153781099,14,,0.191413833,5.769594672,8.31,,0.52338402,0.52338402,35.73989265,635
Ben Rowen,-1.19124135,0,,0.163935565,5.602337842,6.8,,0.549440095,0.549440095,35.66878303,636
Jeff Brigham,-6.650737231,3,,0.019334856,4.710635326,4.96,,0.688353811,0.688353811,35.38443333,637
Tony Gonsolin,-0.345660072,1,131.8,0.186331709,5.798117117,7.75,131.8,0.518940656,0.518940656,35.26361825,638
Mike Baumann,-1.443214512,4,909.5,0.157261781,5.62738107,7.85,909.5,0.545538741,0.545538741,35.14002607,639
Sam Clay,-1.370678959,11,,0.159182964,5.641432078,7.59,,0.543349807,0.543349807,35.12663855,640
Jake Newberry,-0.92598309,3,,0.17096122,5.730110929,7.86,,0.529534988,0.529534988,35.02481039,641
Ben Bowden,-1.416474558,4,,0.157970018,5.663047725,8.38,,0.539982417,0.539982417,34.89762175,642
Sal Romano,-0.791633249,2,,0.174519622,5.77120297,7.4,,0.523133472,0.523133472,34.8826547,643
Martin Perez,-1.061303445,1,288.4,0.167377112,5.738445783,5.93,288.4,0.528236544,0.528236544,34.78068284,644
Erick Fedde,-6.330234337,1,984,0.027823725,4.844998591,6.17,984,0.667422054,0.667422054,34.76228893,645
Adonis Medina,-1.219604732,2,,0.16318433,5.717466129,7.41,,0.531504856,0.531504856,34.7344593,646
Thomas Szapucki,-3.023086422,1,,0.115417148,5.412555349,6.17,,0.579005327,0.579005327,34.72112375,647
Kaleb Ort,-1.497516349,3,,0.155823537,5.680965213,8.09,,0.537191145,0.537191145,34.6507341,648
Anthony Castro,0.026808669,3,,0.19619695,5.957246302,7.59,,0.494150745,0.494150745,34.51738474,649
Wyatt Mills,-3.503877575,4,,0.10268287,5.358291705,7.76,,0.587458779,0.587458779,34.50708242,650
Hanser Alberto,-6.501823972,0,716,0.023278986,4.905140739,5.12,716,0.65805282,0.65805282,34.06659031,651
Andrew Vasquez,-4.662278092,0,,0.072001367,5.236991373,6.29,,0.606355529,0.606355529,33.91784481,652
J.D. Hammer,-6.089147473,1,,0.034209174,5.016378216,6.55,,0.64072371,0.64072371,33.74664418,653
Tayler Scott,-0.768850374,0,,0.175123051,5.921125505,8.83,,0.499777817,0.499777817,33.74504341,654
Cody Ponce,0.709526784,0,,0.214279485,6.202235907,7.4,,0.455985084,0.455985084,33.51322841,655
Kyle Keller,-2.161986995,3,,0.138224307,5.720545599,8.16,,0.531025121,0.531025121,33.46247141,656
Chad Smith,-0.72790724,0,,0.176207475,5.99452348,9.22,,0.488343527,0.488343527,33.22755008,657
Collin Snider,-1.637261395,11,,0.152122237,5.857156943,8.15,,0.509743148,0.509743148,33.09326925,658
Shaun Anderson,0.013555131,2,,0.195845915,6.155073013,8.68,,0.463332347,0.463332347,32.9589131,659
Calvin Faucher,-1.333614122,4,,0.160164667,5.929287424,7.17,,0.498506314,0.498506314,32.93354903,660
Will Harris,-4.653649983,7,,0.072229892,5.365214819,6.25,,0.586380263,0.586380263,32.93050774,661
Brandon Workman,1.136893278,16,,0.225598753,6.357702924,7.78,,0.431765683,0.431765683,32.86822176,662
Edwin Uceta,-4.03921664,0,,0.08850383,5.499833116,7.44,,0.565408776,0.565408776,32.69563028,663
Anthony Kay,-1.12756432,4,,0.165622121,6.001256437,7.73,,0.487294634,0.487294634,32.64583774,664
Jesse Biddle,-0.94618576,0,,0.17042613,6.069848089,9.7,,0.476609096,0.476609096,32.3517613,665
Sean Hjelle,-3.746602496,1,,0.096254035,5.596745013,7.4,,0.550311373,0.550311373,32.32827042,666
Yoshihisa Hirano,-1.691477711,5,,0.150686259,5.946390888,7.95,,0.495841854,0.495841854,32.32640563,667
Jimmy Cordero,-3.345256147,9,,0.106884131,5.677942177,7.66,,0.537662088,0.537662088,32.22731095,668
Dakota Bacus,-1.733918598,2,,0.149562166,5.957708383,9.97,,0.49407876,0.49407876,32.18204628,669
Wade Davis,1.432210698,6,,0.233420557,6.501934793,9.64,,0.409296547,0.409296547,32.1358552,670
Luke Weaver,-6.309288947,1,,0.028378486,5.195792312,6.47,,0.612773717,0.612773717,32.05761019,671
JoJo Romero,-1.163372663,7,,0.164673698,6.072871026,7.75,,0.476138168,0.476138168,32.0405933,672
Luis Madero,1.788440956,0,,0.242855704,6.583016324,10.75,,0.396665275,0.396665275,31.97604898,673
Alberto Baldonado,-3.45450829,3,,0.103990469,5.709203907,10.03,,0.532791985,0.532791985,31.83912269,674
Angel Perdomo,-1.465921231,1,,0.156660369,6.057942038,10.17,,0.478463878,0.478463878,31.75621233,675
Kyle Ryan,-2.729259794,7,,0.123199467,5.86743753,7.45,,0.508141588,0.508141588,31.56705279,676
Ramon Rosso,-2.833434722,0,,0.120440281,5.85187043,7.5,,0.510566706,0.510566706,31.55034934,677
Jason Alexander,0.162765603,0,,0.199797918,6.379140202,9.07,,0.42842608,0.42842608,31.41119988,678
Josh A. Smith,0.103484034,3,,0.198227781,6.370193031,9.13,,0.429819913,0.429819913,31.4023847,679
Chaz Roe,-7.38073756,6,,0,5.106104606,6,,0.6267457,0.6267457,31.33728502,680
Shun Yamaguchi,0.596570119,3,,0.211287704,6.478831081,9.81,,0.412895754,0.412895754,31.20917292,681
Alec Mills,0.035304765,3,,0.196421978,6.408047211,9,,0.423922807,0.423922807,31.01723925,682
Jeremy Beasley,-2.947037307,0,,0.117431392,5.903564954,7.34,,0.502513484,0.502513484,30.99724382,683
David Hess,0.963937511,4,,0.22101783,6.573134753,8.8,,0.398204674,0.398204674,30.96112522,684
Aaron Fletcher,0.950399775,1,,0.220659269,6.571061271,10.98,,0.398527691,0.398527691,30.95934798,685
Jesus Luzardo,-0.379148007,2,139.2,0.185444744,6.347066285,9.41,139.2,0.433422709,0.433422709,30.94337267,686
Reymin Guduan,-3.831369944,0,,0.094008877,5.781867551,7.95,,0.521472092,0.521472092,30.77404844,687
Andrew Heaney,-2.819155144,1,213.8,0.120818491,5.959951859,8.71,213.8,0.49372926,0.49372926,30.72738756,688
Brett de Geus,-0.226592051,6,,0.189485355,6.404294047,9.3,,0.424507493,0.424507493,30.6996424,689
Elieser Hernandez,-0.471198857,1,561.5,0.183006677,6.376884345,9.13,561.5,0.428777508,0.428777508,30.58920925,690
Chris Devenski,3.350641817,5,,0.2842323,7.029172024,11.22,,0.32716099,0.32716099,30.5696645,691
Luis Avilan,-2.163396392,0,,0.138186977,6.101578515,9.23,,0.471665977,0.471665977,30.49264774,692
Dellin Betances,-4.109493065,4,,0.086642482,5.785957126,9.79,,0.520834998,0.520834998,30.37387403,693
Justin Miller,-3.610550354,4,,0.099857525,5.891897908,7.53,,0.504331033,0.504331033,30.20942787,694
Luis Frias,0.008015791,5,,0.1956992,6.513741087,11.61,,0.407457305,0.407457305,30.15782527,695
Drew VerHagen,-1.214147478,5,,0.163328871,6.349560937,8.54,,0.433034081,0.43303408,29.81814759,696
Dusten Knight,0.969358238,0,,0.221161404,6.745750206,8.9,,0.371313807,0.371313807,29.62376055,697
James Norwood,-4.415774581,2,,0.078530282,5.831877278,9.09,,0.513681336,0.513681336,29.61058088,698
Bennett Sousa,-0.353474054,9,,0.186124747,6.527798985,10.13,,0.405267298,0.405267298,29.56960225,699
Miguel Yajure,0.044040004,2,,0.196653341,6.631954436,9.9,,0.38904146,0.38904146,29.28474004,700
Jefry Rodriguez,-2.418146805,0,,0.131439635,6.227763538,8.95,,0.452008266,0.452008266,29.17239504,701
Keury Mella,-3.703478161,2,,0.09739623,6.0108632,8.14,,0.485798046,0.485798046,29.15971382,702
Norge Ruiz,-2.092623484,1,,0.140061475,6.312853577,9.06,,0.43875253,0.43875253,28.94070025,703
Yusei Kikuchi,-7.071532269,3,424.8,0.00818964,5.46846121,6.33,424.8,0.570296042,0.570296042,28.9242841,704
Dereck Rodriguez,1.499562912,0,,0.235204454,6.930571948,9,,0.342521385,0.342521385,28.88629195,705
Dylan Covey,-2.878854778,1,,0.119237281,6.202432833,8.5,,0.455954406,0.455954406,28.75958432,706
Ryan Meisinger,-1.101201637,0,,0.166320365,6.510236522,11.1,,0.408003264,0.408003264,28.71618144,707
Mauricio Llovera,-2.869251342,2,,0.119491638,6.216712537,9.26,,0.453729845,0.453729844,28.66107414,708
Zack Burdi,0.83895175,1,,0.217707446,6.851237187,9.64,,0.354880536,0.354880537,28.62939913,709
Hector Rondon,-2.970538651,8,,0.116808933,6.275353612,9.45,,0.444594455,0.444594455,28.07016943,710
Justin Grimm,-0.861792589,3,,0.172661375,6.642250612,9.1,,0.387437472,0.387437472,28.00494238,711
Sean Guenther,-3.148681436,0,,0.112090627,6.277982144,11.32,,0.44418497,0.44418497,27.81377985,712
Michael Feliz,-0.96820423,1,,0.169842947,6.679253451,9.96,,0.381672992,0.381672992,27.57579693,713
Michael Wacha,-1.234129446,1,352.2,0.162799627,6.634072346,8.72,352.2,0.388711522,0.388711522,27.57555746,714
Shelby Miller,-1.683508144,2,823,0.150897342,6.564263321,10.07,823,0.399586708,0.399586708,27.5242025,715
Dovydas Neverauskas,-3.627608267,0,,0.099405727,6.241273449,8.9,,0.449903627,0.449903627,27.46546772,716
Josh Lindblom,0.766061335,0,,0.215776864,6.993330611,10.45,,0.332744538,0.332744538,27.4260701,717
Colten Brewer,-1.495652193,0,,0.155872912,6.613385679,8.43,,0.391934191,0.391934191,27.39035511,718
T.J. Zeuch,0.347734656,1,,0.204697025,6.931083221,8.13,,0.342441737,0.342441737,27.35693807,719
Beau Burrows,-0.038928514,0,,0.194455829,6.865560864,10.34,,0.352649125,0.352649125,27.35524769,720
Jose Marte,-3.391682448,0,,0.10565448,6.296505726,10,,0.441299277,0.441299277,27.34768785,721
Jimmy Yacabonis,-0.117978499,1,,0.192362104,6.860934078,10.36,,0.353369908,0.353369908,27.28660058,722
Casey Lawrence,-0.21006863,0,,0.189922996,6.847016733,9,,0.355538019,0.355538019,27.27305075,723
Trevor Kelley,-3.328651825,3,,0.107323915,6.34061045,8.26,,0.434428431,0.43442843,27.08761727,724
J.B. Bukauskas,-1.970195842,3,,0.143304105,6.587085027,9.58,,0.396031433,0.396031433,26.9667769,725
Robert Dugger,-2.228541176,0,,0.136461547,6.580346686,9.53,,0.397081164,0.397081164,26.67713555,726
James Kaprielian,-1.909433591,0,496,0.144913459,6.636204339,9.08,496,0.38837939,0.38837939,26.66464247,727
Tyler Cyr,-1.909433591,0,,0.144913459,6.636204339,9.08,,0.38837939,0.38837939,26.66464247,728
Ryan Buchter,-4.946416114,2,,0.064475661,6.211058649,7.83,,0.454610634,0.454610634,25.95431479,729
Jairo Diaz,-1.038422802,8,,0.167983131,6.882747314,9.9,,0.349971737,0.349971737,25.89774341,730
Stephen Tarpley,-1.512555227,5,,0.155425216,6.849993881,12.64,,0.355074225,0.355074225,25.52497205,731
Jacob Waguespack,-3.703857441,1,,0.097386185,6.485141539,10.19,,0.411912681,0.411912681,25.46494327,732
Chase Anderson,-0.844077353,1,,0.173130583,7.035836195,10.31,,0.326122813,0.326122813,24.9626698,733
Jackson Kowar,0.076740538,2,,0.19751945,7.325425046,11.36,,0.281009266,0.281009267,23.92643582,734
Robbie Erlin,-0.650758992,0,,0.178250831,7.230927575,9.82,,0.295730538,0.295730538,23.69906843,735
Shawn Morimando,-1.430088656,0,,0.157609433,7.16158468,11.81,,0.306533108,0.306533108,23.20712709,736
Jose De Leon,-2.168982563,0,,0.138039022,7.131513295,14.87,,0.311217774,0.311217774,22.46283976,737
James Kaprielian,-5.415565932,2,496,0.052049716,6.636204339,9.08,496,0.38837939,0.38837939,22.02145531,738
Tyler Cyr,-5.415565932,2,,0.052049716,6.636204339,9.08,,0.38837939,0.38837939,22.02145531,739
Elvis Peguero,-1.561510153,0,,0.154128592,7.320165342,11.08,,0.281828649,0.281828649,21.79786201,740
Justin Topa,-3.909017715,1,,0.091952291,6.940322902,10.15,,0.341002334,0.341002334,21.64773126,741
Phillip Diehl,1.018013855,0,,0.222450101,7.780984832,12.43,,0.210039968,0.210039968,21.62450345,742
Nick Goody,-0.787012453,1,,0.174642009,7.551141125,12.1,,0.245846128,0.245846128,21.02440684,743
Spenser Watkins,0.874902994,1,,0.218659654,7.842128831,12.11,,0.200514661,0.200514661,20.95871574,744
Yennier Cano,-2.130171056,1,,0.139066987,7.388435677,13.83,,0.271193167,0.271193167,20.51300767,745
Konner Wade,0.526369266,0,,0.209428358,7.870126882,13.95,,0.196152989,0.196152989,20.27906735,746
Edgar Garcia,1.083394015,4,,0.224181766,8.125212043,13.89,,0.156414594,0.156414594,19.029818,747
Wilmer Font,-4.249738638,3,,0.082927925,7.228702942,12.19,,0.296077102,0.296077102,18.95025135,748
Franklyn Kilome,0.063969916,1,,0.197181206,8.009091047,13.15,,0.174504482,0.174504482,18.5842844,749
Andrew Nardi,-3.323989604,2,,0.107447399,7.521103295,12.48,,0.250525566,0.250525566,17.89864824,750
Marcus Walden,-0.684888742,3,,0.177346867,8.085711903,11.85,,0.162568116,0.162568116,16.99574913,751
Jake Jewell,-2.106316023,0,,0.139698813,7.891268322,12.2,,0.192859474,0.192859474,16.62791436,752
A.J. Alexy,-1.054987702,1,,0.167544392,8.122162046,15.19,,0.156889737,0.156889737,16.22170643,753
Anthony Swarzak,-6.050387979,0,,0.035235761,7.418804801,11.19,,0.266462118,0.266462118,15.08489397,754
Randy Dobnak,-4.970873643,1,,0.063827877,7.754623943,12.18,,0.214146594,0.214146594,13.89872355,755
Brooks Kriske,-0.015266801,2,,0.195082535,9.129254634,16.6,,0,0,9.754126753,756
