,Name,Model_Projection_Sum_of_W_SV_HLD,Actual_Sum_of_W_SV_HLD,ADP
0,Kenley Jansen,24.954655833108436,102,99.0
1,Hector Neris,24.048801177238495,72,498.3
2,Mark Melancon,22.67617704606257,78,468.6
3,Chris Stratton,21.815708733833905,49,
4,Liam Hendriks,21.795926849057125,104,244.4
5,Emilio Pagan,21.74144694453885,50,821.0
6,Scott Barlow,21.320250428226842,83,151.4
7,Matt Barnes,20.435944645087915,56,483.3
8,Raisel Iglesias,20.082305816529423,89,78.4
9,Devin Williams,19.8414238212809,94,59.6
10,Craig Kimbrel,19.547273168355048,69,235.2
11,Ryan Tepera,19.520245278653967,53,685.5
12,Brad Boxberger,18.99836036930721,72,490.0
13,Edwin Diaz,18.989296526129024,86,35.8
14,Adam Ottavino,18.656080075526553,71,488.8
15,Giovanny Gallegos,18.62314367360373,80,280.2
16,Ryan Helsley,17.49703930889075,56,89.4
17,Alex Colome,17.34681106553635,53,625.0
18,Bryan Shaw,17.299838564388995,41,
19,Jake Diekman,17.102463447503794,61,867.5
20,Ryan Pressly,17.067294190355963,81,73.4
21,Taylor Rogers,16.593661452756685,71,298.4
22,Lou Trivino,16.227433837126156,54,534.8
23,Seth Lugo,15.683727722762674,44,514.7
24,A.J. Minter,15.393683578982118,76,316.0
25,Kendall Graveman,15.187412959775026,68,250.8
26,Daniel Bard,14.925826404671893,83,153.4
27,Aaron Loup,14.77481431097313,48,
28,Carlos Estevez,14.765323809510097,56,315.4
29,Kyle Finnegan,14.764358180477382,65,358.8
30,James Karinchak,14.698741755576654,54,372.0
31,Chad Green,14.691308191238624,49,681.5
32,Anthony Bass,14.51752490477376,61,602.8
33,David Robertson,14.488007640188442,29,368.8
34,Paul Sewald,14.484468315437296,70,181.2
35,Jordan Romano,14.470726480957401,87,67.6
36,Jesse Chavez,14.14881113302434,21,
37,Dylan Floro,13.955291396170367,55,288.4
38,Rafael Montero,13.892397921532849,66,308.2
41,Cole Sulser,13.875060232587535,34,
42,Brent Suter,13.817546391420093,31,906.5
43,Jeurys Familia,13.812618533144942,37,824.0
44,Wandy Peralta,13.805103221875179,33,628.5
45,Alex Lange,13.804521939452195,36,267.0
46,Erik Swanson,13.804521939452195,36,448.4
47,Brad Hand,13.784362258958273,70,869.5
48,Craig Stammen,13.588952556840956,26,
49,Yimi Garcia,13.516920290755904,58,693.0
50,Tanner Scott,13.342455953535767,55,558.5
51,Aroldis Chapman,13.00001997841526,55,297.6
52,Mychal Givens,12.857910181746336,47,
53,Jonathan Loaisiga,12.659081019047514,50,452.2
54,Hansel Robles,12.626907219542872,45,
55,Ryne Stanek,12.550614043985439,46,687.0
56,Clay Holmes,12.484354577222447,53,131.4
57,Gregory Soto,12.335413021314778,71,297.8
58,Nabil Crismatt,12.242811283880675,14,
59,Josh Hader,12.071091318199706,90,53.4
60,Phil Maton,11.859062746409451,32,
61,Genesis Cabrera,11.809333100875579,57,
62,Tyler Rogers,11.608858888370461,84,506.3
63,Mike Mayers,11.555207833787488,35,
64,Jorge Lopez,11.446560317125773,30,251.0
65,Trevor Richards,11.267379142328423,25,
66,Chris Martin,11.261408899332281,39,594.0
67,Brooks Raley,11.09076124114762,49,607.0
68,Tyler Duffey,11.05235772691937,54,
69,Collin McHugh,10.95079174476763,33,513.5
70,Corey Knebel,10.925997990248588,31,831.5
71,Yusmeiro Petit,10.812117129754382,41,
72,Jarlin Garcia,10.569986417696763,32,
73,Emmanuel Clase,10.476684589027052,79,38.8
74,Diego Castillo,10.412722228826304,66,485.6
75,Daniel Hudson,10.351357720607735,50,337.0
76,David Bednar,10.204345962084066,45,140.8
77,Aaron Bummer,10.18137976512723,46,
78,Steve Cishek,9.932011717800144,29,
79,Andrew Chafin,9.730790258680763,58,526.0
80,Jose Alvarado,9.592616617902005,57,448.6
81,Duane Underwood Jr.,9.488632671570524,18,"1,046.0"
82,Rowan Wick,9.45340650191458,33,713.0
83,Connor Brogdon,9.295783089201196,27,
84,Jimmy Herget,9.001915688122283,22,374.2
85,Michael Fulmer,8.991396320532745,60,755.5
86,Zack Littell,8.916526569050575,20,
87,Daniel Norris,8.835002511461521,17,
88,Trevor Stephan,8.67036334969718,35,684.5
89,Jose Ruiz,8.600664204098079,17,
90,Wil Crowe,8.526509157994814,26,852.0
91,Dennis Santana,8.515206392533447,32,
92,Matt Bush,8.472734287808239,25,628.5
93,Dillon Tate,8.41753150382191,38,597.7
94,Miguel Castro,8.383224711349355,34,
95,Alex Reyes,8.340645484202597,47,522.0
96,Jose Cisnero,8.326708637692363,41,
97,Noe Ramirez,8.316902506095595,27,
98,Yency Almonte,8.303060505541561,21,750.5
99,Garrett Whitlock,8.14320679686014,37,284.8
100,Jason Adam,7.991188457220153,36,295.8
101,Trevor May,7.783866172643458,47,395.2
102,Joely Rodriguez,7.628639148896196,30,
103,Ian Kennedy,7.584704351165067,55,
104,J.P. Feyereisen,7.552930852195521,34,843.0
105,Ryan Thompson,7.541007508244579,36,
106,Anthony Misiewicz,7.439063656242909,37,
107,Blake Treinen,7.428985578137556,60,498.5
108,John King,7.410512281425833,21,
109,Taylor Clarke,7.392615060864264,26,
110,Jake McGee,7.36699235958127,57,711.0
111,Tanner Rainey,7.355992254808227,38,
112,Blake Taylor,7.25427535879813,22,
113,Tim Mayza,7.225338947975466,50,
114,Griffin Jax,7.22335203007734,27,664.5
115,Joe Jimenez,7.206986977223327,38,550.3
116,Dominic Leone,7.1565420079126385,42,
117,Caleb Thielbar,7.143262848842946,45,851.5
118,Amir Garrett,7.076883440728607,35,690.5
119,Richard Bleier,7.046985244567123,40,
120,Lucas Sims,7.04003015788413,31,755.0
121,Keegan Thompson,6.932624438948105,10,479.0
122,Matt Strahm,6.918471653282148,23,824.5
123,Junior Guerra,6.747968109492822,12,
124,Joe Mantiply,6.732672495602324,37,592.5
125,Chasen Shreve,6.705002135302584,21,
126,Bryan Abreu,6.555629730890226,25,459.5
128,Erik Swanson,6.535807296187233,27,448.4
127,Alex Lange,6.535807296187233,27,267.0
129,Dany Jimenez,6.531613001599693,18,549.3
130,Erasmo Ramirez,6.371953004992089,11,
131,Jake Brentz,6.344503957343219,24,
132,A.J. Puk,6.3284357905436375,28,410.8
133,Pete Fairbanks,6.215189051970376,49,193.6
326,Alex Vesia,6.093028164768934,36,542.3
423,Michael King,6.078909810360708,28,457.4
424,Trevor Gott,6.0681404875652944,22,
425,Brock Burke,6.032550022626976,16,474.6
426,Jose Leclerc,6.023742222412009,12,208.8
523,Jhoulys Chacin,5.9410836557959,27,
524,Sergio Romo,5.889601362287686,36,
525,Alex Young,5.8344509368575,15,
526,Tejay Antone,5.815422170930815,14,683.0
719,Sam Coonrod,5.7337234735498,20,
720,Caleb Smith,5.714912015725519,10,
721,Chase De Jong,5.708317140434136,10,
722,Pierce Johnson,5.700468795700241,23,
819,Tony Watson,5.654175890266611,39,
916,Josh Staumont,5.574704887652631,46,
917,Luis Cessa,5.574138832829242,19,
918,Kyle Funkhouser,5.564414686041982,18,
919,Tim Hill,5.561241012493348,42,
920,Tyler Kinley,5.555572911575816,28,
922,Hunter Strickland,5.5553106581354434,19,
921,Tommy Hunter,5.5553106581354434,19,
1019,Lucas Luetge,5.50058812450062,20,
1212,Tyler Clippard,5.444550723422231,19,
1213,David Phelps,5.430961434257955,22,
1406,Matt Andriese,5.377672132148924,13,
1599,Joakim Soria,5.296261933755608,20,
1696,Hirokazu Sawamura,5.250745746439589,19,
1697,Dan Winkler,5.239410062199116,8,
1794,Andrew Kittredge,5.151095042356789,34,543.5
1795,Reynaldo Lopez,5.138257457197184,17,499.3
1796,Matt Wisler,5.13140196652328,27,873.5
1893,Greg Holland,5.090675678782062,30,
1894,Brett Martin,5.064261344778708,29,
2087,Jacob Barnes,5.053944752521307,10,
2088,Jeffrey Springs,5.030172944947211,19,161.2
2089,Phil Bickford,5.0152468630635685,22,
2186,Tyler Matzek,4.973231665436544,42,
2379,Jorge Alcala,4.8481150032755105,17,745.0
2572,Brad Brach,4.781563358645907,13,
2669,Jonathan Hernandez,4.739235395650148,19,551.7
2862,Adam Cimber,4.6187094221054625,45,577.0
2863,Nick Wittgren,4.602084767593384,30,
2864,Anthony Bender,4.544043089196567,28,
2865,Codi Heuer,4.541679441334656,35,
2866,Drew Smith,4.501064003202751,23,
2867,Wander Suero,4.464404348919083,16,
3060,Cy Sneed,4.363638406840958,3,
3061,Buck Farmer,4.314804388746362,19,990.0
3062,Nick Sandlin,4.308309328829226,18,
3063,Cesar Valdez,4.304335580600192,14,
3064,Joe Kelly,4.2989875086491205,34,
3257,Domingo Acevedo,4.174906536795989,28,427.6
3258,Michael Lorenzen,4.144550797578976,20,417.3
3259,Alexis Diaz,4.1220229042524466,30,156.8
3260,Kyle Zimmer,4.043749083462971,17,
3261,Richard Rodriguez,4.032910810575632,36,
3262,Camilo Doval,4.012899758037122,47,105.2
3359,Scott Effross,3.963385805842739,26,930.5
3360,Andres Machado,3.9340291166599926,16,
3553,Evan Phillips,3.8706124675820495,33,231.2
3554,Justin Bruihl,3.808482727621464,8,
3651,Kevin Ginkel,3.7264397215725387,13,584.5
3652,Mark Leiter Jr.,3.7006915908419336,9,
3653,Heath Hembree,3.6965080706345965,29,
3654,Ryan Brasier,3.6892064068189363,29,
3943,Eli Morgan,3.4853985543225527,15,717.0
3944,Josh Osich,3.472003040245063,8,
3945,Rafael Dolis,3.471147717765813,22,
3946,Evan Marshall,3.4649506565167973,16,
4043,Robert Stephenson,3.4579617345705747,18,
4044,Joe Barlow,3.4070494710832944,30,449.8
4045,Jaime Barria,3.3981136701546393,8,
4046,Michael Rucker,3.387018358751414,8,
4047,Carl Edwards Jr.,3.352570668213206,23,794.5
4144,Archie Bradley,3.3260871019971727,38,
4337,Brandon Kintzler,3.2439572688466436,19,
4434,Cionel Perez,3.2049585248429726,35,803.0
4531,Adam Morgan,3.178235762053571,10,
4724,Jacob Lemoine,3.117229626281144,0,
4725,Brandon Bielak,3.112136908585943,9,
4726,Yoan Lopez,3.1012512392417966,4,
4727,Lucas Gilbreath,3.1007926836089963,22,
4824,Ranger Suarez,3.059222479004423,9,246.0
4825,Nick Nelson,3.0585698524244913,8,
5018,Joel Payamps,2.9142149242327364,7,
5211,Ryan Borucki,2.8783905709432043,16,
5212,Shawn Armstrong,2.86984327509351,14,
5309,Andrew Wantz,2.835271296091261,10,
5406,Anthony Banda,2.7748200573998174,11,
5407,Austin Davis,2.7720277336793018,11,
5408,Huascar Brazoban,2.761751435200253,5,
5409,JT Chargois,2.743012825226861,26,
5602,Matt Foster,2.7319243647692444,20,
5603,Austin Pruitt,2.702726974263178,3,
5604,John Brebbia,2.67307896058381,25,
5605,John Schreiber,2.6633342483094227,35,404.0
5702,Sam Hentges,2.5956114406034683,13,825.5
5703,Darwinzon Hernandez,2.5615649367179683,17,
5896,Jhoan Duran,2.499697541360858,28,154.8
5897,Andre Scrubb,2.4967159659916836,7,
5898,Felix Bautista,2.473091609193235,32,91.0
5995,Tyler Alexander,2.3933490767200762,9,
5996,Travis Lakins Sr.,2.388246836641674,9,
5997,Taylor Hearn,2.3823728027064446,8,
5998,Jose Suarez,2.3605018325208955,4,351.5
5999,Oliver Drake,2.3322275858437043,3,
6000,Chris Rodriguez,2.2920371371053503,4,
6097,Sam Howard,2.2856540088612567,20,
6098,Phillips Valdez,2.2765157797310005,10,
6099,Ryan Burr,2.2667286878381314,7,
6100,Brandon Hughes,2.2473886881712515,18,375.6
6101,Josh Fleming,2.244169261722746,13,
6102,Conner Greene,2.208463420470257,2,
6103,Luke Jackson,2.2060654443614993,36,
6200,Josh Winder,2.17201395505795,0,620.0
6297,Nick Martinez,2.1432333775849135,18,381.5
6298,Adam Plutko,2.114180567965584,9,
6299,Tarik Skubal,2.0865308758903627,0,386.6
6396,Joe Smith,2.049690537573719,23,
6397,Chris Devenski,2.041014479310177,5,
6398,Manny Banuelos,2.0283921052372653,8,
6399,Dylan Coleman,2.022941547673211,21,623.0
6400,Ryne Harper,1.980555793740027,5,
6401,Drew Steckenrider,1.9740422395618433,32,
6402,Bryan Baker,1.9451097283627907,14,814.0
6403,Ralph Garza,1.9074599108655226,6,
6404,Albert Abreu,1.8909651070306819,9,
6405,Matt Moore,1.8792158847047113,26,731.0
6406,Andres Munoz,1.8754216838094313,28,170.8
6407,Hoby Milner,1.8671423353648342,14,
6408,Jose Quijada,1.8413498868372276,20,
6409,Derek Law,1.810472974534566,5,
6410,Paul Fry,1.8073167753603128,23,
6411,Steven Okert,1.6567934684192986,28,
6412,Nick Mears,1.6553473225450317,5,
6413,Jovani Moran,1.6432327886617022,3,837.0
6414,Jalen Beeks,1.6254605407397682,12,784.5
6415,Josh Sborz,1.6093083421678804,16,
6416,Jeff Hoffman,1.5989982624321535,8,
6417,Clarke Schmidt,1.589416439325989,11,518.3
6418,A.J. Cole,1.5843545759092212,8,
6419,Enyel De Los Santos,1.5741659341208167,13,
6420,Mason Thompson,1.5712633570791044,9,
6421,J.B. Wendelken,1.5583371239391892,18,
6422,Deolis Guerra,1.511786179770467,8,
6423,Ryan Yarbrough,1.4582442763840284,8,709.5
6424,Ron Marinaccio,1.4436592477119083,7,712.0
6425,Zach Jackson,1.437194049568183,31,656.5
6426,Jose Alvarez,1.431377797846696,18,
6427,Ross Stripling,1.4120019152700045,3,274.4
6428,Austin Voth,1.3977865541296455,13,608.0
6429,Casey Sadler,1.3869766935062782,21,
6430,Kirby Yates,1.3764245485729567,5,
6431,Luis Madero,1.3306313564751997,0,
6432,Tommy Nance,1.323819089183601,10,
6433,Keegan Akin,1.2981581636466044,8,760.0
6434,Dereck Rodriguez,1.2521334234938333,0,
6435,Michael Kopech,1.2204776497853944,16,273.2
6436,Jharel Cotton,1.2056601058972751,11,
6437,Reiver Sanmartin,1.178112935241231,11,
6438,Keone Kela,1.1637747090206856,3,
6439,Dillon Peters,1.1128723349269845,8,
6440,Edgar Garcia,1.0924384690080664,4,
6441,Jace Fry,1.0893689038678291,1,
6442,Nivaldo Rodriguez,1.0439362418266478,0,
6443,Jacob Webb,1.0296697120149803,6,
6444,Ryan Hendrix,0.9755893210466452,8,
6445,Zach Thompson,0.9451131691208389,2,999.5
6446,Aaron Slegers,0.9430633277391173,8,
6447,Cal Quantrill,0.9295692885974499,6,278.6
6448,Josh Lindblom,0.9030028843243577,0,
6449,Nick Ramirez,0.8395316286899958,1,
6450,Brandon Brennan,0.8327440202527475,0,
6451,Reyes Moronta,0.8304765318533721,10,776.0
6452,Tommy Kahnle,0.8057868846907655,3,696.5
6453,Nick Tropeano,0.7926557291732658,2,
6454,Erich Uelmen,0.7879084388850109,6,
6455,Josh Tomlin,0.7677223525382392,7,
6456,Carlos Hernandez,0.7628381188627024,2,906.0
6457,Gio Gonzalez,0.7229765989424447,1,
6458,Phillip Diehl,0.7189569331267861,0,
6459,Brusdar Graterol,0.70002913238858,29,454.8
6460,Shane Greene,0.691732410178152,14,
6461,Bryan Garcia,0.6685742203372264,17,
6462,Joey Krehbiel,0.6542500362251152,18,
6463,Joel Kuhnel,0.6208684753481576,9,
6464,Zach Pop,0.5871722186359621,9,
6465,Vince Velasquez,0.5642707366191476,2,578.0
6466,Robert Suarez,0.5533793514710538,17,374.2
6467,Austin Gomber,0.5529332231799363,1,
6468,Mitch White,0.5515276151677081,3,828.5
6469,Seranthony Dominguez,0.5442700289266896,30,276.0
6470,David Peterson,0.5429900458159854,3,356.0
6471,Nick Neidert,0.5224593991843848,0,
6472,Cory Abbott,0.5032569606157714,0,
6473,Franklyn Kilome,0.48608369045198624,1,
6474,Kirby Snead,0.48128916628830093,7,
6475,Brooks Kriske,0.47034392574010847,2,
6476,Justin Wilson,0.4668092516470656,17,
6477,Garrett Crochet,0.43067574978087747,15,773.5
6478,Garrett Richards,0.37930012536286534,12,
6479,T.J. Zeuch,0.36452741816158,1,
6480,Jake Cousins,0.3555252333752518,11,
6481,Will Vest,0.35246911209473425,15,
6482,Luis Oviedo,0.3032681258972418,1,
6483,Dusten Knight,0.30181368276657333,0,
6484,Daniel Mengden,0.2869269111314476,1,
6485,Enoli Paredes,0.264874720871018,9,
6486,Mark Appel,0.23130818186177365,0,
6487,Felix Pena,0.2213274078679312,9,
6488,Derek Holland,0.21634312909536496,7,
6489,Tyler Thornburg,0.21614660055846419,1,
6490,Jake Woodford,0.19913435900738746,5,
6491,Domingo Tapia,0.17760465202402392,11,
6492,Spenser Watkins,0.170599982260297,1,
6493,Cody Poteet,0.1480145949839355,1,
6494,Jason Foley,0.14274667598306062,7,
6495,Kirk McCarty,0.11741336787736338,4,
6496,Art Warren,0.11609910127825011,13,
6497,Brandon Workman,0.10983458975619269,16,
6498,Brady Lail,0.0876840547065149,0,
6499,Zack Kelly,0.06588032519258229,2,
6500,Wade Davis,0.06198763306135395,6,
6501,Trevor Megill,0.04472225904680609,9,
6502,Jeremy Jeffress,0.03502173649264122,15,
6503,Ross Detwiler,0.03360354185158092,8,
6504,Victor Gonzalez,0.03254926811402396,25,
6505,Tanner Houck,0.013628186747154533,16,386.2
6506,Junior Fernandez,0.003965461136554424,4,
6507,Adrian Morejon,-0.011048053249035863,12,570.5
6508,Yohan Ramirez,-0.012481704656606876,14,
6509,Jordan Hicks,-0.023325638281838604,14,570.0
6510,Shun Yamaguchi,-0.024733212969361443,3,
6511,Fernando Abad,-0.04065234720523299,2,
6512,Ty Buttrey,-0.07846009161664365,9,
6513,Chris Mazza,-0.07863767961623476,2,
6514,Yacksel Rios,-0.09006588361143282,5,
6515,Matt Gage,-0.11737898062215175,0,
6516,Aaron Fletcher,-0.11998123927497047,1,
6517,Josh James,-0.12099798318283812,5,
6518,David Hess,-0.1578623784345135,4,
6519,Burch Smith,-0.1777412000862924,8,
6520,Tommy Milone,-0.19390615914112824,3,
6521,Riley Smith,-0.20851057868045358,3,
6522,Robert Gsellman,-0.20890878398653606,3,
6523,Manuel Rodriguez,-0.21086595651446,13,721.0
6524,Jimmy Lambert,-0.22809390886025477,11,
6525,Matt Magill,-0.23179107326152676,2,
6526,Kris Bubic,-0.23353992640939475,1,654.5
6527,Andrew Miller,-0.2428007094709071,11,
6528,Sean Poppen,-0.2439759958015298,10,
6529,Jason Alexander,-0.25098861786551546,0,
6530,Cody Ponce,-0.2611459334551947,0,
6531,David Price,-0.2799959489339761,15,
6532,Colin Poche,-0.28153078341373733,34,843.0
6533,Nate Jones,-0.3417035615673079,9,
6534,Steven Wilson,-0.35064872345887804,10,
6535,Caleb Ferguson,-0.3651380533762388,15,"1,006.0"
6536,Alex Claudio,-0.37997070013527284,6,
6537,Gabe Klobosits,-0.3805646838011281,4,
6539,Tommy Hunter,-0.4340842770449987,10,
6538,Hunter Strickland,-0.4340842770449987,10,
6540,Cristian Javier,-0.4511198835638222,8,66.4
6541,Keynan Middleton,-0.4513912831811709,12,
6542,Angel De Jesus,-0.4792009621521592,0,
6543,Paolo Espino,-0.4793825145654618,1,879.0
6544,Wes Benjamin,-0.48842783436145726,2,
6545,Tyler Beede,-0.5115121536444923,5,
6546,Konner Wade,-0.5713636163323564,0,
6547,Austin Brice,-0.5745595052278286,5,
6548,Wily Peralta,-0.5868965585369258,5,
6549,Dauri Moreta,-0.5895718423712925,2,
6550,Jose Urena,-0.5968286484313613,3,
6551,Garrett Hill,-0.6150507807707507,1,
6552,Trevor Williams,-0.6184410539203199,3,713.0
6553,Andre Jackson,-0.6690317826499229,3,
6554,Jackson Kowar,-0.6882117009867489,2,
6555,Trent Thornton,-0.6899889310844339,4,
6556,Huascar Ynoa,-0.7051425823701577,4,685.5
6557,Luis Perdomo,-0.7051425823701577,4,
6558,Max Castillo,-0.705439524411858,0,958.0
6559,Tony Gonsolin,-0.7173669802368153,1,131.8
6560,Corey Oswalt,-0.7227027237778264,1,
6561,Josh A. Smith,-0.7304683793435881,3,
6562,Zack Burdi,-0.755748424780731,1,
6563,Lewis Thorpe,-0.7747846482336981,0,
6564,Ronald Bolanos,-0.7770081355917421,0,
6565,Brandon Waddell,-0.7806123315839563,0,
6566,Paul Campbell,-0.7891503941067194,2,
6567,Carson Fulmer,-0.7910425909880526,1,
6568,Drew Hutchison,-0.8056320853033773,3,763.5
6569,Justus Sheffield,-0.8148995944703111,2,
6570,Marcus Walden,-0.8382065382590479,3,
6571,Jake Faria,-0.8500818013974055,0,
6572,Tony Santillan,-0.8611955418478158,10,
6573,Aaron Ashby,-0.8771558499373387,5,266.8
6574,Gabe Speier,-0.8952410231348468,3,
6575,Miguel Yajure,-0.9592223283556439,2,
6576,Juan Minaya,-0.9787084462880727,10,
6577,Miguel Diaz,-0.9913518091860113,5,
6578,Austin Adams,-0.9924321705397706,15,
6579,Touki Toussaint,-1.0063566694305714,1,
6580,Taylor Widener,-1.0090562438496302,3,
6581,Jimmy Yacabonis,-1.0097899142701119,1,
6582,Jackson Stephens,-1.022946273462803,7,
6583,Andrew Bellatti,-1.0273017037960928,15,
6584,Stefan Crichton,-1.0353103539394468,18,
6585,Josh Taylor,-1.0550010507868774,19,
6586,Ian Gibaut,-1.056053921109785,7,
6587,Caleb Baragar,-1.0651040582672644,18,
6588,Trevor Rosenthal,-1.0772406477852738,13,
6589,Humberto Castellanos,-1.0838216919263302,1,
6590,JP Sears,-1.0841292477409514,1,434.0
6591,Justin Garza,-1.0939246645257608,2,
6592,Danny Coulombe,-1.1127032799662506,5,
6593,Ashton Goudeau,-1.1163773800740715,4,
6594,Ty Blach,-1.1213492859598413,2,
6595,Tayler Saucedo,-1.1294263203837624,1,
6596,Drew Anderson,-1.143370004610403,1,
6597,Casey Lawrence,-1.1532598163350591,0,
6598,Chad Kuhl,-1.15743708158265,6,"1,031.0"
6599,Yoshihisa Hirano,-1.1624936350526627,5,
6600,Sean Doolittle,-1.1863602682851233,14,
6601,Garrett Cleavinger,-1.1903587957627855,3,
6602,Luis Perdomo,-1.1944706283832518,0,
6603,Huascar Ynoa,-1.1944706283832518,0,685.5
6604,Zac Lowther,-1.2016697988117462,0,
6605,Spencer Patton,-1.2139206090518673,16,
6606,Luis Frias,-1.2239574567133376,5,
6607,Stephen Nogosek,-1.2261046562040512,1,
6608,Kwang-hyun Kim,-1.2613285236998804,3,
6609,Kodi Whitley,-1.2623544723325242,7,
6610,Jonathan Holder,-1.2768745816079805,3,
6611,Travis Bergen,-1.2889227643084677,4,
6612,Tanner Banks,-1.289501344346882,3,
6613,Packy Naughton,-1.296582502627228,4,
6614,Scott Alexander,-1.2998708486766375,14,
6615,Hyeon-jong Yang,-1.318287852562287,0,
6616,Chris Flexen,-1.3292880982494573,3,550.5
6617,Drew Rasmussen,-1.3308200898502542,4,169.4
6618,Alec Mills,-1.3442084884534633,3,
6619,Yerry De Los Santos,-1.3459640212767494,5,
6620,Peter Strzelecki,-1.3588108277172741,7,
6621,Blake Parker,-1.4113290207051385,10,
6622,Francisco Perez,-1.4266610178744352,0,
6623,Tyler Danish,-1.4314785725679158,6,
6624,Shaun Anderson,-1.4379003632055685,2,
6625,Eric Hanhold,-1.4436982193482881,0,
6658,Robbie Erlin,-1.473011596565984,0,
6659,Ian Krol,-1.4792959485876584,0,
6756,Tyler Wells,-1.538262046774206,7,491.0
6757,Jakob Junis,-1.5399248091258622,4,564.0
6758,Sammy Long,-1.5495224919130257,2,
6759,Demarcus Evans,-1.5639222030552113,2,
6760,Reiss Knehr,-1.5797184512249165,1,
6761,Elieser Hernandez,-1.5799545561586317,1,561.5
6858,Bennett Sousa,-1.58254702486577,9,
6859,Matt Peacock,-1.6171270395290442,4,
6956,Kolby Allard,-1.6288087977517403,4,
6957,Sean Newcomb,-1.6296566817591385,9,
6990,Beau Burrows,-1.6356933110515663,0,
6991,Hunter Harvey,-1.6469385703757562,14,648.5
6992,Pedro Baez,-1.6512257738164158,8,
6993,Jake Bird,-1.667124152603929,7,
7026,Kyle Cody,-1.6886498472798317,0,
7027,Cole Sands,-1.7013956446506928,1,
7124,Jesus Luzardo,-1.7210794722616238,2,139.2
7125,Ryan Meisinger,-1.7315067203797783,0,
7126,Eric Stout,-1.7316698383742268,2,
7191,Anthony Castro,-1.7669769453646047,3,
7192,Stephen Tarpley,-1.7821767861181772,5,
7193,Nik Turley,-1.8345151282377465,4,
7290,Chase Anderson,-1.8556393922990913,1,
7291,Kyle Crick,-1.8655510993777542,12,
7292,Jesse Biddle,-1.8687059507835693,0,
7293,Jairo Diaz,-1.8887222859139687,8,
7294,Cody Reed,-1.9075158868062514,3,
7295,Dillon Maples,-1.9162304322124213,1,
7296,Justin Grimm,-1.9168031081220722,3,
7425,Logan Gillaspie,-1.9334223004792894,1,
7426,Jordan Sheffield,-1.9524561107857832,4,
7427,Ronny Henriquez,-1.9545141374584596,0,
7524,Jake Newberry,-1.9666197130690095,3,
7557,T.J. McFarland,-1.9763823360249193,28,
7558,Nick Goody,-1.9835687278903629,1,
7559,Rony Garcia,-1.98469789511092,1,"1,023.0"
7624,Luke Farrell,-2.0021217123033406,2,
7625,Logan Allen,-2.0364789252582813,2,
7722,Miguel Sanchez,-2.0458003872336734,5,
7723,Cameron Hill,-2.0513644824314277,5,
7724,JoJo Romero,-2.0600133981085307,7,
7725,Tyler Zuber,-2.0763640166175676,5,
7790,Oliver Perez,-2.0953803752081575,6,
7791,Andre Pallante,-2.1200517536096255,12,785.0
7792,A.J. Alexy,-2.129176005640618,1,
7793,Jordan Weems,-2.130015265119134,0,
7794,Marcos Diplan,-2.1333138733164176,3,
7923,Drew Carlton,-2.1672057687886532,0,
7924,Dylan Lee,-2.1740112546721697,14,
7925,Daniel Ponce de Leon,-2.1765385527056256,2,
7926,Nick Vincent,-2.1885685656093465,5,
8151,Mike Wright Jr.,-2.229147425634739,0,
8312,Sal Romano,-2.251750197681137,2,
8345,Brett de Geus,-2.2667155443277576,6,
8346,Martin Perez,-2.2725397585897635,1,288.4
8347,Seth Martinez,-2.2737638198509136,3,
8508,Colin Holderman,-2.2973531929099624,7,
8605,Julian Merryweather,-2.2987702573359687,5,
8606,Jesse Hahn,-2.3162595252792464,11,
8703,Drew VerHagen,-2.3438477917616507,5,
8704,Rex Brothers,-2.3473701120962596,12,
8705,Zack Britton,-2.3495267919695064,26,
8802,Ryan Sherriff,-2.3769744257979926,5,
8867,Tayler Scott,-2.3950294216491423,0,
8868,Thomas Hatch,-2.4092883962777094,6,
8869,Tyler Chatwood,-2.4150277228399872,12,
8966,Ben Rowen,-2.4204015612494105,0,
9063,Darren O'Day,-2.470535003243378,17,
9064,Anthony Kay,-2.482330481966143,4,
9289,Justin Lawrence,-2.5659537197542663,14,
9482,Michael Wacha,-2.591138644114669,1,352.2
9579,Kutter Crawford,-2.6383426389119817,2,612.5
9676,Austin Warren,-2.657867109596997,8,
9677,Rico Garcia,-2.658361786498255,3,
9678,Chad Smith,-2.662855586686862,0,
9679,Michael Feliz,-2.6764170893618764,1,
9712,Johan Oviedo,-2.677631325480008,2,564.0
9873,Shawn Morimando,-2.705513360924853,0,
10002,Jake Reed,-2.709059041638259,3,
10003,Antonio Santos,-2.709322265685535,0,
10004,Kyle Nelson,-2.7180144987840213,13,845.5
10101,Angel Perdomo,-2.74285455044638,1,
10134,Colten Brewer,-2.75288088486623,0,
10295,John Gant,-2.7774122486718964,7,
10328,Yennsy Diaz,-2.7879461790888103,0,
10329,Beau Sulser,-2.832389145533626,0,
10330,Dinelson Lamet,-2.8474413764542623,7,640.5
10331,Justin Steele,-2.8477646410628923,3,305.8
10332,Elvis Peguero,-2.852432365010565,0,
10429,Freddy Peralta,-2.8710322432372792,6,144.0
10558,Jose Cuas,-2.8835271868919863,16,
10559,Dakota Bacus,-2.8922178840217794,2,
10592,Matthew Festa,-2.9035161826202804,10,
10625,Devin Smeltzer,-2.919927062493665,3,
10626,Kaleb Ort,-2.9203119923163436,3,
10627,Eduard Bazardo,-2.920728529767395,1,
10628,Patrick Sandoval,-2.929214477273878,2,204.2
10629,Louis Head,-2.946073613794833,4,
10630,Jared Hughes,-2.949637685508375,3,
10631,Bryse Wilson,-2.9553604602894845,1,746.5
10792,Brad Keller,-2.978401073718599,2,773.5
10793,Tyler Webb,-2.979669372388518,6,
10826,Sam Selman,-2.989818451963891,6,
10827,Eric Yardley,-2.996372278353245,4,
10988,Adrian Sampson,-3.0288908764377407,0,608.0
11021,Adrian Houser,-3.0344078297688486,1,676.0
11182,Victor Arano,-3.088022173937796,9,
11183,Bruce Zimmermann,-3.0929261843767475,2,
11184,Jose Quintana,-3.1231711997091143,2,333.8
11185,Corbin Martin,-3.1299946925573394,0,
11186,Thomas Eshelman,-3.135359540021414,2,
11219,Bailey Falter,-3.162359984381431,4,443.5
11252,Kyle Barraclough,-3.1769629630064324,5,
11285,Kervin Castro,-3.20919258285708,1,
11318,Sam Clay,-3.216708042900141,11,
11319,Luis Avilan,-3.2294282753835093,0,
11448,Aaron Sanchez,-3.247107584056325,0,
11449,Eric Lauer,-3.274799555681137,0,347.4
11450,Shelby Miller,-3.2765344156914917,2,823.0
11451,David Hale,-3.282931671323812,1,
11452,Cam Bedrosian,-3.2900123770676455,1,
11581,Zack Thompson,-3.303867216191317,2,
11614,Mike Baumann,-3.3179374223778653,4,909.5
11615,Ryan Weber,-3.325436471541338,7,
11616,Jordan Lyles,-3.326032990637355,1,490.5
11617,Calvin Faucher,-3.3265339008321995,4,
11682,Jake Jewell,-3.3318250286018536,0,
11747,John Curtiss,-3.351134174091592,12,
11876,James Kaprielian,-3.3768947378269063,0,496.0
11877,Tyler Cyr,-3.3768947378269063,0,
11910,Cristopher Sanchez,-3.4005248868547495,3,
11911,Ben Bowden,-3.401383278670648,4,
11912,Taylor Williams,-3.4082800668278423,9,
12009,Yennier Cano,-3.4520354310919235,1,
12010,Adonis Medina,-3.4548513519528328,2,
12171,Sam Moll,-3.504818322162077,18,
12172,Geoff Hartlieb,-3.5152836515635126,6,
12205,Joey Gerber,-3.543575068780039,5,
12302,Triston McKenzie,-3.6216059656105895,0,88.8
12335,Dylan Covey,-3.622912764750978,1,
12400,Norge Ruiz,-3.6391569788311555,1,
12465,Anderson Espinoza,-3.6813252364346134,0,
12466,Dan Altavilla,-3.688483962754313,6,
12595,Kyle Ryan,-3.7048699860126586,7,
12596,J.B. Bukauskas,-3.7311746880837022,3,
12981,Jandel Gustave,-3.819026584387523,5,
12982,Nestor Cortes,-3.835031049319556,0,
13079,Luke Bard,-3.859941643681938,2,
13080,Fernando Cruz,-3.8663268052253614,1,
13081,Jose De Leon,-3.8690173730220714,0,
13082,Wade LeBlanc,-3.878500003895823,0,
13083,Collin Snider,-3.892344247001561,11,
13180,Jared Koenig,-3.9132995423719246,0,
13181,Matthew Boyd,-3.9433687886773736,3,442.0
13246,Nate Pearson,-3.984142587610641,2,537.5
13247,DL Hall,-3.991122461410868,2,438.5
13696,Jeremy Beasley,-4.138430530403112,0,
13729,Yunior Marte,-4.151714063139526,3,
13858,Jesus Tinoco,-4.186698742018582,4,
13859,Jimmie Sherfy,-4.196884133528898,2,
13860,Grant Dayton,-4.230025091063842,3,
14085,JC Mejia,-4.269398084315441,1,
14470,Ervin Santana,-4.411783086193827,2,
14567,Kyle Keller,-4.47491030462232,3,
14696,Nick Vespi,-4.486226086988804,7,
14793,Robert Dugger,-4.498157196774814,0,
15082,Steven Matz,-4.6020637252768,3,362.7
15083,Mauricio Llovera,-4.617601421072533,2,
15180,Jefry Rodriguez,-4.624516475408132,0,
15181,Jay Jackson,-4.628589240844727,5,
15182,Penn Murfee,-4.647270641075569,11,874.0
15183,Matt Brash,-4.651096075298062,12,439.0
15184,Richard Lovelady,-4.670827778378584,7,
15505,Peter Solomon,-4.779762648630358,1,
15634,Sean Reid-Foley,-4.799329316645642,3,
15635,Chi Chi Gonzalez,-4.802429293444359,1,
15956,Alberto Baldonado,-4.883091167714364,3,
15989,Jordan Holloway,-4.90284985149796,2,
16214,Andrew Nardi,-4.970239254217955,2,
16215,Luis Patino,-5.029599019409197,4,527.3
16216,Drew Pomeranz,-5.032404926913881,28,
16217,Hector Santiago,-5.042419157506768,1,
16218,Kyle Tyler,-5.046860280708155,1,
16219,Connor Overton,-5.047609802113145,0,
16220,Jose Marte,-5.0502085542621185,0,
16317,Josh Rogers,-5.1249017783294075,2,
16318,Hector Rondon,-5.131059085557981,8,
16543,Daulton Jefferies,-5.229856500691788,0,
16544,Kyle McGowin,-5.236744196667147,4,
16545,Thomas Szapucki,-5.244502171684228,1,
16546,Oliver Ortega,-5.248939055797752,8,
16547,Jacob Waguespack,-5.277931494774376,1,
16644,Andrew Heaney,-5.293880224998854,1,213.8
16645,Trevor Kelley,-5.329647907496654,3,
16646,Sean Guenther,-5.339490204318601,0,
16679,Ramon Rosso,-5.3853664773299466,0,
16680,Jimmy Cordero,-5.393378164237023,9,
16681,Adam Kolarek,-5.396955932597283,7,
16778,Davis Martin,-5.472656543910401,1,768.0
16971,Jimmy Nelson,-5.547315967111512,7,
16972,Anthony Gose,-5.601579782738527,3,
16973,Seth Elledge,-5.613080258261863,1,
17070,Zach Eflin,-5.642753657124853,3,340.8
17071,Edgar Santana,-5.717127812182621,6,
17072,Dovydas Neverauskas,-5.741932203507021,0,
17073,Wyatt Mills,-5.767634880149891,4,
17074,James Hoyt,-5.798920334595259,7,
17075,Spencer Strider,-5.864005589066613,4,34.8
17076,Corbin Burnes,-5.866581900341274,0,14.8
17077,Sean Hjelle,-5.879046550915053,1,
17078,Justin Miller,-5.909362998502122,4,
17079,James Norwood,-6.042977424731838,2,
17080,Justin Topa,-6.054801834706997,1,
17081,Reymin Guduan,-6.062768981962272,0,
17082,Keury Mella,-6.08086183537753,2,
17083,Daniel Castano,-6.09741635034839,1,
17084,Edwin Uceta,-6.113453059379349,0,
17085,Drew Smyly,-6.138095382371716,2,417.0
17086,Wilmer Font,-6.146733552786628,3,
17087,Greg Weissert,-6.192528958498098,4,
17088,Walker Lockett,-6.216230619848627,1,
17089,Dellin Betances,-6.313625952185346,4,
17090,Colin Rea,-6.314585884491327,2,
17091,Robert Stock,-6.337438522876837,0,
17092,Conner Menez,-6.347760968159813,3,
17093,Cody Stashak,-6.399403694239454,12,
17094,Adbert Alzolay,-6.6124285811636945,5,454.5
17095,Tyler Anderson,-6.696989797934242,1,214.2
17096,Brad Wieck,-6.710866710493903,1,
17097,Adam Conley,-7.09816405594609,0,
17098,Nick Anderson,-7.304391916106779,15,
17099,Will Harris,-7.3461982002999715,7,
17100,Kent Emanuel,-7.354231443996619,2,
17101,Randy Dobnak,-7.432327259053762,1,
17102,Ryan Buchter,-7.699522648837899,2,
17103,Ljay Newsome,-7.720044787761933,1,
17104,Jhonathan Diaz,-7.749732940883966,1,
17105,Jake Fishman,-7.788066460378765,2,
17106,Andrew Vasquez,-7.87683808398242,0,
17107,Patrick Murphy,-7.901242664446398,5,
17108,Ryan Weathers,-8.100400979850031,3,
17109,Phoenix Sanders,-8.198182473578695,0,
17110,James Kaprielian,-8.354550799035708,2,496.0
17111,Tyler Cyr,-8.354550799035708,2,
17112,J.D. Hammer,-8.864135642009847,1,
17113,Dietrich Enns,-8.865980267091677,4,
17114,Zack Weiss,-8.878464079859732,1,
17115,Hanser Alberto,-9.151370481255354,0,716.0
17116,Anthony Swarzak,-9.351975125006314,0,
17117,Luke Weaver,-9.417152434422984,1,
17118,Erick Fedde,-9.520187196513653,1,984.0
17119,Jeff Brigham,-9.611910104235243,3,
17120,Yusei Kikuchi,-9.916223330475505,3,424.8
17121,Chaz Roe,-10.930571169896385,6,
