,Name,Model_Projection_Sum_of_ERA_WHIP,Actual_Sum_of_ERA_WHIP,ADP
17121,Jordan Holloway,2.710143940429333,1.96,
17120,Matthew Boyd,2.834571243441969,2.33,442.0
17119,Zach Eflin,2.8636473606986623,1.45,340.8
17118,Zack Thompson,2.9052025538504753,1.75,
17117,Jeremy Jeffress,2.9086864742542105,2.48,
17116,Nick Anderson,2.919800048515812,2.24,
17115,Tejay Antone,2.9926923743714378,2.8499999999999996,683.0
17114,Brad Wieck,3.0731942989678656,2.2199999999999998,
17113,Drew Pomeranz,3.075819177245861,2.7,
17112,Jimmy Nelson,3.1077139922018873,2.86,
17111,Emmanuel Clase,3.1211842114687682,2.17,38.8
17110,Evan Phillips,3.158562673128243,3.05,231.2
17109,Trevor Rosenthal,3.1588834754865713,2.75,
17108,Felix Bautista,3.2536513388827517,3.12,91.0
17107,Jesse Hahn,3.2943585266316084,3.63,
17106,Liam Hendriks,3.314034012725701,3.3499999999999996,244.4
17105,Keegan Thompson,3.316950009421961,3.05,479.0
17104,Daniel Castano,3.326856187786466,1.73,
17103,Alexis Diaz,3.3349164503721926,2.8,156.8
17102,Matt Gage,3.3403506410995503,2.3,
17101,Edwin Diaz,3.3453805321907852,3.27,35.8
17100,Jordan Romano,3.347292795672371,3.05,67.6
17099,Garrett Whitlock,3.3477133883783035,3.2300000000000004,284.8
17098,Devin Williams,3.352060440662666,2.84,59.6
17097,Tyler Anderson,3.354551814546297,2.86,214.2
17096,Matt Brash,3.357519114410483,3.59,439.0
17095,Casey Sadler,3.3581193002051744,3.05,
17094,Mark Appel,3.3647258024430142,2.9,
17093,Jhonathan Diaz,3.387791398916443,3.18,
17092,Kyle Tyler,3.408184226783947,3.24,
17091,Spencer Strider,3.413296821747741,3.41,34.8
17090,Peter Solomon,3.4409803389543994,2.58,
17089,Ryan Weathers,3.4501463041450027,3.4800000000000004,
17088,Jhoan Duran,3.4764894934899937,2.84,154.8
17087,J.P. Feyereisen,3.4816883906407177,3.4699999999999998,843.0
17086,Ron Marinaccio,3.485975863837395,3.0999999999999996,712.0
17085,Justin Steele,3.5136730953660704,3.08,305.8
17084,Jason Adam,3.5150065189450905,3.28,295.8
17083,Adrian Houser,3.5157421172364742,2.1,676.0
17082,Tommy Kahnle,3.5196197078961267,3.36,696.5
17081,Luis Perdomo,3.536760582404881,3.2,
17080,Huascar Ynoa,3.536760582404881,3.2,685.5
17079,Brock Burke,3.539171015729478,3.0300000000000002,474.6
17078,Garrett Crochet,3.5408534697364162,3.73,773.5
17077,Josh Hader,3.5554015448969443,4.2,53.4
17076,JP Sears,3.557927601288976,3.41,434.0
17075,Jay Jackson,3.5582570620200102,3.48,
17074,A.J. Minter,3.5716677447925047,3.56,316.0
17073,Travis Bergen,3.5747739571553634,4.0,
17072,Ryan Helsley,3.581792746007698,3.96,89.4
17071,Adam Conley,3.5832302866946515,3.31,
17070,Reynaldo Lopez,3.6047878401719675,3.57,499.3
17069,Blake Treinen,3.6107861183438947,3.46,498.5
17068,Triston McKenzie,3.622995003290825,3.5599999999999996,88.8
17067,JT Chargois,3.6291459444813388,3.2800000000000002,
17066,Raisel Iglesias,3.6385682087198146,3.4899999999999998,78.4
17065,Andrew Chafin,3.6398732588331395,3.67,526.0
17064,Johan Oviedo,3.6423422737770896,3.2,564.0
17063,Adbert Alzolay,3.6431264863041717,3.08,454.5
17062,Paul Sewald,3.651853433172837,4.31,181.2
17061,Zach Jackson,3.654614015937115,4.27,656.5
17060,Nick Sandlin,3.6598124809506043,3.6999999999999997,
17059,Seranthony Dominguez,3.6633816647575506,4.0600000000000005,276.0
17058,Giovanny Gallegos,3.6690520409803957,4.02,280.2
17057,Nick Tropeano,3.675525325534529,2.75,
17056,Angel De Jesus,3.6855853191406514,3.16,
17055,Alex Vesia,3.6897315107837967,4.08,542.3
17054,Victor Gonzalez,3.7132197967436897,3.84,
17053,Connor Overton,3.7186446150085066,3.59,
17052,Jonathan Loaisiga,3.7282583756958037,4.18,452.2
17051,Pete Fairbanks,3.735910161506308,4.02,193.6
17050,Jose Cisnero,3.7406039020536994,4.22,
17049,Andrew Kittredge,3.7517315126693855,2.9899999999999998,543.5
17048,John Schreiber,3.7586879018360047,4.109999999999999,404.0
17047,Richard Rodriguez,3.758926477807821,3.7800000000000002,
17046,Ryne Stanek,3.764701320712851,4.04,687.0
17045,Eduard Bazardo,3.766302611240789,3.31,
17044,Robert Suarez,3.7736656642201885,3.3200000000000003,374.2
17043,Anthony Bender,3.77503972431606,4.07,
17042,Ranger Suarez,3.775466558685411,3.95,246.0
17041,Jordan Sheffield,3.776598387707912,4.3100000000000005,
17040,Drew Steckenrider,3.7937180996541877,3.79,
17039,Adam Cimber,3.794210048515545,3.75,577.0
17038,Jose Suarez,3.800424377531249,2.97,351.5
17037,James Karinchak,3.8023107892136054,4.27,372.0
17036,Clay Holmes,3.8120811069338743,4.17,131.4
17035,David Peterson,3.8229519207460023,4.12,356.0
17034,Jake Cousins,3.8292551233565915,3.92,
17033,Dylan Lee,3.8306882146144607,3.4000000000000004,
16936,Chris Flexen,3.8401402652115872,2.64,550.5
16935,Jovani Moran,3.8427779344032134,4.35,837.0
16838,Paolo Espino,3.8496555403469466,3.6500000000000004,879.0
16837,Dylan Floro,3.853328717818792,4.03,288.4
16740,Matt Moore,3.8638469776503377,3.76,731.0
16739,Collin McHugh,3.8646128797208115,3.2699999999999996,513.5
16642,Ronny Henriquez,3.8692828820254497,3.25,
16641,John Gant,3.875966407414491,3.71,
16640,Andres Munoz,3.8783406700392207,3.3800000000000003,170.8
16639,Cionel Perez,3.879704127356543,4.24,803.0
16638,Michael King,3.883609082523621,3.9699999999999998,457.4
16637,Ryan Pressly,3.8862322528280906,3.7,73.4
16636,Kent Emanuel,3.886406553586734,3.46,
16635,Juan Minaya,3.890859205968786,4.29,
16634,David Bednar,3.8953063761771904,3.75,140.8
16345,Dylan Coleman,3.904867277496929,3.87,623.0
16248,Tanner Houck,3.9118333336343465,3.8200000000000003,386.2
16151,Reiss Knehr,3.916116255154965,4.6899999999999995,
15958,Drew Smyly,3.9229825806499847,2.82,417.0
15957,Blake Taylor,3.924646513989277,4.45,
15860,Tyler Matzek,3.9258997268037046,4.14,
15859,Steven Wilson,3.9294340720075662,4.2,
15858,Penn Murfee,3.931922997920402,4.02,874.0
15857,Caleb Thielbar,3.9339647691331896,4.37,851.5
15760,Erasmo Ramirez,3.937985704503836,4.0,
15759,Dillon Maples,3.939057277376358,4.45,
15758,Alex Lange,3.9392602581562923,4.38,267.0
15757,Erik Swanson,3.9392602581562923,4.38,448.4
15660,Jose Leclerc,3.9451871612793497,4.07,208.8
15659,Jonathan Hernandez,3.947425896512569,4.15,551.7
15658,Scott Barlow,3.948490586692542,3.7300000000000004,151.4
15657,Bryan Baker,3.9499893983347176,4.46,814.0
15656,Kris Bubic,3.9501751053648784,4.57,654.5
15655,Jose Alvarez,3.9505147543410364,3.8600000000000003,
15462,Caleb Baragar,3.958184232226386,4.01,
15269,Caleb Ferguson,3.9708613738853016,3.4299999999999997,"1,006.0"
15268,Luis Patino,3.971745566232386,4.91,527.3
15171,Aaron Bummer,3.9752918629966882,4.23,
15170,Jarlin Garcia,3.9790001300917988,3.91,
15169,Tim Mayza,3.980292593266064,4.32,
14976,Yimi Garcia,3.983395878932339,4.38,693.0
14975,Jordan Lyles,3.9881555031517357,4.74,490.5
14878,Chad Green,3.9906395263351317,4.09,681.5
14685,Colin Holderman,3.9952540428159913,5.01,
14588,Daulton Jefferies,3.9989788916395774,3.6,
14491,Jorge Lopez,4.000596094716709,4.33,251.0
14394,Andre Pallante,4.0030858915490635,3.77,785.0
14201,Alex Reyes,4.00784535193022,4.609999999999999,522.0
14104,Corbin Burnes,4.008475283986246,4.66,14.8
14103,Jimmy Herget,4.008723193599798,4.21,374.2
13814,Peter Strzelecki,4.017215724305893,4.0600000000000005,
13717,Brad Boxberger,4.021900292162502,4.31,490.0
13716,Scott Effross,4.022864602964496,3.8600000000000003,930.5
13715,Chase De Jong,4.023241781559656,4.02,
13618,Drew Hutchison,4.02593881347701,4.54,763.5
13617,Austin Warren,4.026006005303311,4.71,
13520,Gregory Soto,4.032517236357347,4.84,297.8
13519,Tyler Rogers,4.033418119374749,4.3100000000000005,506.3
13518,Steven Okert,4.0367271034251395,4.0,
13421,Kodi Whitley,4.038682127218217,4.55,
13420,Reiver Sanmartin,4.038899966872664,4.27,
13323,Joe Kelly,4.041370770011498,4.98,
13226,Craig Kimbrel,4.049086701910539,4.42,235.2
13033,Adrian Sampson,4.053317785083951,2.47,608.0
12552,Ryan Tepera,4.064621358835416,4.33,685.5
12263,Codi Heuer,4.070968667613204,4.76,
12166,Genesis Cabrera,4.074721210490671,5.07,
12069,Bryan Abreu,4.074769510265264,4.66,459.5
11876,Davis Martin,4.076857743990628,4.32,768.0
11875,Brusdar Graterol,4.078470682975133,4.42,454.8
11874,Hunter Harvey,4.080056985511918,4.18,648.5
11585,Pierce Johnson,4.085737706689828,4.65,
11584,Aaron Loup,4.088187087165184,3.5700000000000003,
11487,Nick Martinez,4.089058335497814,3.71,381.5
11486,Dillon Tate,4.091019319800748,4.73,597.7
11293,John Curtiss,4.092772651349734,3.87,
11292,Thomas Eshelman,4.094979093273611,4.39,
11195,Kendall Graveman,4.100525938923563,3.79,250.8
10906,Drew Smith,4.108839686350582,4.34,
10809,Cristian Javier,4.111342397353422,4.4,66.4
10808,Kenley Jansen,4.113339037706959,3.92,99.0
10711,Fernando Cruz,4.117248732543128,3.18,
10422,Brandon Hughes,4.123665619807797,4.21,375.6
10325,Daniel Bard,4.1287990303756965,4.890000000000001,153.4
10228,Cal Quantrill,4.13180040750315,3.4400000000000004,278.6
10035,Tony Watson,4.1390799944468295,4.5600000000000005,
9938,Seth Martinez,4.140333137973154,4.17,
9841,Luke Bard,4.142039273100942,4.13,
9840,Anthony Bass,4.142881779640446,3.83,602.8
9839,Andre Scrubb,4.143036609861426,4.8,
9742,Austin Adams,4.1473607114140725,5.17,
9357,Wandy Peralta,4.1540260995507365,4.31,628.5
8876,Andre Jackson,4.16308149211086,3.4699999999999998,
8875,Ryan Sherriff,4.1641526901067945,4.6,
8778,Nate Pearson,4.165929391293175,3.84,537.5
8585,Diego Castillo,4.171081578549685,4.01,485.6
8584,Wily Peralta,4.172692793114537,4.09,
8583,Nick Vincent,4.1730456361922315,4.2299999999999995,
8102,Jesus Tinoco,4.18693112526177,4.4399999999999995,
8101,Danny Coulombe,4.18919153067636,4.11,
8003,Tyler Cyr,4.193398154051586,3.9000000000000004,
8004,James Kaprielian,4.193398154051586,3.9000000000000004,496.0
8002,Packy Naughton,4.19380845240137,4.35,
8001,Hector Neris,4.194958296027636,4.97,498.3
8000,Seth Lugo,4.197086772938725,4.68,514.7
7903,Mark Leiter Jr.,4.202173275613866,3.9000000000000004,
7902,Tony Santillan,4.202352792457396,5.03,
7805,Daniel Hudson,4.206521078982177,4.71,337.0
7708,Scott Alexander,4.208539350761749,3.59,
7611,Caleb Smith,4.210697092519171,4.39,
7514,Clarke Schmidt,4.212862020182846,4.53,518.3
7513,Chris Martin,4.2130333496260315,4.1,594.0
7512,Dietrich Enns,4.213718940580709,3.8499999999999996,
7511,Tommy Hunter,4.21491562273206,4.0600000000000005,
7510,Hunter Strickland,4.21491562273206,4.0600000000000005,
7509,Adam Ottavino,4.21504676883283,4.7,488.8
7508,Domingo Acevedo,4.215241760064211,4.34,427.6
7219,Jared Koenig,4.219287976977068,5.57,
7218,Jaime Barria,4.220520013141448,4.16,
6641,Michael Fulmer,4.236216142324768,4.3,755.5
6640,Dany Jimenez,4.237221427113831,4.79,549.3
6639,Eli Morgan,4.241708347617002,4.13,717.0
6446,Darren O'Day,4.246207357394922,4.09,
6445,Richard Bleier,4.247313405363541,4.21,
6444,Hector Santiago,4.248666774595869,4.970000000000001,
6443,Drew Anderson,4.2487215338942885,5.02,
6346,Miguel Diaz,4.255562092362844,4.67,
6153,Zach Pop,4.265182665147224,4.87,
6152,Yohan Ramirez,4.266164576935372,5.19,
6055,Jorge Alcala,4.270600354747573,4.51,745.0
5958,Spencer Patton,4.273603185196838,5.01,
5957,Archie Bradley,4.2742555625091425,5.109999999999999,
5956,Trevor Stephan,4.275567741974923,4.83,684.5
5955,Louis Head,4.280003713728586,5.14,
5954,Sam Hentges,4.28032313930531,4.25,825.5
5857,Aroldis Chapman,4.281965952178164,5.01,297.6
5856,Thomas Hatch,4.289252755678507,5.15,
5759,Greg Weissert,4.29151635440408,6.529999999999999,
5758,Joel Payamps,4.293436107674078,4.57,
5757,Jose Quijada,4.295190595715829,5.640000000000001,
5756,Josh Staumont,4.295295746447422,5.17,
5755,Tim Hill,4.297131857074665,4.96,
5562,Aaron Ashby,4.303272977170115,4.83,266.8
5561,Lucas Gilbreath,4.305683343770179,5.08,
5464,Mychal Givens,4.309287677195945,4.75,
5367,Jason Foley,4.310972830240094,5.05,
5366,Tanner Banks,4.3110923052639505,4.1899999999999995,
5173,Taylor Hearn,4.322329448890723,4.83,
5172,Carl Edwards Jr.,4.32327993224014,4.65,794.5
4979,David Phelps,4.329644306608506,4.76,
4978,Kyle Crick,4.332172199671308,5.359999999999999,
4977,Yacksel Rios,4.332296509146958,6.12,
4976,Reyes Moronta,4.332418503522795,5.279999999999999,776.0
4975,Corey Knebel,4.337494060988703,5.01,831.5
4974,Rafael Montero,4.337669369607912,5.27,308.2
4973,DL Hall,4.339022264983011,5.1,438.5
4972,Lucas Sims,4.339171094788434,5.300000000000001,755.0
4971,Tyler Duffey,4.340219931741972,4.71,
4970,Matt Wisler,4.34294120207895,3.89,873.5
4969,Mark Melancon,4.34353500834504,4.61,468.6
4968,Jackson Stephens,4.345697783658439,4.66,
4967,Ross Detwiler,4.349480974401559,4.62,
4966,Jake Diekman,4.352953260092232,5.199999999999999,867.5
4965,A.J. Cole,4.353686892265901,3.71,
4868,A.J. Puk,4.360744455904337,4.88,410.8
4867,Camilo Doval,4.364244019323924,3.84,105.2
4674,Joe Barlow,4.3821284341665745,3.81,449.8
4577,Kyle Finnegan,4.384555586955531,4.75,358.8
4576,Lucas Luetge,4.386255678760137,3.93,
4575,Michael Kopech,4.3874831096823215,5.13,273.2
4574,Andrew Wantz,4.387748760283679,5.07,
4573,Phoenix Sanders,4.388585886319937,4.09,
4572,Tyler Kinley,4.39027626317106,5.2,
4571,Adam Kolarek,4.392332971531384,5.12,
4570,Jose Ruiz,4.393029816684608,5.01,
4569,Zack Weiss,4.39588391036672,4.43,
4568,Tyler Wells,4.397955115966393,5.0200000000000005,491.0
4567,Mason Thompson,4.403329244547824,4.99,
4566,Cole Sands,4.414184264552575,4.6899999999999995,
4565,Yency Almonte,4.4196643457307605,5.529999999999999,750.5
4564,Steve Cishek,4.420107098129283,5.3999999999999995,
4563,Trevor Williams,4.420739942899708,4.37,713.0
4562,Matt Strahm,4.423388815163193,5.02,824.5
4561,Freddy Peralta,4.4237849431128335,5.17,144.0
4560,Tyler Alexander,4.429337396855846,4.529999999999999,
4559,Tyler Thornburg,4.429534573761451,4.92,
4558,Noe Ramirez,4.430182674639067,5.25,
4557,Jake Woodford,4.433737343243868,4.75,
4556,Tarik Skubal,4.437315706426255,4.6,386.6
4555,Sam Moll,4.438025818878236,4.29,
4554,Jalen Beeks,4.438687130445514,4.08,784.5
4553,Luis Cessa,4.440455387007748,4.6,
4552,Hirokazu Sawamura,4.444913938708626,4.83,
4551,Domingo Tapia,4.446419524508704,5.97,
4550,Jake McGee,4.446606119784279,5.0600000000000005,711.0
4549,Huascar Brazoban,4.448045175264489,4.56,
4548,Mitch White,4.448222646610299,4.72,828.5
4547,Richard Lovelady,4.450168918935845,4.8500000000000005,
4546,David Robertson,4.452899707251805,3.95,368.8
4545,Ljay Newsome,4.453784349106681,4.54,
4544,Gabe Speier,4.454030664183267,4.66,
4543,Kyle McGowin,4.457264496138215,5.59,
4542,Drew Carlton,4.459183676271438,4.06,
4541,Matt Barnes,4.459641090329151,5.3500000000000005,483.3
4540,Marcos Diplan,4.460703547026391,5.33,
4539,Nestor Cortes,4.461104859615245,4.89,
4538,J.B. Wendelken,4.461413999922196,5.32,
4537,Manny Banuelos,4.462331557360916,5.68,
4536,Brent Suter,4.463929337962958,4.65,906.5
4535,Connor Brogdon,4.4680089989845655,4.6,
4534,Blake Parker,4.474960176581538,4.470000000000001,
4533,Kyle Zimmer,4.475935171819436,5.29,
4532,Grant Dayton,4.481125177630904,4.91,
4531,Yusmeiro Petit,4.484415403326909,4.48,
4530,Anthony Gose,4.487025265894953,5.09,
4529,Edgar Santana,4.489486674966311,4.74,
4528,Chris Stratton,4.494532294239339,5.3,
4527,Craig Stammen,4.498003313211497,4.57,
4526,Bruce Zimmermann,4.503240681794475,4.8,
4525,Trevor May,4.508536764574481,5.25,395.2
4524,Jordan Hicks,4.5128655087858025,5.819999999999999,570.0
4523,Keegan Akin,4.517428367229068,4.78,760.0
4522,Paul Fry,4.518508153633255,6.63,
4521,Ronald Bolanos,4.5185710076706025,5.1899999999999995,
4520,Brad Hand,4.52042941252967,4.42,869.5
4519,Zack Britton,4.524555086553565,5.53,
4518,Andres Machado,4.5245958604963095,4.74,
4517,Griffin Jax,4.525392910099559,5.14,664.5
4516,Ryan Burr,4.526348812046875,4.699999999999999,
4515,David Price,4.527331681594643,4.65,
4514,Justin Bruihl,4.528958984922367,4.79,
4513,Ryan Thompson,4.543098282294679,4.76,
4512,Brandon Brennan,4.546844820259192,4.26,
4511,Rafael Dolis,4.559991567706699,5.4,
4510,Cam Bedrosian,4.561073204112533,5.7700000000000005,
4509,Zack Kelly,4.561590046114784,5.2700000000000005,
4508,Jimmie Sherfy,4.5702089759751745,5.2700000000000005,
4507,Jimmy Lambert,4.573600094551681,4.92,
4506,Jose Cuas,4.577422146085788,5.25,
4505,Riley Smith,4.577899232077015,5.13,
4504,Max Castillo,4.5813218088219525,5.1,958.0
4503,Andrew Bellatti,4.58144936803822,5.01,
4502,Jandel Gustave,4.582001018777668,4.9,
4501,Erik Swanson,4.5831592665316485,4.96,448.4
4500,Alex Lange,4.5831592665316485,4.96,267.0
4499,Joe Mantiply,4.5846970311909985,4.66,592.5
4498,Cody Poteet,4.58485239593013,4.33,
4497,Kwang-hyun Kim,4.587094452179569,3.9000000000000004,
4496,Chasen Shreve,4.593557446169569,5.449999999999999,
4495,Cody Stashak,4.5947505226421335,5.789999999999999,
4494,Phil Bickford,4.598411560377162,5.24,
4493,Brooks Raley,4.602630825772424,4.95,607.0
4492,Erich Uelmen,4.603783570406605,6.04,
4491,Jesse Chavez,4.606808050211745,4.970000000000001,
4490,Evan Marshall,4.607159865383157,5.359999999999999,
4489,Ryan Yarbrough,4.608589845316297,5.21,709.5
4488,Chris Rodriguez,4.624965386502596,5.13,
4487,Jose Alvarado,4.6349035017637705,5.33,448.6
4486,Carlos Hernandez,4.6385752841682155,5.7299999999999995,906.0
4485,Enoli Paredes,4.6395071128868075,5.72,
4484,Joely Rodriguez,4.642970728458534,5.67,
4483,Matt Bush,4.644608462351531,4.58,628.5
4482,Joey Gerber,4.64579272337259,5.17,
4481,Will Vest,4.646420704314344,6.06,
4480,Jharel Cotton,4.648381739191452,4.86,
4479,Mike Mayers,4.651062760288621,5.15,
4478,Garrett Hill,4.65114810756226,5.04,
4477,Zack Littell,4.654546031872702,5.13,
4476,Walker Lockett,4.6571514714335045,5.03,
4475,James Hoyt,4.6572598348109855,4.7700000000000005,
4474,Cole Sulser,4.663869115999278,5.3100000000000005,
4473,Brett Martin,4.667544213360089,4.720000000000001,
4472,Colin Poche,4.669841966328912,5.15,843.0
4471,Trevor Richards,4.6709244338985165,5.9799999999999995,
4470,Daniel Mengden,4.673488757476521,3.63,
4469,Jeffrey Springs,4.680841196949187,5.17,161.2
4468,Tyler Clippard,4.687772547802195,4.6,
4467,Kyle Funkhouser,4.692090463860804,6.0,
4466,Stephen Nogosek,4.6964261807844405,4.08,
4463,Oliver Perez,4.7014268026782,5.18,
4462,Lou Trivino,4.703025336397001,5.13,534.8
4461,Tanner Scott,4.709771478832953,5.7,558.5
4460,Jeff Brigham,4.710635326250094,4.96,
4459,Miguel Castro,4.710868424248169,5.17,
4458,Hunter Strickland,4.711425698673212,5.26,
4457,Tommy Hunter,4.711425698673212,5.26,
4456,Nick Neidert,4.714836912050888,4.87,
4455,Jacob Webb,4.717639150006044,4.6899999999999995,
4454,Robert Stock,4.720122285174616,6.680000000000001,
4453,Enyel De Los Santos,4.720381786361892,5.69,
4452,Tanner Rainey,4.721909821520613,6.04,
4451,Burch Smith,4.726614130418402,5.949999999999999,
4450,Dominic Leone,4.729635985118527,4.62,
4449,Patrick Sandoval,4.734826585199721,5.47,204.2
4448,Greg Holland,4.739473500813015,5.289999999999999,
4447,Joey Krehbiel,4.7472936145297355,5.18,
4446,Eric Yardley,4.747764905534199,5.359999999999999,
4445,Jose Quintana,4.75067833411403,5.58,333.8
4444,Matthew Festa,4.752531457236665,5.3,
4443,Pedro Baez,4.765549985703948,4.9799999999999995,
4442,Colin Rea,4.768967963217613,5.1899999999999995,
4441,Logan Gillaspie,4.786369525387569,4.45,
4440,Nik Turley,4.788729952140271,6.090000000000001,
4439,John Brebbia,4.795369789658214,5.6,
4438,Joe Jimenez,4.796507776043402,6.35,550.3
4437,Kirk McCarty,4.8019831647666615,4.57,
4436,Conner Menez,4.805483584012649,4.52,
4435,Sam Selman,4.809086319650943,6.08,
4434,Zach Thompson,4.814083937996827,5.930000000000001,999.5
4433,Dennis Santana,4.816794397464486,6.22,
4432,Albert Abreu,4.81858502294254,5.88,
4431,Dauri Moreta,4.818589906006802,5.85,
4430,Sean Reid-Foley,4.8207718441000385,6.03,
4429,Steven Matz,4.823821224424076,5.22,362.7
4428,Justin Wilson,4.824424525045856,5.91,
4427,Tyler Beede,4.824763174773229,5.68,
4426,Stefan Crichton,4.838123819388185,6.28,
4425,Drew Rasmussen,4.839650690863045,6.1,169.4
4424,Huascar Ynoa,4.841035466252351,5.68,685.5
4423,Luis Perdomo,4.841035466252351,5.68,
4422,Jakob Junis,4.842236785510217,5.4,564.0
4421,Joakim Soria,4.843441806812607,5.54,
4420,Erick Fedde,4.844998590790198,6.17,984.0
4419,Nabil Crismatt,4.846192528802029,4.7,
4418,Jake Brentz,4.847447288904995,6.680000000000001,
4417,Devin Smeltzer,4.8517021154307285,5.41,
4416,Miguel Sanchez,4.862767922736323,5.67,
4415,Josh Taylor,4.868565258859723,5.7,
4414,Patrick Murphy,4.870853036757681,6.3999999999999995,
4413,Austin Gomber,4.871403296106712,5.880000000000001,
4412,Aaron Sanchez,4.873142863809209,5.53,
4411,Ralph Garza,4.878314029455823,4.85,
4410,Wil Crowe,4.879361684145592,5.89,852.0
4409,Dan Winkler,4.880108318545694,5.95,
4408,Amir Garrett,4.892461275765922,6.38,690.5
4407,Garrett Richards,4.895594755018692,5.59,
4406,Buck Farmer,4.902026464640447,6.11,990.0
4405,Luke Jackson,4.902957450910295,4.8,
4404,Hanser Alberto,4.905140738745799,5.12,716.0
4403,Jake Fishman,4.908231997307567,5.27,
4402,Ervin Santana,4.90904424594636,5.9,
4401,Matt Foster,4.923572371217981,5.85,
4400,Sam Howard,4.926169170651165,6.7,
4399,Logan Allen,4.9289737082204805,5.140000000000001,
4398,Keynan Middleton,4.929971738214308,5.78,
4397,Sean Poppen,4.933691652578656,6.290000000000001,
4396,Geoff Hartlieb,4.934120713322748,7.53,
4395,Dillon Peters,4.939185316548539,5.83,
4394,Vince Velasquez,4.940383357701433,5.93,578.0
4393,Andrew Miller,4.958754951002032,5.67,
4392,Justus Sheffield,4.959585436012536,6.98,
4391,Derek Holland,4.962945205118354,6.15,
4390,Taylor Rogers,4.963265814642966,5.41,298.4
4389,Carlos Estevez,4.97745198660893,5.95,315.4
4388,Garrett Cleavinger,4.980001838051222,5.06,
4387,Art Warren,4.983167375016662,5.95,
4386,Hoby Milner,4.986350196493675,5.98,
4385,Bryan Shaw,4.9891644563368445,6.24,
4384,Shane Greene,4.989235743919863,6.16,
4383,Ian Gibaut,4.995133626754011,6.3100000000000005,
4382,Cody Reed,4.998748507840973,5.67,
4381,Matt Andriese,5.001512488514139,5.890000000000001,
4380,Taylor Clarke,5.002231599864417,5.609999999999999,
4379,Nick Nelson,5.002387195125576,6.66,
4378,Eric Lauer,5.003085020569351,6.3100000000000005,347.4
4377,Josh Rogers,5.005373946845794,6.41,
4376,Sean Doolittle,5.007790880049985,5.699999999999999,
4375,Junior Guerra,5.011628122262438,6.6,
4374,Nick Wittgren,5.012758691869768,6.05,
4373,J.D. Hammer,5.016378216179296,6.550000000000001,
4372,Jose Urena,5.016668129897984,6.12,
4371,Josh James,5.018408808533467,6.92,
4370,Deolis Guerra,5.021315665765703,5.72,
4369,Daniel Ponce de Leon,5.032817924091536,6.4,
4368,Michael Lorenzen,5.039941669654301,6.7299999999999995,417.3
4367,Emilio Pagan,5.043412472149393,5.84,821.0
4366,Seth Elledge,5.046885878782016,6.3,
4365,Kyle Nelson,5.061469847873153,5.79,845.5
4364,Adrian Morejon,5.06265567776344,5.529999999999999,570.5
4363,Josh Sborz,5.063458116167957,6.01,
4362,Cameron Hill,5.06446671287054,5.78,
4361,Josh Fleming,5.0663951965963,5.25,
4360,Brandon Bielak,5.069348120076143,5.96,
4359,Ryan Borucki,5.074885729396358,6.0,
4358,Yennsy Diaz,5.077476737275357,6.880000000000001,
4357,John King,5.082882484317501,5.359999999999999,
4356,Mike Wright Jr.,5.086249618357329,7.0600000000000005,
4355,Bailey Falter,5.0914599053845695,6.23,443.5
4354,Jared Hughes,5.0955900529420415,6.5,
4353,Taylor Widener,5.097849129592539,5.74,
4352,Ross Stripling,5.106036348497082,6.3500000000000005,274.4
4351,Chaz Roe,5.106104606212592,6.0,
4350,Matt Peacock,5.108004838179699,6.27,
4349,Oliver Ortega,5.114151299169027,5.43,
4348,Alex Colome,5.11470429088097,5.57,625.0
4347,Jake Reed,5.119297292311636,7.01,
4346,Kyle Barraclough,5.136980944000689,5.91,
4345,Phillips Valdez,5.137490030503579,6.08,
4344,Trent Thornton,5.139009280438307,5.84,
4343,Anthony Misiewicz,5.141780584337992,5.77,
4342,Austin Brice,5.142565175233457,7.4399999999999995,
4341,Alex Claudio,5.143146129392764,6.1899999999999995,
4340,Phil Maton,5.144221257318391,5.64,
4339,Corey Oswalt,5.144337816905336,4.93,
4338,Rony Garcia,5.144687248291105,6.24,"1,023.0"
4337,Oliver Drake,5.146330132113883,6.91,
4336,Tyler Zuber,5.152597873026706,6.87,
4335,T.J. McFarland,5.161770742504907,5.760000000000001,
4334,Duane Underwood Jr.,5.161895770274986,5.949999999999999,"1,046.0"
4333,Justin Garza,5.1634248496584885,6.28,
4332,Sergio Romo,5.1736474038377995,6.31,
4331,Ian Krol,5.178406409650978,6.0,
4330,Luke Weaver,5.195792312127051,6.470000000000001,
4329,Nick Vespi,5.197305118430425,5.51,
4328,Tyler Chatwood,5.200703159808361,7.1,
4327,Wade LeBlanc,5.200945347205115,5.83,
4326,Jeurys Familia,5.201691026950907,6.1899999999999995,824.0
4325,Brandon Kintzler,5.205154261388526,6.0,
4324,Kirby Snead,5.215936479867473,6.99,
4323,Gabe Klobosits,5.219248225186291,7.1499999999999995,
4322,Daniel Norris,5.219647637470217,6.6,
4321,Tayler Saucedo,5.220433896778648,6.78,
4320,Luke Farrell,5.224933196803183,6.16,
4319,Jeff Hoffman,5.230432740692676,6.62,
4318,Chris Mazza,5.23279251222111,6.94,
4317,Beau Sulser,5.234269760811291,5.109999999999999,
4316,Andrew Vasquez,5.236991372702468,6.290000000000001,
4315,Cristopher Sanchez,5.239912016636545,6.869999999999999,
4314,Bryse Wilson,5.250484244861183,5.9,746.5
4313,Dinelson Lamet,5.252423433491458,7.3,640.5
4312,Kervin Castro,5.262743750274507,6.43,
4311,Ryan Brasier,5.264262510069036,6.17,
4310,Corbin Martin,5.265386027759854,7.33,
4309,Joe Smith,5.2692078595914325,6.29,
4308,Manuel Rodriguez,5.270050510953451,6.4399999999999995,721.0
4307,Robert Gsellman,5.271035590480871,6.11,
4306,Felix Pena,5.2734439102831585,7.66,
4305,Derek Law,5.276712160302022,5.74,
4304,Yerry De Los Santos,5.279121687280011,6.2,
4303,Michael Rucker,5.2807679495392925,6.3500000000000005,
4302,Trevor Gott,5.291040942197451,6.529999999999999,
4301,Rex Brothers,5.295431400607124,6.869999999999999,
4300,Zac Lowther,5.295870380313205,7.9399999999999995,
4299,Chi Chi Gonzalez,5.295885217136955,6.38,
4298,Taylor Williams,5.298148544516064,7.029999999999999,
4297,Kevin Ginkel,5.298810260882967,6.82,584.5
4296,Brady Lail,5.30426027333743,6.760000000000001,
4295,Austin Pruitt,5.305650754779366,5.640000000000001,
4294,Ty Blach,5.320634361170828,7.21,
4293,Ryan Weber,5.328089620837499,5.1899999999999995,
4292,Anderson Espinoza,5.330486012034251,7.04,
4291,Eric Stout,5.33108426636205,7.4799999999999995,
4290,Yunior Marte,5.331821896351154,6.880000000000001,
4289,Travis Lakins Sr.,5.333871183486515,6.71,
4288,Fernando Abad,5.338910351767859,7.3,
4287,Carson Fulmer,5.340408548542463,7.4399999999999995,
4286,Rowan Wick,5.340947046522873,5.609999999999999,713.0
4285,Adam Morgan,5.341981024185758,6.11,
4284,Bryan Garcia,5.348386105639087,7.12,
4283,Wyatt Mills,5.358291704508026,7.76,
4282,Julian Merryweather,5.360359271697078,7.2700000000000005,
4281,Will Harris,5.365214818848075,6.25,
4280,Humberto Castellanos,5.368395182334703,6.43,
4279,Junior Fernandez,5.368745440510483,6.9399999999999995,
4278,JC Mejia,5.372896334199093,7.3,
4277,Demarcus Evans,5.374779277911375,6.17,
4276,Matt Magill,5.386491564456717,7.55,
4275,Tommy Nance,5.387365557742058,7.1899999999999995,
4274,Shawn Armstrong,5.388754380422535,6.42,
4273,Wes Benjamin,5.389129043372602,7.23,
4272,Victor Arano,5.405274360340455,5.9,
4271,Cesar Valdez,5.405381492222561,6.27,
4270,Kutter Crawford,5.4054627746938255,7.26,612.5
4269,David Hale,5.407709659612545,7.300000000000001,
4268,Jake Bird,5.412491968069841,6.34,
4267,Thomas Szapucki,5.412555348638716,6.17,
4266,Keone Kela,5.414037109012895,6.39,
4265,Alex Young,5.420604678323816,6.0,
4264,Dan Altavilla,5.422806670682852,7.25,
4263,Ryne Harper,5.426542752243212,6.8100000000000005,
4262,Hansel Robles,5.430236477598641,7.109999999999999,
4261,Robert Stephenson,5.4379636433903356,6.21,
4260,Antonio Santos,5.455348013283297,7.44,
4259,Hyeon-jong Yang,5.461395193083483,6.44,
4258,Brad Keller,5.462272862599649,8.25,773.5
4257,Nick Mears,5.466686496008725,6.43,
4256,Yusei Kikuchi,5.468461209800556,6.33,424.8
4255,Rico Garcia,5.472697640805734,6.5600000000000005,
4254,Touki Toussaint,5.473152595453354,7.85,
4253,Tyler Webb,5.474877814852625,8.58,
4252,Jonathan Holder,5.48047747485446,6.640000000000001,
4251,Tyler Danish,5.482776475217653,6.42,
4250,Ty Buttrey,5.492098575257226,7.22,
4249,Edwin Uceta,5.499833115748048,7.44,
4248,Jace Fry,5.504521639275614,7.14,
4247,Darwinzon Hernandez,5.511356145717009,7.130000000000001,
4246,Sammy Long,5.5133341577983,6.3500000000000005,
4245,Aaron Slegers,5.518344308410879,7.3,
4244,Ryan Hendrix,5.530355739885625,7.449999999999999,
4243,Joel Kuhnel,5.5322077591243755,7.7299999999999995,
4242,Kyle Cody,5.533130176167209,7.140000000000001,
4241,Ian Kennedy,5.537582691300722,6.2299999999999995,
4240,Jordan Weems,5.540536515826524,7.04,
4239,Sean Newcomb,5.541230124102546,8.42,
4238,Josh Tomlin,5.559563243588858,6.93,
4237,Ashton Goudeau,5.571712608890818,7.35,
4236,Jhoulys Chacin,5.5734774332132035,7.26,
4235,Jake Faria,5.580418422568197,7.63,
4234,Francisco Perez,5.591771191378476,7.890000000000001,
4233,Sean Hjelle,5.59674501321632,7.3999999999999995,
4232,Ben Rowen,5.602337842281754,6.8,
4231,Adam Plutko,5.612468191896848,6.88,
4230,Mike Baumann,5.627381070421959,7.8500000000000005,909.5
4229,Sam Clay,5.641432077848121,7.59,
4164,Jacob Barnes,5.653280959160821,7.28,
4163,Sam Coonrod,5.655725191060733,7.449999999999999,
4162,Kolby Allard,5.65855667772556,7.08,
4161,Ben Bowden,5.6630477247308395,8.379999999999999,
4160,Austin Davis,5.665233274242222,8.07,
4159,Brandon Waddell,5.665886691535443,7.81,
4094,Jimmy Cordero,5.677942177360485,7.66,
4093,Kaleb Ort,5.680965213178116,8.09,
4028,Brad Brach,5.683384101563516,7.82,
4027,Alberto Baldonado,5.709203907068658,10.03,
4026,Lewis Thorpe,5.709269048671823,7.2,
3961,Josh Winder,5.711195962489313,7.29,620.0
3896,Adonis Medina,5.717466128681198,7.41,
3831,Kyle Keller,5.720545598781238,8.16,
3830,Conner Greene,5.721242109361448,9.17,
3829,Paul Campbell,5.725157848014684,7.3,
3828,Gio Gonzalez,5.727252382893746,7.390000000000001,
3827,Jake Newberry,5.7301109285495,7.86,
3826,Cory Abbott,5.738258591495545,6.930000000000001,
3825,Martin Perez,5.7384457825164095,5.93,288.4
3824,Nate Jones,5.738597203600878,7.54,
3759,Eric Hanhold,5.74577471400659,8.52,
3566,Justin Lawrence,5.769594671726369,8.309999999999999,
3565,Sal Romano,5.771202970379415,7.3999999999999995,
3564,Tommy Milone,5.773345116993761,7.13,
3563,Reymin Guduan,5.781867550745735,7.95,
3498,Dellin Betances,5.7859571259839315,9.790000000000001,
3369,Nivaldo Rodriguez,5.797614901467984,6.3100000000000005,
3368,Tony Gonsolin,5.79811711697571,7.75,131.8
3367,Chad Kuhl,5.807999829807358,7.15,"1,031.0"
3366,Luis Oviedo,5.808079552494696,9.0,
3301,James Norwood,5.831877277549114,9.09,
3236,Josh Osich,5.837122484048542,6.98,
3235,Nick Ramirez,5.840029047725874,7.16,
3234,Ramon Rosso,5.8518704303987565,7.5,
3233,Collin Snider,5.857156942786898,8.15,
3168,Kyle Ryan,5.867437530277104,7.45,
3167,Trevor Megill,5.871933929647778,7.65,
3166,Wander Suero,5.879057365990772,6.79,
3165,Justin Miller,5.891897908341088,7.53,
3164,Jeremy Beasley,5.903564953878395,7.34,
3163,Anthony Banda,5.910645447114865,7.43,
3162,Kirby Yates,5.913095276821959,9.88,
3161,Tayler Scott,5.921125504788776,8.83,
3160,Calvin Faucher,5.929287424061554,7.17,
3159,Yoshihisa Hirano,5.946390887522175,7.949999999999999,
3158,Anthony Castro,5.957246301639568,7.59,
3157,Dakota Bacus,5.957708382624258,9.97,
3156,Andrew Heaney,5.959951859204934,8.71,213.8
3091,Chad Smith,5.99452348007709,9.22,
3026,Anthony Kay,6.001256437117695,7.73,
2961,Keury Mella,6.010863199682386,8.14,
2768,Angel Perdomo,6.0579420380719835,10.17,
2767,Cy Sneed,6.0660505677567365,7.5600000000000005,
2734,Jesse Biddle,6.069848089362376,9.700000000000001,
2701,JoJo Romero,6.0728710257688,7.75,
2508,Luis Avilan,6.101578515056231,9.23,
2507,Yoan Lopez,6.108910965169102,7.7700000000000005,
2250,Austin Voth,6.123286423245461,8.030000000000001,608.0
2121,Shaun Anderson,6.155073013113281,8.68,
1960,Jacob Lemoine,6.188120563836882,9.24,
1735,Cody Ponce,6.202235906572632,7.4,
1734,Dylan Covey,6.202432832839703,8.5,
1733,Ryan Buchter,6.211058648624929,7.83,
1732,Mauricio Llovera,6.216712536510027,9.26,
1635,Jefry Rodriguez,6.2277635376637,8.95,
1602,Heath Hembree,6.2334743972775755,8.11,
1473,Dovydas Neverauskas,6.24127344858229,8.9,
1280,Hector Rondon,6.275353611834195,9.450000000000001,
1279,Sean Guenther,6.277982143644518,11.32,
1278,Jose Marte,6.296505725672034,10.0,
1213,Norge Ruiz,6.312853577057913,9.06,
1148,Trevor Kelley,6.340610449663533,8.26,
1083,Jesus Luzardo,6.347066285495592,9.41,139.2
1082,Drew VerHagen,6.349560936782475,8.540000000000001,
1081,Brandon Workman,6.3577029238369525,7.78,
1080,Josh A. Smith,6.370193031132894,9.13,
1079,Elieser Hernandez,6.376884345419267,9.129999999999999,561.5
1078,Jason Alexander,6.379140202226855,9.07,
1077,Brett de Geus,6.404294046696235,9.299999999999999,
1076,Alec Mills,6.408047210617645,9.0,
947,Shun Yamaguchi,6.478831081419779,9.81,
946,Jacob Waguespack,6.485141538668731,10.190000000000001,
881,Wade Davis,6.501934793003096,9.639999999999999,
880,Ryan Meisinger,6.510236521827502,11.1,
879,Luis Frias,6.513741087476287,11.610000000000001,
686,Bennett Sousa,6.527798985357913,10.13,
493,Shelby Miller,6.564263321447786,10.07,823.0
428,Aaron Fletcher,6.571061271063248,10.98,
427,David Hess,6.573134752782002,8.8,
426,Robert Dugger,6.58034668568416,9.53,
425,Luis Madero,6.583016323723634,10.75,
424,J.B. Bukauskas,6.587085027206227,9.58,
231,Colten Brewer,6.613385678730389,8.43,
166,Miguel Yajure,6.631954435567443,9.9,
165,Michael Wacha,6.634072346193791,8.72,352.2
164,Tyler Cyr,6.636204338991412,9.08,
163,James Kaprielian,6.636204338991412,9.08,496.0
98,Justin Grimm,6.6422506124933225,9.1,
33,Michael Feliz,6.679253451376362,9.959999999999999,
32,Dusten Knight,6.745750206216183,8.9,
31,Casey Lawrence,6.847016732576703,9.0,
30,Stephen Tarpley,6.849993881311056,12.64,
29,Zack Burdi,6.851237187016652,9.64,
28,Jimmy Yacabonis,6.860934078053108,10.36,
27,Beau Burrows,6.86556086433907,10.34,
26,Jairo Diaz,6.88274731439628,9.9,
25,Dereck Rodriguez,6.930571948452339,9.0,
24,T.J. Zeuch,6.931083220692011,8.129999999999999,
23,Justin Topa,6.940322901894681,10.15,
22,Josh Lindblom,6.99333061146256,10.45,
21,Chris Devenski,7.029172023948376,11.22,
20,Chase Anderson,7.035836195009788,10.31,
19,Jose De Leon,7.131513295189741,14.87,
18,Shawn Morimando,7.161584680190604,11.81,
17,Wilmer Font,7.228702942285613,12.19,
16,Robbie Erlin,7.230927575410496,9.82,
15,Elvis Peguero,7.320165341801145,11.08,
14,Jackson Kowar,7.325425046173208,11.36,
13,Yennier Cano,7.388435676510564,13.83,
12,Anthony Swarzak,7.418804801316311,11.19,
11,Andrew Nardi,7.521103295486563,12.48,
10,Nick Goody,7.551141124782882,12.100000000000001,
9,Randy Dobnak,7.754623943167822,12.18,
8,Phillip Diehl,7.780984831580163,12.43,
7,Spenser Watkins,7.8421288313862885,12.11,
6,Konner Wade,7.870126881749691,13.95,
5,Jake Jewell,7.891268322050275,12.2,
4,Franklyn Kilome,8.009091046681716,13.149999999999999,
3,Marcus Walden,8.085711903488798,11.85,
2,A.J. Alexy,8.122162045753793,15.19,
1,Edgar Garcia,8.125212043087405,13.89,
0,Brooks Kriske,9.129254633535975,16.6,
