,"last_name, first_name",player_id,year,k_percent,bb_percent,exit_velocity_avg,launch_angle_avg,sweet_spot_percent,barrel_batted_rate,hard_hit_percent,avg_best_speed,avg_hyper_speed,z_swing_percent,z_swing_miss_percent,oz_swing_percent,oz_swing_miss_percent,oz_contact_percent,out_zone_percent,iz_contact_percent,whiff_percent,swing_percent,pull_percent,straightaway_percent,opposite_percent,groundballs_percent,popups_percent,sprint_speed,great_season_probability
221,"Ohtani, Shohei",660271,2024,22.2,11.1,95.8,16.2,37.8,21.5,60.1,106.727792385,98.772122364,69.7,23.1,26.6,46.1,53.9,52.0,76.9,29.8,47.3,43.6,32.6,23.8,36.3,5.4,28.1,0.92943645
342,"Judge, Aaron",592450,2024,24.3,18.9,96.2,19.0,40.8,26.9,61.0,107.20043567,99.103701521,67.4,22.6,18.7,57.3,42.7,52.1,77.3,30.7,42.0,40.3,34.1,25.6,31.5,4.1,26.8,0.9162953
228,"Guerrero Jr., Vladimir",665489,2024,13.8,10.3,93.8,7.4,35.1,13.7,54.9,105.663720766,97.649346073,68.6,15.1,27.5,37.3,62.7,50.1,84.9,21.5,48.0,33.6,41.8,24.6,47.7,4.2,27.2,0.9117822
151,"Tatis Jr., Fernando",665487,2024,21.9,7.3,93.5,10.0,33.7,14.5,55.8,104.418991126,97.109953874,74.4,19.6,28.2,50.2,49.3,50.1,80.2,28.1,51.3,38.9,35.6,25.4,46.2,3.6,28.4,0.9117414
337,"Soto, Juan",665742,2024,16.7,18.1,94.2,10.7,35.4,19.7,57.0,105.650123728,97.994705143,59.0,15.2,18.3,39.3,59.3,53.5,84.3,21.5,37.2,42.3,35.8,21.9,44.7,4.8,26.8,0.86973935
329,"Alvarez, Yordan",670541,2024,15.0,10.9,93.1,18.3,35.4,14.5,49.7,104.097105087,96.703519522,68.0,11.1,30.5,36.5,63.5,53.9,88.5,19.9,47.8,36.4,38.4,25.2,33.4,6.5,26.1,0.8654861
181,"Devers, Rafael",646240,2024,24.5,11.1,93.2,11.6,35.2,13.0,52.6,104.597925864,97.090537461,73.8,28.1,30.4,36.8,62.9,52.7,71.9,30.9,50.9,32.3,41.7,26.0,41.4,7.0,26.5,0.8580056
153,"Riley, Austin",663586,2024,25.2,7.9,93.3,15.9,37.2,14.9,53.4,103.77151961,96.882758664,72.1,18.7,28.0,50.2,49.8,49.9,81.3,27.5,50.1,35.9,37.5,26.5,36.2,5.8,27.9,0.8494359
229,"Witt Jr., Bobby",677951,2024,15.0,8.0,92.7,15.1,35.7,14.3,48.3,103.972880446,96.499868141,72.3,15.2,32.1,36.7,63.3,52.6,84.8,22.3,51.2,32.3,39.6,28.1,37.5,6.9,30.5,0.84757924
388,"Encarnacion, Jerar",666464,2024,28.6,4.2,95.0,6.7,37.5,15.0,58.8,105.57868275,97.868597468,60.7,18.6,34.8,48.1,51.9,47.6,81.4,28.7,48.4,28.7,45.0,26.3,48.8,1.3,26.9,0.8275798
178,"Seager, Corey",608369,2024,18.0,9.9,92.1,13.5,38.6,15.2,50.7,103.274395474,96.157523456,79.5,13.5,27.8,50.2,49.8,51.2,86.5,23.4,53.0,40.7,37.3,22.0,40.9,3.1,25.3,0.75745606
352,"Chapman, Matt",656305,2024,24.4,9.9,93.2,16.2,31.3,12.6,48.3,104.356012981,96.727633301,63.5,18.9,24.2,36.8,63.2,48.1,81.1,23.5,44.6,37.9,37.7,24.3,38.4,10.0,28.7,0.7129335
218,"Henderson, Gunnar",683002,2024,22.1,10.8,92.8,9.2,34.5,11.2,53.9,104.002332911,96.835723291,66.7,17.5,23.2,42.8,57.2,51.6,82.5,24.4,44.2,36.6,40.0,23.4,47.4,4.4,28.9,0.65990394
271,"Trout, Mike",545361,2024,21.4,12.7,89.2,25.2,40.2,17.1,41.5,101.782849756,94.924062683,63.6,15.5,18.6,40.0,60.0,46.9,84.5,20.5,42.5,39.0,25.6,35.4,24.4,13.4,28.9,0.6587786
431,"Stanton, Giancarlo",519317,2024,31.2,8.3,94.6,14.7,34.8,20.7,55.3,108.185328759,99.180033333,63.6,25.1,31.0,52.0,48.0,51.8,74.9,34.4,46.8,39.5,39.5,21.0,38.8,11.6,24.6,0.6508743
212,"Merrill, Jackson",701538,2024,17.0,4.9,90.4,14.6,39.6,11.3,43.9,100.811784978,94.735707484,80.0,13.8,34.4,35.5,64.2,50.7,85.8,20.5,56.9,32.3,41.8,26.0,36.8,4.1,28.5,0.60806304
450,"Walker, Christian",572233,2024,24.1,10.0,91.2,16.6,35.0,13.3,48.0,103.127969548,96.011102521,73.1,17.5,24.3,48.8,51.2,51.4,82.5,25.6,48.0,41.0,34.7,24.3,37.9,7.9,26.2,0.54935026
287,"Westburg, Jordan",676059,2024,21.7,4.9,91.1,13.1,37.4,11.8,46.1,101.801873375,95.272487,71.6,20.7,30.4,49.6,50.4,50.0,79.3,29.3,51.0,38.3,39.6,22.1,41.7,5.6,29.0,0.5130863
264,"Olson, Matt",621566,2024,24.8,10.4,91.5,16.1,35.4,12.4,47.4,102.726279537,95.899543218,72.3,22.0,28.7,36.4,63.4,51.9,78.0,26.3,49.7,38.4,34.7,26.9,35.9,7.8,25.5,0.4927301
124,"Buxton, Byron",621439,2024,25.5,5.2,91.7,19.8,39.5,13.2,48.1,102.451274806,95.815194845,76.3,22.5,32.6,53.7,46.3,50.9,77.5,32.1,54.0,46.5,35.7,17.8,29.1,11.6,29.7,0.48360714
140,"Crow-Armstrong, Pete",691718,2024,23.9,5.1,88.9,17.2,33.3,7.4,36.8,98.797836565,93.630440766,79.7,24.6,41.4,40.4,57.9,49.7,73.2,29.9,60.7,40.7,35.4,23.9,42.5,6.0,30.0,0.48242712
192,"Marte, Ketel",606466,2024,18.2,11.1,94.0,9.4,33.7,12.3,53.8,103.991137178,96.920444406,71.3,14.1,26.0,40.0,59.6,51.0,85.6,21.3,48.2,47.4,35.9,16.7,48.9,4.9,27.1,0.47614032
395,"Gonzalez, Romy",663853,2024,26.9,5.6,92.3,3.7,29.7,8.3,51.0,104.214637183,96.826247676,75.9,17.2,36.7,51.2,48.8,52.8,82.8,29.2,55.2,26.9,46.9,26.2,57.9,3.4,28.9,0.38101044
166,"Harris II, Michael",671739,2024,20.0,4.9,90.5,7.5,33.5,10.0,47.0,103.329018908,96.053474224,69.7,18.4,39.6,37.7,62.0,48.5,81.5,25.1,55.1,40.7,36.7,22.6,49.0,6.6,28.3,0.3799269
101,"Tucker, Kyle",663656,2024,15.9,16.5,91.1,21.2,40.0,12.9,44.9,100.157901947,94.740150044,67.7,12.7,17.5,41.8,57.4,51.6,87.3,19.0,41.8,41.8,25.8,32.4,27.1,7.1,26.0,0.3784005
346,"Chourio, Jackson",694192,2024,21.1,6.8,89.7,7.6,33.2,7.8,44.9,100.832969557,94.831073407,66.1,17.3,31.9,47.0,53.0,50.4,82.6,27.1,48.8,33.2,42.7,24.1,48.0,3.7,29.7,0.37210742
426,"Wallner, Matt",670242,2024,36.4,9.2,92.8,21.6,38.1,17.5,53.2,104.61196127,96.920236746,71.7,31.3,26.0,56.4,43.6,52.3,68.8,38.4,47.8,49.2,34.9,15.9,31.0,11.9,27.5,0.36942366
196,"Rodríguez, Julio",677594,2024,25.4,6.2,91.7,10.5,33.2,10.2,48.4,103.553687536,96.325344116,74.7,21.2,37.3,47.0,53.0,54.5,78.8,30.9,54.3,33.4,39.2,27.4,44.6,6.3,29.6,0.34996724
273,"Taveras, Leody",665750,2024,21.2,7.9,89.0,14.7,31.5,5.9,35.5,99.173170874,93.650113205,69.5,17.4,29.0,46.3,52.7,51.1,81.8,26.2,48.8,29.9,37.3,32.8,41.1,8.5,28.5,0.34912145
132,"Lowe, Brandon",664040,2024,26.4,7.8,89.8,14.5,39.6,12.4,44.7,101.345776014,94.9549512,80.3,23.7,30.7,56.0,44.0,50.5,76.2,32.7,55.3,44.0,38.2,17.8,36.4,5.8,27.2,0.33452216
168,"Sánchez, Jesús",660821,2024,26.1,7.6,92.5,7.7,31.8,12.2,51.3,104.556000571,96.923820315,73.5,21.9,36.1,47.2,52.6,54.2,77.6,31.2,53.2,31.8,39.2,28.7,50.3,3.4,27.2,0.32095596
231,"Semien, Marcus",543760,2024,14.6,8.9,87.4,17.0,33.0,6.6,35.2,97.806210919,93.005121934,75.9,11.9,25.2,44.0,56.0,51.1,88.1,20.2,50.0,46.0,33.7,20.3,39.6,7.9,28.5,0.31668463
255,"Perez, Salvador",521692,2024,19.8,6.7,91.1,19.0,39.4,12.2,44.8,101.856275647,95.341857371,77.3,18.3,42.9,41.0,59.0,56.6,81.7,27.8,57.8,46.7,30.0,23.3,33.8,7.9,24.5,0.31409046
216,"Machado, Manny",592518,2024,19.3,7.0,92.5,12.7,33.8,11.0,48.8,103.370494128,96.17209183,72.4,16.2,29.7,45.3,54.7,48.6,83.8,24.4,51.6,35.1,42.5,22.4,43.3,8.0,25.8,0.2995941
171,"Cruz, Oneil",665833,2024,30.2,8.5,95.5,9.8,32.1,15.7,54.9,107.199352928,98.547881492,63.0,24.0,31.7,51.6,48.1,53.4,76.0,34.1,46.3,39.3,36.0,24.7,48.1,6.0,28.8,0.29848033
207,"Ozuna, Marcell",542303,2024,24.7,10.8,92.2,14.4,40.2,15.5,53.5,103.370699452,96.509068973,72.5,22.6,26.5,50.4,49.6,55.9,77.4,31.4,46.8,46.8,32.0,21.1,38.0,3.2,25.7,0.29585364
335,"Wood, James",695578,2024,28.9,11.6,92.8,2.4,31.3,10.6,52.0,104.677013333,97.028448782,55.3,20.0,21.0,55.1,44.9,49.8,80.0,29.6,38.2,32.3,36.4,31.3,55.1,1.0,28.7,0.29177788
46,"Caminero, Junior",691406,2024,21.5,6.2,89.7,6.8,25.2,11.8,45.7,102.966914286,95.641090317,63.1,22.2,35.4,45.2,54.8,55.6,77.8,31.7,47.7,32.3,40.9,26.8,48.8,12.6,26.4,0.29131645
316,"Sosa, Edmundo",624641,2024,24.1,4.7,89.2,12.8,28.5,8.6,41.4,100.484249348,94.380628306,75.2,19.7,40.5,50.4,49.6,53.1,79.7,31.4,56.8,38.7,35.5,25.8,45.7,8.1,29.2,0.28288072
371,"Lindor, Francisco",596019,2024,18.4,8.1,90.9,17.0,35.4,13.6,47.4,101.098117236,95.07615815,69.9,17.5,26.3,41.0,58.7,48.5,81.9,23.7,48.7,42.9,36.0,21.1,34.8,7.7,27.6,0.2826277
91,"Grichuk, Randal",545341,2024,16.5,7.2,90.6,17.3,34.3,11.0,47.6,102.436633714,95.601048095,67.6,11.3,28.6,40.1,59.9,52.0,88.7,20.4,47.3,44.8,37.6,17.6,36.2,12.4,27.5,0.28084907
293,"Duran, Jarren",680776,2024,21.8,7.3,90.8,9.5,33.8,9.3,43.9,101.928155512,95.341113209,68.2,15.7,28.1,47.1,52.6,49.7,84.1,24.8,48.3,29.9,40.0,30.1,46.8,6.6,29.6,0.27815846
25,"Nido, Tomás",621512,2024,25.0,3.6,89.8,14.1,36.0,12.0,44.0,99.686948542,94.248211563,79.1,25.4,41.7,56.2,43.8,49.8,74.1,35.9,60.5,38.0,31.0,31.0,46.0,5.0,24.7,0.27546075
276,"Santander, Anthony",623993,2024,19.4,8.7,89.8,22.7,35.0,11.7,41.6,100.325476894,94.357156511,67.8,15.4,33.8,28.0,72.0,53.2,84.6,20.0,49.7,44.4,32.1,23.6,30.6,14.0,26.0,0.25792983
237,"Melendez Jr., MJ",669004,2024,25.1,7.8,91.1,14.6,29.1,8.4,45.2,101.49620396,95.196771409,77.8,24.1,28.4,43.7,56.3,51.2,75.7,29.5,52.5,44.1,33.4,22.4,41.8,9.0,27.8,0.25737128
184,"Langford, Wyatt",694671,2024,20.6,9.2,89.6,16.6,31.3,9.3,43.4,101.211098854,94.807365599,64.3,16.8,23.0,38.5,61.5,52.0,83.2,22.9,42.8,44.7,33.3,22.0,40.1,9.0,29.8,0.25652167
180,"Schwarber, Kyle",656941,2024,28.5,15.3,93.6,15.0,31.8,15.6,55.5,105.154527813,97.529843438,60.6,23.7,20.9,54.3,45.7,52.1,76.3,32.0,39.9,48.4,35.2,16.4,40.9,7.8,25.8,0.2555714
300,"Contreras, William",661388,2024,20.5,11.5,92.8,6.1,29.0,10.0,49.5,103.875480043,96.642602527,71.0,19.3,25.6,49.2,50.8,52.1,80.7,27.8,47.4,36.6,39.2,24.2,54.0,5.2,26.4,0.2359875
404,"Yelich, Christian",592885,2024,18.4,12.7,91.1,5.2,32.2,7.9,46.7,103.017733429,96.008981238,69.9,15.1,24.9,42.6,57.4,53.6,84.7,23.1,45.7,39.3,34.6,26.2,54.2,3.3,28.5,0.22138526
245,"Nootbaar, Lars",663457,2024,19.5,12.8,91.8,6.0,32.2,9.9,49.5,102.282162353,95.717855683,56.5,13.3,16.9,38.7,61.3,48.8,86.7,19.0,37.2,34.8,42.1,23.1,51.6,5.1,27.0,0.21989456
18,"Hilliard, Sam",656541,2024,35.4,8.9,94.6,16.5,30.7,14.8,52.3,103.815353902,97.006523171,66.7,29.7,27.8,66.3,33.7,51.0,69.8,40.8,46.9,35.2,36.4,28.4,42.0,5.7,28.8,0.21935777
187,"Doyle, Brenton",686668,2024,25.4,7.6,89.2,13.2,37.4,10.5,41.4,100.983223096,94.67619269,74.5,18.2,30.0,56.5,42.9,51.9,81.1,29.8,51.4,36.9,36.4,26.7,40.4,4.5,29.3,0.2161268
61,"Vargas, Miguel",678246,2024,24.1,10.5,86.2,21.3,28.9,4.6,26.3,96.03557,92.025289013,67.3,20.3,21.8,25.5,74.5,50.0,79.7,21.6,44.6,42.1,32.9,25.0,32.2,9.2,28.6,0.20638184
51,"Soderstrom, Tyler",691016,2024,24.9,9.4,91.9,9.6,31.4,14.6,49.6,102.485036087,95.728140219,69.1,18.8,29.2,55.7,44.3,51.2,81.2,30.1,48.7,30.7,44.5,24.8,48.9,4.4,27.0,0.20087272
197,"Harper, Bryce",547180,2024,21.9,12.0,91.1,13.5,36.1,10.6,48.2,102.531835097,95.63882949,78.2,14.9,33.4,47.6,52.4,56.7,84.9,26.7,52.9,34.2,34.5,31.3,38.6,4.1,27.4,0.1963839
116,"Robert Jr., Luis",673357,2024,33.2,6.6,90.1,13.5,35.6,9.9,40.7,101.232868968,94.886076944,72.7,23.4,35.9,58.4,41.6,53.3,76.6,36.1,53.1,34.4,38.3,27.3,38.7,6.7,28.8,0.1827409
175,"Rooker Jr., Brent",667670,2024,28.8,9.6,91.9,18.9,38.3,16.6,49.6,103.25238457,96.193453235,72.6,21.1,31.0,60.2,39.8,53.9,78.9,34.1,50.2,42.6,32.7,24.7,33.8,8.6,27.6,0.18024568
327,"Tovar, Ezequiel",678662,2024,28.8,3.3,88.8,18.9,38.5,9.0,39.8,99.306485852,93.964016332,82.0,21.9,44.1,53.5,45.6,51.9,77.7,33.5,62.3,36.4,36.4,27.2,34.5,7.3,28.1,0.17914973
341,"Varsho, Daulton",662139,2024,26.7,9.4,86.1,24.4,30.2,6.2,34.0,98.537583503,93.276618121,70.3,20.0,25.9,44.6,55.0,50.9,79.3,27.0,47.6,47.5,29.0,23.5,33.0,18.2,28.5,0.15884778
157,"Conforto, Michael",624424,2024,24.2,8.6,90.2,14.8,33.7,11.8,46.0,101.95530559,95.249550592,65.4,18.0,24.5,44.2,55.8,50.3,82.0,25.2,44.8,41.5,35.0,23.5,41.5,9.0,26.3,0.15871365
285,"McCray, Grant",687529,2024,43.1,4.6,90.2,5.4,30.9,11.8,44.1,101.84831875,95.365513125,73.4,33.2,31.3,69.6,30.4,48.6,66.3,43.6,53.0,35.3,38.2,26.5,50.0,2.9,29.2,0.15095906
387,"Ramos, Bryan",682868,2024,20.4,6.5,90.1,11.8,35.9,6.4,46.2,100.595616667,94.750177179,61.2,19.8,25.5,51.9,48.1,48.8,80.2,29.0,43.8,44.9,35.9,19.2,43.6,5.1,28.7,0.14858209
206,"Alonso, Pete",624413,2024,24.7,10.1,89.8,14.4,30.5,13.2,46.4,102.785114727,95.699086105,61.0,14.1,25.9,48.1,51.9,51.7,85.9,24.7,42.9,41.6,32.3,26.1,42.0,8.6,26.1,0.14758627
383,"Stott, Bryson",681082,2024,16.3,9.3,87.0,14.0,35.3,3.6,30.8,97.149266143,92.631038831,59.6,13.3,28.3,25.0,74.4,49.5,86.3,17.0,44.1,32.2,37.2,30.6,43.1,7.3,29.1,0.14214477
163,"Thomas, Lane",657041,2024,25.9,8.3,88.8,17.0,31.5,7.4,40.6,100.376555353,94.3557595,64.0,17.2,22.9,40.9,59.1,49.3,82.8,23.3,43.8,40.0,37.1,22.9,39.1,10.9,29.3,0.1408205
230,"Ramírez, José",608070,2024,12.0,7.9,89.2,19.6,34.0,8.6,39.7,99.642954081,93.982319614,68.9,9.4,31.7,26.6,73.2,52.4,90.6,15.2,49.4,51.3,30.1,18.6,34.2,12.1,28.2,0.13504604
189,"De La Cruz, Elly",682829,2024,31.3,9.9,91.8,9.7,35.7,12.7,45.7,102.95535404,95.90272362,61.7,23.2,26.9,54.2,45.3,52.7,75.6,33.4,43.4,43.4,34.0,22.6,47.1,3.2,30.0,0.13225274
446,"Adell, Jo",666176,2024,27.9,7.8,89.8,15.9,30.5,11.7,44.7,102.6788005,95.748719749,71.5,21.1,29.7,49.1,50.9,52.1,78.9,29.8,49.7,41.1,34.0,24.8,35.5,9.2,28.8,0.13205668
256,"Larnach, Trevor",663616,2024,22.3,10.0,92.0,12.4,36.2,10.1,45.1,102.375195821,95.54188573,63.5,15.3,25.6,57.8,42.2,51.1,84.7,27.9,44.1,42.5,33.6,23.9,44.0,3.7,26.3,0.131487
215,"Carroll, Corbin",682998,2024,19.0,10.7,89.3,12.0,27.8,7.2,40.8,101.055665665,94.755672366,59.8,13.0,24.9,36.1,62.8,52.8,85.8,20.3,41.4,37.8,36.5,25.7,44.6,12.1,29.6,0.12744358
164,"Ramos, Heliot",671218,2024,26.1,7.1,91.5,10.4,34.3,14.5,47.5,102.620742924,95.895956716,72.3,18.3,29.9,51.9,48.1,51.8,81.7,28.7,50.3,30.2,41.0,28.8,43.3,5.2,27.9,0.1254232
243,"Meadows, Parker",678009,2024,25.5,8.4,87.0,18.5,34.7,7.7,32.3,97.956970619,93.056795751,65.9,16.4,25.8,53.1,46.9,51.1,83.1,27.0,45.5,36.2,41.8,21.9,33.2,10.7,29.3,0.12348534
129,"Raley, Luke",670042,2024,29.7,5.9,90.1,13.5,31.5,11.0,41.8,101.696067615,95.042152538,75.2,23.6,27.9,64.4,34.7,49.4,76.2,34.5,51.8,44.0,34.8,21.2,47.3,7.0,28.9,0.12192676
358,"Winn, Masyn",691026,2024,17.1,6.4,87.0,13.2,33.5,3.7,32.7,98.144268452,93.085870398,62.7,13.0,30.4,32.2,67.6,48.5,86.1,19.0,47.0,32.7,37.2,30.0,41.2,8.0,28.8,0.11933522
379,"Díaz, Yandy",650490,2024,15.3,8.1,92.2,5.0,28.4,7.6,48.7,103.441830979,96.263007825,64.0,10.3,22.8,25.5,74.5,48.9,89.7,14.2,43.9,26.5,43.0,30.5,55.5,5.5,25.4,0.118018426
6,"Outman, James",681546,2024,35.3,10.3,87.6,15.3,38.3,4.9,38.3,100.237923902,94.412729136,67.3,25.0,28.2,65.6,34.4,50.3,74.5,37.1,47.6,43.2,29.6,27.2,33.3,11.1,28.8,0.117940105
241,"Turner, Trea",607208,2024,18.2,5.0,89.1,11.5,30.9,6.9,40.7,99.706063382,94.073107543,74.8,14.2,33.9,51.0,49.0,51.5,85.8,26.1,53.7,43.6,33.8,22.5,47.1,5.1,29.6,0.105907485
324,"Wade, Tyler",642180,2024,18.6,7.1,83.7,14.5,38.1,1.8,17.7,93.385363922,90.890811782,62.4,11.4,25.7,44.0,54.7,49.7,86.4,20.8,44.1,43.4,32.7,23.9,46.0,8.8,28.7,0.105329245
39,"Stowers, Kyle",669065,2024,35.4,6.2,91.0,12.3,36.1,10.9,51.3,102.156753559,95.709246525,78.5,27.1,32.6,55.7,44.3,52.4,72.9,36.1,54.5,36.1,43.7,20.2,48.7,6.7,28.2,0.10316592
427,"Betts, Mookie",605141,2024,11.0,11.8,89.9,21.4,39.3,6.0,39.5,98.50877402,93.575257103,60.8,6.1,21.1,38.7,61.3,51.4,93.9,14.9,40.4,34.3,41.6,24.2,27.2,8.6,26.7,0.101509444
147,"Tellez, Rowdy",642133,2024,21.1,7.4,89.4,17.0,32.4,8.0,36.5,100.611958926,94.350585034,58.8,11.5,27.4,44.5,55.1,49.6,88.5,21.9,43.3,38.1,33.8,28.1,37.8,11.4,24.2,0.09942715
401,"Santana, Carlos",467793,2024,16.7,10.9,89.2,16.1,30.9,7.3,39.9,99.506124387,94.004167778,64.9,16.6,23.4,40.3,59.7,52.1,83.4,23.3,43.3,52.6,30.9,16.5,38.0,11.1,25.9,0.09732419
267,"Bethancourt, Christian",542194,2024,24.5,3.4,89.1,12.4,25.7,7.6,41.9,100.460386122,94.266459184,77.5,22.9,48.4,42.8,56.5,55.2,75.4,31.5,61.4,39.0,41.0,20.0,47.6,7.6,27.5,0.09695928
142,"Gonzales, Nick",693304,2024,19.1,4.7,87.9,13.0,34.1,7.9,36.9,98.826293958,93.505191185,78.2,17.4,34.1,42.3,57.7,50.0,82.6,24.9,56.2,42.1,33.8,24.1,41.7,5.2,29.2,0.094205566
20,"Blanco, Dairon",680118,2024,24.2,6.1,89.0,8.6,26.7,7.8,37.8,99.654640732,94.051881852,74.0,26.2,31.0,48.6,48.6,50.5,72.6,32.9,52.3,31.1,47.8,21.1,52.2,5.6,29.6,0.094142586
223,"Diaz, Yainer",673237,2024,17.3,3.9,90.2,8.9,35.0,7.6,47.5,101.297056214,95.034359505,77.7,13.6,42.6,40.2,59.8,53.8,86.4,24.0,58.8,38.3,40.5,21.2,51.2,4.5,27.1,0.09241772
208,"Paredes, Isaac",670623,2024,16.4,11.9,85.0,22.4,37.0,4.5,27.1,95.875582928,91.952619865,64.7,11.0,26.5,31.1,68.9,52.3,89.0,17.2,44.7,51.9,29.3,18.7,30.9,14.2,25.9,0.09234525
128,"Pederson, Joc",592626,2024,23.4,12.2,92.3,16.9,34.2,12.8,46.2,102.648599462,95.864061892,60.7,17.9,29.5,37.6,62.4,53.7,81.1,25.0,44.0,48.9,36.1,15.0,39.8,9.0,25.5,0.09162593
262,"Happ, Ian",664023,2024,25.6,12.2,90.8,15.1,37.0,11.7,45.2,101.590666318,95.287992294,67.8,21.4,23.2,47.3,52.7,49.2,78.5,27.9,45.9,38.7,34.0,27.3,39.2,7.7,27.9,0.09131676
188,"Vierling, Matt",663837,2024,21.3,7.2,89.8,11.7,34.1,7.5,40.9,100.235830606,94.344722247,62.1,12.8,22.0,39.5,60.5,48.1,87.0,19.5,42.8,36.8,37.6,25.6,42.0,8.0,28.8,0.090818666
320,"Crews, Dylan",686611,2024,19.7,8.3,89.0,8.8,23.4,6.4,44.7,101.319603191,94.909751613,63.6,13.7,26.6,43.7,56.3,51.3,86.3,22.8,44.6,35.1,41.5,23.4,56.4,8.5,29.3,0.08951276
284,"Sosa, Lenyn",672820,2024,20.9,3.3,89.0,12.3,42.2,6.1,41.2,99.355197445,93.909530839,67.9,13.0,37.3,32.4,67.6,49.8,86.8,19.8,52.7,30.7,40.8,28.5,40.4,6.1,27.3,0.08656644
1,"Kjerstad, Heston",677008,2024,28.9,8.8,90.2,10.3,28.8,6.1,43.9,100.595502727,94.562960909,78.5,17.8,35.0,57.7,42.3,52.7,82.2,31.1,55.6,28.8,40.9,30.3,45.5,4.5,28.5,0.08653115
8,"Schmitt, Casey",669477,2024,22.1,3.5,89.2,16.5,31.3,8.4,36.1,99.223205238,93.803955783,69.1,11.2,36.8,49.3,50.7,51.6,88.8,25.0,52.4,43.4,32.5,24.1,39.8,8.4,28.0,0.086162664
307,"Pasquantino, Vinnie",686469,2024,12.8,7.2,91.0,14.6,31.9,7.1,46.5,100.997993151,94.970921142,66.3,7.5,30.7,28.4,71.6,52.0,91.9,14.5,47.8,45.8,35.3,18.9,40.3,8.4,25.6,0.08197157
84,"Benson, Will",666181,2024,39.7,10.3,89.4,18.2,36.5,11.5,40.1,99.756805263,94.123444,71.2,31.6,22.0,65.1,33.7,48.0,68.4,39.0,47.6,49.5,31.3,19.3,35.9,5.7,28.8,0.08047119
202,"Ward, Taylor",621493,2024,24.6,9.5,90.9,17.4,41.9,13.0,42.4,100.017751581,94.464585641,64.8,17.7,20.8,50.9,49.1,49.0,82.3,25.5,43.2,32.3,36.3,31.4,32.3,3.7,26.8,0.08009473
420,"Arias, Gabriel",672356,2024,32.9,3.7,89.7,5.6,35.6,7.9,36.6,101.274794118,94.824434059,80.1,29.0,40.1,58.6,41.4,47.9,70.1,38.4,60.9,34.7,42.6,22.8,51.5,5.9,27.4,0.07905363
436,"Contreras, Willson",575929,2024,26.8,12.6,91.6,14.2,32.7,11.2,46.8,103.712134757,96.17214078,71.2,22.2,29.9,63.6,36.4,51.8,77.8,35.0,49.8,36.6,34.6,28.8,42.4,9.3,27.1,0.07858976
9,"Baldwin, Brooks",681460,2024,25.6,5.0,87.4,26.2,34.5,4.8,32.1,96.86830625,92.495436709,78.0,21.8,35.0,32.4,64.8,47.7,77.6,24.9,57.5,34.5,35.7,29.8,27.4,16.7,29.1,0.0759228
378,"Merrifield, Whit",593160,2024,15.5,10.4,84.1,12.9,34.3,2.4,21.6,94.385287083,91.220749372,66.2,11.9,25.8,35.0,63.8,51.5,87.8,18.7,45.4,35.9,31.0,33.1,45.7,6.1,29.0,0.07513961
185,"Burger, Jake",669394,2024,25.9,5.4,91.3,13.0,32.4,12.3,46.8,103.619986856,96.171144407,70.1,18.9,36.5,49.4,50.6,52.8,81.1,30.1,52.4,42.4,37.0,20.6,44.0,6.9,27.9,0.07235164
225,"Bregman, Alex",608324,2024,13.6,6.9,89.1,18.2,34.9,6.4,40.5,98.986527952,93.684160984,65.6,8.7,23.6,24.7,75.3,49.3,91.3,12.8,44.9,39.9,33.5,26.7,36.5,11.0,26.7,0.069892384
407,"Flores, Wilmer",527038,2024,13.6,8.3,83.5,21.4,36.6,5.9,27.6,95.484386989,91.787573297,60.6,7.2,28.5,27.1,72.9,52.5,92.8,13.9,43.9,39.8,38.2,22.0,32.8,15.6,24.0,0.06942256
343,"Kepler, Max",596146,2024,20.1,5.5,88.9,16.8,35.4,6.2,36.8,99.569991319,93.867541875,74.3,15.2,30.5,46.5,53.5,50.3,84.6,24.4,52.3,40.5,33.3,26.1,35.1,7.9,26.8,0.069222145
279,"Castellanos, Nick",592206,2024,21.1,6.2,88.4,15.2,39.0,8.1,38.2,99.266703034,93.738511581,79.0,19.4,37.8,51.9,48.1,50.9,80.6,30.1,58.0,37.5,37.7,24.7,38.4,4.3,27.4,0.06826526
118,"Jiménez, Eloy",650391,2024,20.1,6.3,92.0,4.3,25.1,7.8,49.0,103.179997795,96.165143031,70.1,15.3,33.0,46.2,53.8,53.5,84.7,26.2,50.3,36.9,45.9,17.3,56.9,6.7,25.2,0.06789699
35,"Norby, Connor",681393,2024,33.0,7.7,86.2,17.0,47.0,14.8,39.1,99.109980172,93.692715217,79.9,26.5,34.8,48.9,51.1,49.5,73.5,33.2,57.6,47.8,30.4,21.7,32.2,4.3,29.3,0.06787298
294,"Giménez, Andrés",665926,2024,15.3,4.1,86.3,8.7,32.7,2.8,28.5,96.492499139,92.262342361,74.6,15.7,37.4,37.6,60.8,48.9,83.3,22.8,56.4,37.6,37.8,24.6,51.1,6.5,28.9,0.06720072
359,"Abrams, CJ",682928,2024,21.3,6.6,88.2,15.1,33.0,6.9,40.7,99.496479615,93.910198048,70.5,18.4,35.4,37.7,62.1,49.1,81.3,24.7,53.3,45.2,33.0,21.8,40.7,8.6,28.5,0.06679706
321,"Suzuki, Seiya",673548,2024,27.4,10.8,91.7,16.2,38.8,11.5,49.2,102.565369326,95.834191408,59.6,16.6,20.7,46.1,53.9,51.4,83.4,24.5,39.6,32.6,44.9,22.5,33.7,5.6,28.3,0.06587772
309,"Valdez, Enmanuel",665839,2024,23.8,7.6,89.4,19.3,32.0,9.2,41.8,99.9120656,94.1331724,60.5,15.0,28.6,35.8,63.5,52.1,85.0,22.1,43.9,46.4,28.8,24.8,34.6,11.8,26.2,0.065264255
126,"Correa, Carlos",621043,2024,16.6,10.9,90.3,8.9,34.4,9.2,44.7,102.536128244,95.462669198,65.5,13.5,25.5,36.6,63.4,52.3,86.5,20.4,44.6,33.2,36.3,30.5,44.3,5.7,26.8,0.06503898
170,"Soler, Jorge",624585,2024,24.6,11.8,90.5,17.9,33.4,12.6,44.1,101.898357865,95.262490702,64.8,17.1,26.8,53.6,46.4,53.6,82.9,28.9,44.5,41.6,36.2,22.2,37.6,9.8,26.9,0.06498223
270,"Iglesias, Jose",578428,2024,13.4,4.1,85.8,9.0,36.2,2.2,30.6,96.964592759,92.513387672,64.8,12.1,39.5,20.7,79.3,48.9,87.9,15.2,52.5,29.3,38.8,31.9,48.7,3.9,28.6,0.06484531
195,"Chisholm Jr., Jazz",665862,2024,24.5,8.5,89.7,11.4,29.6,9.7,41.1,100.122466782,94.459141861,67.1,22.7,29.2,43.7,55.7,51.6,75.2,29.3,47.5,41.3,41.3,17.5,49.8,6.3,28.6,0.064398035
275,"Realmuto, J.T.",592663,2024,24.7,6.5,89.2,9.4,36.9,10.4,46.6,101.248653813,94.909982842,69.4,17.6,30.2,47.2,52.8,48.3,82.4,26.2,50.5,38.7,36.2,25.1,44.8,6.1,28.4,0.06379828
71,"Taylor, Michael A.",572191,2024,35.0,7.7,89.3,13.7,31.4,11.6,40.1,100.583164074,94.548357778,68.0,27.1,30.4,66.5,32.4,49.8,71.7,39.2,49.3,41.3,44.2,14.5,45.3,5.8,28.5,0.06337211
326,"Vaughn, Andrew",683734,2024,21.3,6.1,90.3,16.6,33.6,9.3,43.3,100.921632928,94.702971332,66.7,11.8,33.0,41.6,58.4,51.4,88.2,22.0,49.4,33.4,42.0,24.6,38.6,8.8,26.3,0.062172484
108,"Siri, Jose",642350,2024,37.9,6.9,87.5,15.4,35.7,14.7,41.6,100.732893305,94.47103983,67.1,32.1,35.2,59.8,40.2,50.9,66.6,41.9,50.9,35.7,37.0,27.3,40.3,7.6,29.9,0.062144987
235,"Taylor, Tyrone",621438,2024,23.2,5.5,87.3,16.8,34.9,7.1,35.3,99.355167983,93.783487975,66.2,12.0,32.4,43.2,56.8,49.7,88.0,22.2,49.4,46.9,30.3,22.8,38.2,10.4,28.9,0.060936313
92,"Robles, Victor",645302,2024,18.0,7.1,86.7,14.8,34.8,6.2,28.6,97.345786105,92.756314603,78.8,16.1,33.2,43.0,50.3,52.8,81.0,24.7,54.7,46.7,33.3,20.0,47.6,7.1,27.8,0.06049371
21,"Mead, Curtis",678554,2024,22.7,4.5,88.8,16.3,36.6,4.3,36.6,99.411624468,93.833557742,71.4,17.8,36.7,32.6,67.4,54.9,82.2,23.5,52.4,37.6,28.0,34.4,35.5,10.8,26.9,0.058675222
452,"Wisdom, Patrick",621550,2024,33.9,5.7,90.9,28.0,23.8,15.8,48.5,102.1496362,95.721041717,71.3,22.3,25.7,58.0,42.0,48.8,77.7,31.4,49.1,33.7,35.6,30.7,25.7,14.9,27.8,0.056782365
162,"Miranda, Jose",669304,2024,15.4,4.2,88.9,15.5,33.9,5.9,38.9,99.359747765,93.786600855,70.9,12.6,35.6,40.0,60.0,52.9,87.4,22.5,52.3,40.1,38.9,20.9,38.6,8.8,25.9,0.05583419
410,"Lopez, Otto",672640,2024,17.3,5.8,88.0,5.4,30.4,5.1,38.9,99.482984485,93.902266182,70.4,12.4,32.0,43.3,56.7,49.5,87.1,21.9,51.4,31.3,43.7,25.0,54.2,3.3,28.7,0.055204805
226,"Peña, Jeremy",665161,2024,17.1,3.8,88.2,7.5,29.2,5.4,38.8,99.323506707,93.74168435,72.9,11.4,36.9,49.4,49.7,51.9,87.3,24.9,54.2,40.2,37.2,22.6,50.4,4.8,29.8,0.055204805
210,"Freeman, Freddie",518692,2024,15.7,12.2,89.4,14.3,43.1,9.1,41.8,100.349133067,94.527301044,73.7,16.6,26.6,29.0,71.0,51.8,83.4,20.2,49.4,34.2,34.9,30.9,38.7,2.7,25.8,0.055108044
367,"Massey, Michael",686681,2024,15.7,4.2,89.2,16.8,34.4,7.1,36.9,98.396031151,93.36810777,67.3,8.7,37.4,33.9,66.1,51.1,91.3,17.9,52.0,51.8,29.1,19.1,39.7,6.0,26.8,0.054706283
306,"Moniak, Mickey",666160,2024,27.3,5.0,88.1,19.8,31.9,9.3,34.4,99.494460797,93.816907681,75.1,22.2,39.7,45.3,53.2,51.9,77.3,30.6,56.7,46.6,33.0,20.4,36.2,13.6,28.6,0.054683466
90,"Fitzgerald, Tyler",666149,2024,31.7,6.5,87.7,20.2,39.1,8.2,31.9,97.5779034,92.79850055,67.9,22.3,26.9,54.5,44.9,49.2,75.3,31.2,47.7,49.8,26.1,24.2,35.3,6.8,30.0,0.054143026
70,"Montero, Elehuris",660707,2024,22.7,8.1,89.5,17.0,27.5,7.6,41.5,100.877618721,94.67846193,72.3,14.1,39.3,54.2,45.8,55.4,85.9,30.3,54.1,39.2,35.1,25.7,38.0,10.5,26.2,0.053890865
244,"Jansen, Danny",643376,2024,18.8,12.3,86.6,21.7,34.1,6.4,29.7,97.185697545,92.627349132,61.8,14.7,20.3,39.0,61.0,50.8,85.3,20.9,40.6,50.5,32.3,17.3,29.5,12.3,26.6,0.05368046
261,"Albies, Ozzie",645277,2024,14.9,6.2,88.4,18.4,33.4,6.2,32.0,97.095539467,92.617553798,82.6,15.5,33.6,31.3,68.7,53.1,84.4,20.5,56.6,46.7,34.3,18.9,38.2,9.8,27.2,0.053673297
422,"Turang, Brice",668930,2024,17.0,8.1,87.0,6.1,32.0,2.4,29.7,96.869333063,92.521821874,64.4,9.2,28.4,25.7,72.5,46.5,88.4,13.8,47.7,24.0,41.8,34.2,53.7,4.1,29.3,0.053663835
186,"Frelick, Sal",686217,2024,14.9,7.4,83.4,9.7,30.0,0.8,19.5,94.439757846,91.272403907,57.0,8.1,25.8,23.8,76.2,49.5,91.2,12.9,41.5,29.5,43.0,27.5,48.0,9.3,29.3,0.053663835
348,"Lee, Jung Hoo",808982,2024,8.2,6.3,89.1,9.2,29.1,4.5,41.8,99.547595821,93.996025338,58.0,6.0,26.7,19.1,79.4,44.8,93.4,9.6,43.9,33.6,38.1,28.4,45.5,5.2,28.4,0.05361342
313,"Myers, Dane",667472,2024,33.3,7.4,89.9,11.4,32.8,11.5,47.5,100.494369677,94.535582623,60.1,24.6,26.2,41.5,58.5,47.5,73.9,29.4,44.0,26.2,47.5,26.2,44.3,4.9,28.5,0.053180307
328,"Rojas, Johan",679032,2024,19.0,3.6,85.7,4.8,22.0,2.5,27.4,97.163679462,92.590351731,61.8,15.7,35.5,35.0,62.0,49.6,81.4,22.7,48.8,35.7,41.5,22.7,59.2,7.9,30.1,0.0529384
232,"Arraez, Luis",650333,2024,4.3,3.6,86.3,13.7,40.9,1.6,23.7,94.838000362,91.449624457,63.0,4.7,35.3,11.3,88.0,47.8,95.0,6.9,49.8,31.6,37.6,30.8,42.2,4.9,26.7,0.052392185
415,"Burleson, Alec",676475,2024,12.8,5.9,89.7,13.6,34.3,6.5,41.7,99.381927173,94.012155751,77.6,13.3,34.5,32.0,68.0,50.6,86.5,19.2,55.7,33.5,38.7,27.8,42.5,6.5,25.5,0.052302465
32,"Rice, Ben",700250,2024,27.0,11.2,90.0,17.7,34.9,15.6,36.7,99.671896909,94.277701284,72.9,17.6,20.6,53.2,46.8,51.5,82.4,25.8,46.0,47.7,30.3,22.0,35.8,8.3,27.5,0.05210402
37,"Biggio, Cavan",624415,2024,32.1,10.7,82.0,21.2,37.3,2.5,16.9,92.815215439,90.564125877,55.4,16.1,18.1,51.2,46.3,46.2,83.9,23.8,38.2,33.9,44.9,21.2,36.4,14.4,28.5,0.052044388
57,"Goodman, Hunter",696100,2024,28.6,3.6,88.2,16.5,32.9,12.8,39.6,100.1496636,94.135665034,78.1,19.6,39.9,52.3,47.7,52.7,80.4,31.5,58.0,40.3,35.6,24.2,38.9,6.7,28.0,0.051002327
278,"Bell, Josh",605137,2024,19.9,8.5,88.9,10.5,31.4,7.6,40.1,100.078711292,94.16958744,73.4,18.8,27.4,45.6,54.4,53.4,81.2,26.8,48.8,41.3,31.8,26.8,49.6,5.7,25.4,0.050841965
417,"Carpenter, Kerry",681481,2024,25.3,7.4,90.5,17.6,40.1,17.7,46.4,100.928032292,94.944129215,70.4,18.4,32.2,54.0,46.0,52.5,81.6,30.3,50.5,41.7,33.3,25.0,37.0,5.7,27.7,0.050168388
100,"Alvarez, Francisco",682626,2024,25.1,8.8,88.8,6.9,27.2,6.7,42.0,101.298215536,94.784205516,64.2,20.6,28.9,48.7,51.3,51.2,79.4,29.6,46.1,33.0,37.9,29.0,50.9,5.8,25.8,0.050093323
389,"García, Luis",671277,2024,16.3,5.1,89.1,8.2,32.8,8.0,41.7,100.167127696,94.249397672,69.0,12.6,36.0,36.4,62.7,52.3,86.8,21.3,51.7,26.3,46.3,27.5,48.4,2.7,27.2,0.04967266
41,"Gallo, Joey",608336,2024,39.2,12.3,90.5,26.1,32.8,13.1,43.4,100.325545574,94.605556281,68.3,32.7,22.0,61.5,37.6,49.6,67.3,39.6,45.3,54.1,27.0,18.9,27.0,15.6,26.5,0.049487397
176,"Young, Jacob",696285,2024,19.6,5.8,85.8,4.0,28.1,1.6,28.9,96.872142235,92.486924676,60.3,12.1,27.8,36.6,59.1,47.4,84.8,19.3,44.9,27.3,35.8,36.9,56.5,5.0,29.7,0.049391486
445,"Smith, Pavin",656976,2024,19.6,11.4,90.2,13.1,34.9,14.7,44.0,101.669639091,95.421898349,59.3,14.1,17.9,45.6,54.4,50.6,85.9,21.5,38.4,41.3,41.3,17.4,43.1,5.5,26.4,0.049141385
272,"Toglia, Michael",669911,2024,32.1,11.8,92.1,15.1,39.2,17.3,50.2,102.673791797,96.069366471,66.7,22.5,27.3,59.7,39.9,54.9,77.5,34.9,45.1,41.6,37.3,21.2,35.3,3.9,27.4,0.049042348
303,"Gelof, Zack",680869,2024,34.4,6.9,89.2,14.2,34.4,8.8,37.2,98.970921935,93.611147032,72.1,26.1,29.7,62.8,36.8,48.6,73.5,36.4,51.5,41.6,37.9,20.5,43.5,6.3,28.7,0.049007878
310,"Vientos, Mark",668901,2024,29.7,7.3,91.2,11.4,34.6,14.1,46.6,102.544746312,95.741575567,68.5,25.0,32.3,53.1,46.9,51.4,75.0,34.4,49.9,36.0,43.1,20.8,44.2,7.1,26.3,0.048490897
283,"O'Hearn, Ryan",656811,2024,14.0,9.3,89.6,12.0,35.0,6.9,40.1,99.733150957,94.095787394,67.7,10.3,26.2,37.8,62.2,50.5,89.7,18.1,46.7,36.1,36.3,27.6,40.8,6.1,27.8,0.048127014
199,"De La Cruz, Bryan",650559,2024,27.3,4.7,89.6,13.1,35.6,9.3,41.3,99.848652919,94.22196445,75.3,22.4,32.6,47.0,53.0,51.3,77.6,30.1,53.4,38.7,32.2,29.1,41.3,4.3,27.5,0.047982875
136,"Abreu, Wilyer",677800,2024,28.0,8.9,91.6,19.2,33.7,11.1,50.5,101.945020507,95.552365543,68.4,23.1,28.2,45.0,55.0,50.6,76.4,29.6,48.1,43.7,32.6,23.7,34.1,8.6,27.5,0.04648554
83,"Laureano, Ramón",657656,2024,31.1,4.9,89.2,13.3,38.7,12.6,40.8,100.254641146,94.492561099,73.3,22.7,30.4,54.5,45.5,49.0,77.3,31.8,52.3,43.5,31.4,25.1,38.7,3.1,27.8,0.04614899
106,"McKinstry, Zach",656716,2024,21.2,7.4,88.0,18.7,37.8,4.3,32.6,97.327044,92.860583362,66.7,14.1,27.9,42.1,57.3,49.0,84.9,22.1,47.7,37.8,37.0,25.2,32.6,6.5,28.4,0.04574509
174,"Turner, Justin",457759,2024,17.6,10.9,87.1,17.8,40.1,4.6,32.5,96.702342312,92.434680753,65.7,11.5,25.1,31.3,68.7,49.9,88.5,17.0,45.4,38.7,36.8,24.5,32.5,7.0,25.4,0.044897035
12,"Clemens, Kody",665019,2024,24.2,4.2,89.4,19.2,30.6,7.1,42.4,99.387885814,93.94476,63.5,20.6,33.5,36.0,64.0,47.9,79.4,25.7,49.1,42.4,37.6,20.0,37.6,9.4,27.7,0.044680778
47,"Mitchell, Garrett",669003,2024,31.7,11.2,88.8,2.8,34.6,8.7,37.0,100.952074833,94.510744,68.5,27.0,17.6,68.9,28.4,47.3,71.7,34.8,44.4,39.4,39.4,21.3,56.7,2.4,29.5,0.044644065
141,"Schuemann, Max",680474,2024,25.9,10.2,89.0,16.6,39.5,5.6,37.4,97.729409209,93.097394065,62.8,21.3,21.4,50.5,49.0,49.0,77.0,28.5,42.5,35.0,37.4,27.6,37.4,7.7,27.8,0.044062644
391,"Florial, Estevan",664314,2024,36.9,9.9,88.7,12.8,36.2,10.3,41.4,99.259345517,93.884180351,78.6,37.0,24.7,57.9,38.6,51.2,62.4,42.2,51.1,51.7,29.3,19.0,44.8,6.9,28.7,0.04401827
365,"McCarthy, Jake",664983,2024,15.8,6.3,84.5,9.1,30.4,2.7,24.5,95.637290857,91.834529486,67.0,7.9,31.1,39.1,58.4,49.3,91.1,17.6,49.3,35.5,40.1,24.5,52.2,5.1,29.8,0.043970466
183,"Benintendi, Andrew",643217,2024,18.4,7.9,88.0,16.1,36.5,6.3,34.4,97.17823,92.764984068,69.3,17.0,25.1,33.1,66.5,48.2,82.5,21.1,48.0,44.8,33.9,21.4,38.3,6.8,26.7,0.043901015
331,"Wells, Austin",669224,2024,21.0,11.4,88.4,17.1,34.5,9.1,38.9,99.723567259,94.070969368,73.2,19.9,25.5,48.3,51.2,50.1,79.9,27.3,49.3,37.8,33.5,28.7,37.5,8.7,26.7,0.043901015
362,"Jeffers, Ryan",680777,2024,20.2,6.9,86.9,16.2,31.7,8.3,33.8,99.008221173,93.57098291,64.1,16.0,34.3,36.6,63.1,52.4,84.0,23.6,48.5,37.2,37.8,24.9,39.1,10.8,26.3,0.043901015
204,"Bellinger, Cody",641355,2024,15.6,7.9,87.8,17.4,32.9,6.3,32.9,97.314029213,92.768351065,67.1,16.0,32.4,35.0,65.0,49.9,84.0,22.2,49.8,40.5,33.3,26.2,37.0,6.9,28.4,0.043901015
454,"Altuve, Jose",514888,2024,17.4,6.9,86.5,14.1,35.4,6.5,31.2,97.323672581,92.693762581,68.6,12.7,37.3,36.3,62.7,54.7,86.5,22.1,51.5,51.3,34.6,14.1,43.0,5.1,27.1,0.043901015
120,"Fry, David",681807,2024,21.4,10.7,88.3,19.6,36.9,7.5,37.6,99.146678031,93.715471417,71.0,16.2,28.0,46.0,54.0,50.6,83.8,24.8,49.2,47.1,31.0,22.0,34.1,8.6,26.2,0.043901015
53,"Olivares, Edward",658668,2024,18.9,8.2,86.8,9.2,35.5,6.4,35.5,98.508436056,93.311684681,68.8,15.0,32.9,44.0,55.2,49.5,84.6,24.2,51.0,45.4,33.3,21.3,49.6,9.2,27.8,0.043901015
314,"Profar, Jurickson",595777,2024,15.1,11.4,91.1,13.4,31.3,7.2,44.4,100.952441293,94.862553707,68.6,12.1,21.9,33.1,66.6,49.3,87.4,17.0,45.6,39.3,35.9,24.7,43.1,7.8,26.5,0.043832064
117,"O'Neill, Tyler",641933,2024,33.6,11.2,90.9,20.2,34.6,17.3,48.8,102.819767874,95.797605236,65.2,24.4,26.2,55.8,44.2,52.8,75.6,34.1,44.6,51.2,31.9,16.9,36.2,10.6,27.5,0.043791667
80,"Bauers, Jake",641343,2024,34.1,11.3,89.4,22.6,38.6,10.3,42.9,99.96682033,94.377085138,68.7,20.6,19.7,63.3,36.7,46.7,79.2,29.1,45.8,48.4,31.0,20.7,28.3,10.9,27.2,0.043706227
338,"Brown, Seth",664913,2024,28.0,6.3,90.0,14.6,35.2,8.4,40.6,100.936577054,94.815981008,75.2,16.5,30.3,58.2,41.8,51.8,83.3,29.1,52.0,37.9,37.2,24.9,40.2,8.0,27.4,0.043194026
182,"Arozarena, Randy",668227,2024,26.1,11.3,90.4,13.2,28.4,8.3,43.5,100.904108177,94.731331384,59.5,25.0,24.3,40.0,60.0,52.7,75.0,29.7,41.0,42.4,38.0,19.5,44.5,8.9,28.1,0.043194026
257,"Fairchild, Stuart",656413,2024,25.8,7.3,85.5,20.5,27.6,7.9,36.8,98.640738472,93.363702378,74.7,26.6,26.0,60.7,36.6,50.4,72.5,35.5,50.2,45.4,28.9,25.7,38.8,14.5,29.1,0.042808868
234,"Dunn, Oliver",686554,2024,38.5,5.8,89.1,6.6,33.9,5.4,46.4,100.995258519,94.782023333,62.3,27.2,20.9,71.1,28.9,43.5,72.8,36.2,44.3,48.2,32.1,19.6,50.0,3.6,29.1,0.042467732
95,"Gorman, Nolan",669357,2024,37.6,8.5,88.5,20.3,40.3,16.7,38.6,100.727790741,94.443953953,70.8,29.0,30.3,62.3,37.7,48.9,70.7,38.7,51.0,40.3,42.6,17.1,31.9,7.4,26.2,0.04210394
299,"Hoskins, Rhys",656555,2024,28.8,10.3,88.7,20.8,29.7,12.7,42.2,99.737434248,94.057895065,59.3,21.2,25.4,39.0,61.0,48.6,78.8,26.3,42.8,52.6,28.1,19.3,33.3,10.5,25.3,0.04210394
400,"Naylor, Bo",666310,2024,31.4,7.5,88.8,19.9,32.6,8.1,37.7,98.72815,93.535266567,65.7,21.3,27.2,45.6,53.9,49.0,78.7,28.3,46.9,43.2,36.4,20.3,36.0,11.9,26.6,0.04198494
56,"Mateo, Jorge",622761,2024,23.1,4.8,88.1,14.1,30.2,4.0,34.9,99.943727778,94.060455208,70.3,14.0,33.4,42.0,56.5,50.4,84.3,23.1,51.7,40.3,33.6,26.2,45.0,9.4,29.9,0.04171778
203,"Kwan, Steven",680757,2024,9.4,9.8,86.3,14.9,38.5,2.6,23.7,95.04543782,91.531639359,57.6,4.3,19.2,20.4,79.6,48.3,95.3,8.2,39.1,30.4,37.6,32.0,37.4,6.5,27.1,0.041528225
250,"Stefanic, Michael",683021,2024,16.1,8.1,85.1,7.0,24.2,1.1,26.4,94.514950889,91.314226629,55.3,4.6,23.2,29.2,70.8,42.9,93.4,10.5,41.5,26.4,48.4,25.3,60.4,4.4,25.6,0.041528225
318,"Loftin, Nick",679845,2024,14.0,11.1,83.6,9.9,30.7,3.1,26.0,95.328331587,91.737416905,65.7,6.0,20.9,43.3,56.7,51.1,94.0,15.3,42.8,38.6,42.5,18.9,46.5,7.1,27.7,0.041528225
28,"Pache, Cristian",665506,2024,35.0,9.3,89.9,9.8,26.5,4.9,38.2,99.682097,94.253817172,72.6,27.0,25.5,50.5,48.5,50.6,71.1,33.2,48.7,38.2,35.3,26.5,50.0,4.9,28.5,0.04145489
233,"Stewart, DJ",621466,2024,24.7,16.0,89.7,19.1,34.2,8.1,39.6,100.346718909,94.280565091,66.5,23.5,14.2,62.3,37.7,48.9,76.2,30.0,40.9,48.6,32.4,18.9,32.4,10.8,27.0,0.04086927
435,"Langeliers, Shea",669127,2024,27.2,7.7,91.3,16.3,35.3,12.8,44.0,102.05460686,95.451719446,69.5,19.7,30.7,49.4,50.6,51.7,80.3,29.2,49.5,45.2,38.8,16.0,37.6,9.9,27.8,0.04066944
413,"Manzardo, Kyle",700932,2024,26.3,5.8,89.1,22.1,31.4,9.5,40.0,99.627054528,94.056427333,64.7,19.0,27.7,48.8,51.2,48.7,81.0,27.6,46.7,38.1,35.2,26.7,28.6,7.6,25.9,0.04045653
286,"Muncy, Max",571970,2024,26.3,15.4,90.2,26.6,32.5,10.8,43.4,100.775015181,94.752278735,63.7,23.8,20.3,50.8,49.2,53.1,76.2,31.0,40.6,48.2,32.5,19.3,25.3,11.4,26.9,0.04045653
177,"Smith, Will",669257,2024,19.3,9.4,89.4,18.7,38.3,10.8,42.0,99.318269153,93.929159392,66.5,15.5,26.3,34.2,65.8,50.4,84.5,20.9,46.2,31.9,41.7,26.4,33.0,4.5,27.4,0.04041814
31,"Scott II, Victor",687363,2024,27.1,3.9,88.4,12.1,33.3,5.7,33.3,98.5566202,93.434588081,70.5,15.5,29.3,53.1,43.2,48.6,82.0,26.1,50.5,42.9,36.2,21.0,46.7,7.6,30.0,0.040309876
402,"Grandal, Yasmani",518735,2024,18.9,9.9,91.1,11.1,31.8,9.8,42.8,100.246108353,94.442007765,54.1,14.9,25.6,32.7,66.4,46.4,84.1,20.1,40.9,40.5,42.2,17.3,47.4,4.0,23.2,0.040257815
137,"Perkins, Blake",663368,2024,24.9,9.7,88.8,12.0,32.0,3.9,37.7,97.789208222,93.114376074,60.2,20.8,24.5,42.5,54.2,49.9,76.9,27.1,42.4,32.4,40.9,26.7,47.3,5.7,29.6,0.039995387
325,"Bichette, Bo",666182,2024,19.0,6.0,89.2,7.2,31.3,4.4,43.5,100.896776504,94.778862816,76.3,11.4,37.1,42.8,57.2,50.9,88.6,22.0,56.4,26.9,36.5,36.5,47.0,4.4,27.3,0.03990359
442,"Hays, Austin",669720,2024,23.1,3.5,88.9,14.9,30.2,6.7,40.2,100.415422697,94.347982429,72.6,18.1,35.9,52.0,48.0,49.5,81.9,29.1,54.4,44.7,35.2,20.1,39.7,9.5,27.1,0.03984786
3,"Sweeney, Trey",700242,2024,26.9,5.9,91.1,12.8,27.8,8.9,46.8,100.9056095,94.934800886,67.0,18.0,33.5,61.3,37.3,50.0,82.0,32.4,50.2,35.4,50.6,13.9,44.3,7.6,28.1,0.039669644
315,"Torrens, Luis",620443,2024,21.5,6.9,89.6,13.1,36.3,6.6,46.2,99.143395652,93.972417033,67.6,15.4,24.7,40.3,59.7,49.2,84.6,21.9,46.5,34.1,39.6,26.4,42.9,6.6,26.6,0.039407544
224,"Volpe, Anthony",683011,2024,22.6,6.1,87.7,8.4,33.3,3.9,35.4,98.177841555,93.206482989,65.4,16.5,29.3,37.4,61.8,48.0,82.4,22.6,48.1,30.2,41.2,28.6,50.6,4.5,28.6,0.038891785
165,"Ortiz, Joey",687401,2024,20.2,11.0,87.8,9.9,26.6,4.6,38.4,99.391509467,93.766433018,53.5,9.9,24.7,33.3,66.7,49.2,89.8,17.1,39.4,38.2,30.6,31.2,49.4,9.2,28.7,0.038891785
121,"DeLuca, Jonny",676356,2024,21.3,6.6,84.6,16.2,32.7,3.9,28.0,96.24111608,92.14905868,71.5,17.0,37.8,36.1,62.8,52.3,82.3,24.0,53.8,40.5,35.8,23.7,38.5,14.8,29.8,0.038891785
58,"Loperfido, Joey",694388,2024,36.3,5.0,88.3,12.9,40.7,4.0,34.7,97.968544189,93.030415608,72.8,23.2,32.4,62.2,37.8,50.4,76.2,35.4,52.4,48.7,29.3,22.0,41.3,5.3,28.8,0.038838454
290,"Higashioka, Kyle",543309,2024,28.1,5.7,88.4,20.7,40.2,10.9,37.4,99.356005116,93.902030409,64.8,16.9,28.1,45.3,53.3,50.2,82.5,25.6,46.4,50.0,30.5,19.5,29.3,11.5,25.4,0.038751204
88,"Duvall, Adam",594807,2024,30.0,6.4,86.9,22.2,27.8,10.7,36.6,99.791319515,93.950920683,65.4,15.8,33.5,49.8,50.2,51.3,84.2,27.7,49.0,49.3,33.2,17.6,31.2,15.6,28.1,0.038751204
17,"Carpenter, Matt",572761,2024,32.5,9.6,85.8,24.2,46.6,6.8,28.7,96.566800238,92.292438452,62.2,19.2,20.3,62.5,37.5,47.3,80.4,28.9,42.5,40.9,36.4,22.7,28.4,9.1,24.6,0.038751204
114,"Moore, Dylan",664238,2024,27.9,12.0,88.4,22.6,38.2,8.8,36.3,98.78016696,93.44884728,65.3,19.3,17.7,46.8,53.2,48.2,80.4,24.8,42.4,49.8,31.1,19.1,29.9,11.2,28.0,0.038751204
311,"Raleigh, Cal",663728,2024,28.0,11.1,91.0,21.2,35.6,15.4,48.1,102.032071755,95.508789467,74.0,23.0,32.7,47.1,52.9,52.6,76.8,31.0,52.3,45.5,33.5,21.0,31.1,10.9,26.6,0.038603667
23,"Aranda, Jonathan",666018,2024,22.4,8.4,91.9,11.0,34.0,16.5,48.5,101.531383265,95.365481959,63.9,16.4,25.6,36.6,63.4,48.3,83.6,21.9,45.4,48.5,32.0,19.6,49.5,4.1,25.8,0.038566414
394,"Tena, José",677588,2024,24.4,4.2,91.2,7.6,30.8,8.3,49.2,100.972500862,95.33151313,67.3,16.2,32.9,40.0,60.0,49.6,83.3,24.0,50.2,24.2,44.2,31.7,47.5,5.8,28.1,0.03846518
214,"Reynolds, Bryan",668804,2024,22.5,8.2,89.9,9.4,37.5,9.6,45.4,100.987209316,94.867542484,74.0,18.7,30.2,52.0,48.0,53.8,81.3,29.4,50.4,35.2,37.5,27.3,46.1,2.3,28.0,0.03846518
217,"Bohm, Alec",664761,2024,14.2,6.6,90.4,10.1,35.2,6.8,45.6,100.768220847,94.781662669,71.1,10.5,27.2,37.2,62.8,48.8,89.5,17.6,49.7,34.2,37.6,28.3,46.4,4.4,26.3,0.03824853
405,"Hernández, Teoscar",606192,2024,28.8,8.1,90.6,10.3,33.8,14.9,46.8,102.727395423,95.689116559,74.7,25.0,28.7,56.4,43.6,51.2,75.0,34.0,51.2,33.8,38.1,28.1,46.5,4.7,28.6,0.03769531
339,"Noel, Jhonkensy",678877,2024,31.8,6.6,88.6,19.3,30.8,14.5,36.8,100.792552542,94.452483077,66.1,19.5,45.0,50.3,49.7,57.3,80.5,34.2,54.1,52.1,28.2,19.7,35.0,16.2,28.1,0.037155263
144,"DeJong, Paul",657557,2024,32.4,4.8,87.8,20.0,36.4,10.2,41.5,99.999893878,94.174456531,80.6,26.3,34.3,56.1,43.9,48.8,73.7,34.9,58.0,42.9,34.4,22.8,32.0,10.2,26.8,0.03711919
148,"Pages, Andy",681624,2024,24.4,6.5,88.6,20.8,40.8,10.7,40.1,100.310081745,94.262423423,71.0,19.5,30.7,41.6,58.4,49.6,80.5,26.1,51.0,41.8,33.4,24.7,32.8,9.7,28.3,0.037042253
357,"Kavadas, Niko",694359,2024,38.7,10.4,91.7,27.3,42.3,11.5,40.4,100.778566538,94.892744038,59.4,25.4,17.7,65.0,35.0,48.6,74.6,34.1,39.1,36.5,32.7,30.8,17.3,7.7,26.0,0.036434125
146,"Kirk, Alejandro",672386,2024,13.2,9.1,89.4,10.8,34.6,6.7,40.9,99.802023893,94.269440505,65.7,9.8,28.3,28.7,71.3,51.1,90.2,15.7,46.6,29.9,38.6,31.5,46.0,9.1,24.7,0.036180433
240,"Mountcastle, Ryan",663624,2024,22.5,5.3,90.8,10.4,36.2,8.8,45.2,102.105716923,95.370233104,75.8,16.2,38.0,41.4,58.6,52.2,83.8,25.1,56.1,27.4,39.2,33.4,44.4,4.7,27.6,0.03603335
145,"Martinez, J.D.",502110,2024,28.5,9.9,91.0,14.4,39.3,14.9,46.1,101.443240544,95.173257041,69.0,18.1,29.7,60.1,39.9,52.2,81.9,31.5,48.5,34.6,38.0,27.5,39.7,5.4,25.8,0.035971686
52,"Acuña Jr., Ronald",660670,2024,23.9,12.2,92.2,8.5,31.7,9.4,48.2,103.064738696,96.113602174,71.0,23.0,21.4,43.6,56.4,48.5,77.0,27.5,47.0,41.7,36.0,22.3,51.8,3.6,27.7,0.035576608
364,"McNeil, Jeff",643446,2024,14.4,7.4,87.0,14.9,32.2,3.1,31.1,96.866365393,92.484410197,78.4,11.1,30.7,35.2,64.8,48.2,87.9,17.5,55.4,42.8,36.7,20.6,39.7,9.4,26.3,0.03512263
29,"Davis, J.D.",605204,2024,24.8,7.6,89.1,2.8,24.3,8.7,43.7,101.438864902,94.978441569,74.4,31.1,24.7,47.8,52.2,46.2,68.9,34.8,51.4,36.9,39.8,23.3,64.1,4.9,25.6,0.034965888
87,"Rivera, Emmanuel",656896,2024,22.8,8.6,89.7,8.7,33.7,7.9,44.1,99.97328099,94.404966716,70.8,18.0,28.9,50.6,49.4,53.0,81.7,28.3,48.6,29.7,44.6,25.7,52.0,5.0,26.7,0.034965888
370,"Marte, Starling",516782,2024,21.9,7.3,89.8,4.3,37.1,6.9,42.9,101.20205624,94.944189,69.2,18.4,30.1,52.7,46.9,48.5,81.0,28.4,50.2,39.8,38.6,21.6,51.7,1.5,27.1,0.034965888
380,"Swanson, Dansby",621020,2024,24.3,9.1,89.4,10.4,32.6,9.2,42.7,100.210263655,94.404024529,71.0,22.7,24.0,48.7,51.3,47.3,77.3,28.7,48.7,43.3,36.1,20.6,49.9,5.3,27.8,0.034965888
238,"Rafaela, Ceddanne",678882,2024,26.4,2.6,86.6,14.9,34.9,7.5,36.9,98.205036294,93.166643181,78.6,24.3,46.4,46.7,52.7,51.7,75.0,33.0,61.9,37.2,36.7,26.1,42.5,8.3,28.8,0.03472372
403,"Grisham, Trent",663757,2024,27.3,10.5,90.6,20.0,25.6,12.0,46.4,100.360050339,94.648811864,56.9,17.8,13.8,50.0,48.1,45.7,79.9,23.3,37.2,45.6,34.4,20.0,40.0,8.8,26.9,0.034523264
193,"García, Adolis",666969,2024,27.8,7.1,91.0,15.0,33.7,12.5,48.2,101.827676765,95.435631691,74.9,24.7,33.6,51.5,48.5,55.2,75.1,34.3,52.1,34.7,35.5,29.8,38.9,7.8,26.8,0.034523264
104,"Tauchman, Mike",643565,2024,20.0,13.4,89.0,15.5,34.9,7.4,41.0,99.141927105,93.788317412,69.6,18.6,22.7,34.1,65.9,50.4,81.4,22.5,46.0,33.6,34.9,31.4,38.9,6.6,27.2,0.03406917
167,"Meyers, Jake",676694,2024,22.8,6.8,88.2,14.4,34.8,6.8,37.0,99.317270058,93.726741906,68.1,15.9,31.2,49.8,49.8,51.3,83.2,27.0,49.1,43.9,34.2,21.9,44.2,6.8,28.9,0.03342471
260,"Cooper, Garrett",643265,2024,30.2,6.0,85.9,12.7,47.2,9.7,36.1,98.9080275,93.4931725,57.2,19.5,37.0,43.7,56.3,52.2,80.5,29.5,46.7,34.7,38.9,26.4,38.9,4.2,26.8,0.033230804
354,"Taylor, Chris",621035,2024,30.9,11.4,85.9,16.9,42.9,7.1,28.6,97.10671942,92.58514587,72.5,25.8,19.6,54.2,43.8,46.8,73.7,31.3,47.7,37.9,35.0,27.1,42.1,8.6,28.1,0.033230804
50,"Casas, Triston",671213,2024,31.7,12.3,90.2,10.5,35.6,13.3,45.2,101.435410588,95.112485926,65.8,26.0,23.1,50.0,50.0,49.8,74.0,32.2,44.5,34.8,41.5,23.7,43.7,3.7,24.1,0.033016276
159,"Cowser, Colton",681297,2024,30.7,9.3,90.5,13.0,32.1,13.6,46.1,101.838992303,95.374243739,64.0,20.1,25.0,56.7,43.3,49.9,79.2,30.4,44.5,34.8,39.4,25.8,43.3,3.6,28.2,0.033016276
441,"Greene, Riley",682985,2024,26.7,11.0,91.3,12.2,39.1,13.4,47.1,102.088081676,95.54007409,66.3,19.4,23.1,45.8,54.2,51.2,80.6,26.8,44.3,37.4,39.4,23.2,43.6,3.9,27.7,0.033016276
158,"O'Hoppe, Logan",681351,2024,29.7,6.3,90.4,15.3,42.9,12.0,46.3,101.233350982,95.0870388,72.4,22.7,34.0,54.3,45.7,53.0,77.3,33.6,52.0,42.3,35.3,22.4,38.0,6.1,28.1,0.0329913
382,"Urías, Ramón",602104,2024,18.3,7.6,88.3,12.8,32.6,8.7,38.5,98.830197431,93.627220321,74.2,20.5,25.8,44.4,55.6,50.9,79.5,26.8,49.6,32.1,41.7,26.1,43.6,8.3,26.9,0.032967124
356,"Stubbs, Garrett",596117,2024,26.7,9.1,79.7,19.4,40.9,0.0,9.6,90.095995,89.651776916,66.8,15.9,32.8,42.7,53.2,50.7,81.7,24.9,49.6,43.5,32.2,24.3,33.9,10.4,28.0,0.03289116
412,"Hernández, Enrique",571771,2024,19.6,6.9,89.6,17.1,36.0,4.8,41.5,99.326670699,93.89398972,69.0,17.3,26.4,39.2,60.3,47.1,82.3,22.9,48.9,34.9,39.8,25.3,35.6,9.3,27.0,0.03244083
281,"Naylor, Josh",647304,2024,16.6,9.2,89.9,11.1,30.1,8.4,40.9,100.815360087,94.680816725,72.3,14.5,32.2,37.0,63.0,54.8,85.4,22.4,50.3,38.1,40.3,21.6,46.8,7.4,25.2,0.032312118
4,"Thomas, Alek",677950,2024,16.5,6.8,91.2,1.0,26.6,7.6,46.8,101.335202632,95.041754868,66.0,16.9,30.3,45.3,52.8,47.0,83.1,25.1,49.2,44.3,35.4,20.3,60.8,0.0,27.8,0.032312118
386,"Marte, Noelvi",682622,2024,31.0,3.7,87.0,11.4,33.5,6.5,36.1,98.631095256,93.351013935,74.4,19.1,37.1,53.9,46.1,54.4,80.9,32.1,54.1,36.8,36.1,27.1,45.8,10.3,28.8,0.03228725
351,"McCormick, Chas",676801,2024,27.0,6.4,86.2,15.2,32.2,7.5,32.8,97.920374118,93.001741775,74.4,24.7,33.6,44.6,54.8,52.1,74.4,31.3,53.2,35.1,42.5,22.4,44.8,6.3,28.7,0.03228725
33,"Hill, Derek",656537,2024,32.6,2.9,88.3,9.8,37.6,11.0,36.7,99.292666346,93.800468365,71.2,22.5,35.5,63.1,36.9,47.6,77.5,35.2,54.2,27.5,45.9,26.6,48.6,2.8,29.5,0.03228725
421,"Beck, Jordan",687597,2024,35.3,6.5,86.1,13.4,32.1,6.6,32.1,98.643486981,93.335075283,73.1,26.6,33.5,53.2,46.8,49.3,73.4,34.8,53.6,34.0,40.6,25.5,46.2,2.8,28.6,0.03228725
301,"Sheets, Gavin",657757,2024,21.2,8.6,87.8,13.5,41.1,5.7,35.3,98.863415862,93.510571585,62.4,16.2,32.4,34.2,65.5,54.0,83.8,23.0,46.2,39.1,34.2,26.7,37.1,8.3,26.7,0.032062482
45,"Schneemann, Daniel",682177,2024,31.7,11.3,88.5,11.1,41.3,4.8,38.1,98.405974921,93.326836825,74.5,24.5,24.5,52.7,47.3,50.8,75.5,31.7,49.1,40.5,40.5,19.0,44.4,4.8,28.3,0.032062482
263,"Grissom, Vaughn",687093,2024,21.1,6.1,86.1,8.3,41.5,4.9,32.9,97.751728293,92.913035244,62.0,12.7,29.5,41.8,58.2,51.2,87.3,22.4,45.4,34.1,37.8,28.0,46.3,2.4,27.4,0.032062482
89,"Duran, Ezequiel",677649,2024,22.1,4.9,87.1,8.9,28.2,3.4,35.9,98.680111262,93.37676239,74.0,14.1,39.3,44.1,54.5,50.8,84.5,24.7,56.4,29.1,40.3,30.6,47.6,6.8,28.8,0.03177711
397,"Jankowski, Travis",608671,2024,21.3,5.8,85.4,5.9,25.3,0.7,24.7,95.346098056,91.700885874,64.9,14.5,20.7,44.2,54.5,45.4,84.8,20.7,44.8,30.8,35.6,33.6,59.6,5.5,28.5,0.03177711
253,"Rosario, Amed",642708,2024,21.1,2.6,86.9,4.6,33.5,4.6,36.2,98.559932462,93.290414231,72.6,14.6,38.8,42.0,58.0,51.7,85.4,24.6,55.2,30.0,40.0,30.0,50.8,5.0,29.0,0.03177711
385,"Bader, Harrison",664056,2024,21.7,4.8,87.2,11.9,33.9,6.4,35.5,98.685690255,93.420801022,59.8,14.2,33.6,42.5,57.5,50.6,85.8,24.5,46.6,45.4,36.7,17.9,43.5,8.6,28.2,0.031613447
322,"Gurriel Jr., Lourdes",666971,2024,18.3,5.2,88.4,15.7,33.8,6.7,40.0,99.549348469,93.921850288,69.5,11.8,32.9,37.7,62.3,50.3,88.2,20.2,51.1,40.5,31.9,27.6,38.1,8.6,26.6,0.031613447
179,"Morel, Christopher",666624,2024,26.0,10.0,89.2,14.2,27.6,10.2,40.4,101.221222105,94.784090605,68.8,27.3,26.2,51.1,48.9,51.1,72.7,34.1,47.0,45.7,37.5,16.8,45.1,12.1,27.3,0.031608455
411,"Torkelson, Spencer",679529,2024,27.6,8.7,89.0,20.2,31.5,6.7,39.7,99.687498067,94.009349451,66.9,17.7,23.2,54.3,45.7,47.7,82.3,26.6,46.0,47.1,31.9,21.0,34.5,13.4,27.2,0.031608455
152,"Yastrzemski, Mike",573262,2024,26.2,8.0,90.4,19.1,33.0,10.5,41.0,99.5562712,94.186783411,63.7,20.0,23.8,43.2,56.3,49.3,79.4,26.1,44.1,48.7,31.7,19.6,36.3,10.1,27.2,0.031608455
198,"Nimmo, Brandon",607043,2024,23.8,11.6,91.9,11.2,33.7,9.1,47.4,101.264982933,95.221659687,65.6,15.2,24.1,45.2,54.8,50.1,84.4,23.4,44.8,37.0,36.3,26.7,42.8,5.0,28.0,0.031448506
75,"Herrera, Iván",671056,2024,20.5,9.7,89.3,9.2,38.2,9.0,42.1,100.658165843,94.599725311,60.0,15.8,26.6,45.9,54.1,49.0,84.2,24.8,43.6,34.8,38.8,26.4,43.8,4.5,27.3,0.031264994
424,"Moreno, Gabriel",672515,2024,14.8,11.7,90.0,8.8,33.6,6.6,41.0,99.887726484,94.221263359,59.2,15.0,21.6,29.1,70.9,47.8,85.0,18.5,41.2,27.3,41.8,30.9,49.6,5.5,27.2,0.031264994
447,"McMahon, Ryan",641857,2024,28.7,10.7,92.1,10.0,36.5,10.9,49.7,102.62988712,96.057260524,65.6,22.4,26.5,50.6,49.1,47.9,77.6,30.0,46.9,33.9,38.6,27.5,49.0,2.1,25.9,0.031110913
332,"Gordon, Nick",624503,2024,24.4,4.0,86.1,6.5,34.7,6.1,29.6,96.567867732,92.321775928,78.6,23.1,42.4,47.3,52.7,51.9,76.4,32.0,59.8,39.8,38.8,21.4,51.0,2.6,27.6,0.031068102
169,"Dubón, Mauricio",643289,2024,12.9,3.7,86.1,14.6,30.4,2.8,26.5,95.977741503,92.011502977,79.4,15.9,41.2,24.3,75.1,50.4,83.7,18.8,60.1,32.1,35.5,32.4,43.9,8.2,27.3,0.031068102
109,"Rengifo, Luis",650859,2024,14.5,5.3,87.0,6.7,30.4,2.5,32.5,96.9891535,92.548929456,80.0,13.9,35.6,38.8,61.2,53.4,85.4,22.3,56.3,35.8,40.4,23.8,55.4,4.2,26.9,0.031068102
247,"Fraley, Jake",641584,2024,18.3,6.8,84.3,11.1,34.6,3.2,24.7,95.677326241,91.891008399,81.2,15.7,31.6,37.6,62.4,46.9,84.3,21.3,57.9,43.5,32.5,24.0,44.2,7.4,28.3,0.031068102
119,"Lee, Korey",686676,2024,31.0,4.3,88.3,9.6,34.1,7.5,37.6,99.5141412,93.7992936,80.2,28.5,35.3,58.6,41.4,47.4,71.0,37.1,58.9,35.7,38.0,26.3,49.4,5.9,27.6,0.0310603
62,"Hampson, Garrett",641658,2024,25.5,6.1,86.0,16.1,31.6,4.4,30.4,96.882247895,92.472205166,66.1,16.0,26.3,42.6,56.5,46.5,81.1,22.9,47.6,34.8,33.5,31.6,38.6,8.9,29.8,0.03069394
44,"Julks, Corey",667452,2024,26.5,7.9,84.9,15.0,33.9,3.2,29.0,96.954618226,92.479937742,61.2,18.0,30.5,41.5,58.5,50.4,82.0,25.9,45.8,34.7,36.3,29.0,38.7,7.3,28.5,0.03069394
27,"Carter, Evan",694497,2024,26.5,9.3,86.0,13.9,33.3,5.9,32.4,97.157820196,92.58927951,56.0,15.7,18.5,49.1,50.9,47.5,83.8,23.4,38.3,41.2,34.3,24.5,40.2,9.8,29.7,0.03069394
94,"Hamilton, David",666152,2024,25.2,6.9,87.0,15.8,38.3,5.6,32.2,97.714382095,92.969829904,66.3,16.0,24.2,53.6,44.3,48.6,82.3,25.6,45.9,41.1,31.3,27.6,37.4,5.1,29.4,0.03069394
77,"Kiermaier, Kevin",595281,2024,30.6,4.3,86.4,7.3,27.6,3.9,30.0,97.683193765,92.874723706,76.3,29.5,33.1,55.7,42.5,49.7,69.2,37.5,54.9,37.6,39.2,23.2,55.8,5.0,28.7,0.03069394
138,"Triolo, Jared",669707,2024,26.5,9.4,88.4,13.4,38.8,5.3,39.1,99.388421871,93.892534424,70.0,19.6,25.1,49.5,50.5,49.7,79.6,27.4,47.7,37.4,36.7,26.0,41.3,4.6,28.5,0.03069394
398,"Alexander, Blaze",677942,2024,26.5,8.1,88.5,8.5,22.9,3.4,34.7,98.808795,93.553851293,75.2,18.8,29.2,56.1,43.9,51.4,81.2,29.6,51.5,25.4,36.4,38.1,52.5,5.9,28.6,0.03069394
434,"McCann, Kyle",668832,2024,37.6,10.2,89.6,12.5,30.9,12.3,38.3,100.534877805,94.549176173,66.8,35.5,25.4,70.4,29.6,50.2,64.5,45.2,45.9,39.5,37.0,23.5,45.7,3.7,25.3,0.030273069
42,"Holliday, Jackson",702616,2024,33.2,7.2,89.3,8.6,27.0,8.2,45.1,100.212039508,94.576202541,65.6,24.3,27.2,57.0,42.1,50.7,75.3,34.1,46.1,38.5,36.1,25.4,56.6,2.5,29.4,0.030265935
449,"Marsh, Brandon",669016,2024,32.4,10.5,91.6,13.8,40.7,10.0,47.4,101.08883194,95.182442734,61.4,16.2,23.7,53.1,46.1,53.4,83.5,27.5,41.3,37.4,32.6,30.0,39.3,3.7,28.2,0.030091576
353,"Urías, Luis",649966,2024,31.2,8.3,87.1,19.2,43.3,11.7,35.0,99.362572667,93.8120925,65.8,18.9,28.2,32.8,67.2,50.2,80.4,23.1,46.9,45.0,43.3,11.7,33.3,15.0,26.0,0.030063199
205,"Adames, Willy",642715,2024,25.1,10.8,88.6,20.6,38.2,12.0,40.7,99.769639045,94.108759136,71.2,21.1,28.1,50.5,49.2,50.5,78.8,29.5,49.5,43.9,33.9,22.3,30.9,10.0,27.4,0.030063199
123,"Schneider, Davis",676914,2024,31.7,10.4,88.6,21.4,38.0,12.0,38.0,98.986742636,93.569243488,64.0,22.5,22.9,51.5,48.5,52.2,77.5,30.6,42.5,46.1,27.1,26.7,29.8,8.1,27.2,0.030063199
190,"Suárez, Eugenio",553993,2024,27.5,7.7,89.1,19.5,40.4,11.3,42.4,100.570552315,94.463438988,66.9,18.8,27.0,55.2,44.8,49.4,81.2,29.1,47.2,49.3,28.8,21.9,32.5,7.9,26.5,0.029988538
304,"Caratini, Victor",605170,2024,19.3,8.4,91.2,9.3,35.9,5.6,43.1,100.532909694,94.888518923,67.5,15.3,25.8,45.0,55.0,48.8,84.7,23.3,47.2,41.0,33.8,25.1,49.2,2.6,24.4,0.029392187
99,"Meneses, Joey",608841,2024,20.1,6.7,88.9,8.3,30.8,4.5,39.3,99.265454911,93.867431839,69.1,12.8,32.8,43.9,56.1,50.4,87.2,22.9,50.8,41.1,38.4,20.5,49.6,4.5,25.5,0.029392187
269,"Adams, Riley",656180,2024,26.9,7.7,89.9,13.6,30.1,7.2,43.4,101.844362857,95.170948072,68.4,20.1,30.2,46.8,53.2,49.3,79.3,28.1,49.5,34.9,39.8,25.3,47.0,9.6,26.5,0.029230773
368,"Garver, Mitch",641598,2024,30.9,12.3,89.9,18.3,32.5,8.4,39.7,99.983276271,94.254381059,57.6,21.4,20.0,57.4,42.6,50.4,78.6,30.8,38.7,45.6,36.7,17.7,35.9,10.5,26.0,0.029230773
102,"Rosario, Eddie",592696,2024,24.1,5.0,91.0,14.3,27.9,5.3,42.5,99.203116161,94.098201031,71.9,20.0,35.0,42.1,56.5,51.5,78.5,27.5,52.9,43.4,30.5,26.1,40.3,4.0,27.3,0.028911276
211,"Torres, Gleyber",650402,2024,20.5,9.8,88.6,15.0,38.2,6.3,35.4,98.295655921,93.36890443,69.2,18.7,21.4,37.0,63.0,49.3,81.1,22.9,45.7,31.7,34.7,33.6,36.9,6.3,26.6,0.028475342
213,"Cronenworth, Jake",630105,2024,18.0,9.3,88.6,13.9,35.4,7.8,36.7,99.527561266,93.904133654,65.9,10.8,23.1,36.1,62.3,48.8,89.1,17.1,45.0,32.6,38.7,28.7,43.6,7.3,27.7,0.028475342
390,"Steer, Spencer",668715,2024,20.9,11.0,88.0,17.4,34.2,6.4,39.9,99.163434247,93.708755492,64.8,13.4,24.8,47.9,52.1,50.8,86.6,23.1,44.5,42.8,32.6,24.6,37.8,9.8,28.2,0.028475342
209,"Bleday, JJ",668709,2024,19.5,10.4,88.5,18.6,37.1,8.3,36.2,98.959573229,93.527316345,67.8,17.0,24.7,49.1,50.3,52.2,82.5,26.1,45.3,41.3,35.9,22.8,34.8,8.7,27.6,0.028475342
419,"India, Jonathan",663697,2024,19.6,12.6,87.2,13.5,39.3,7.7,36.5,98.90319256,93.547150797,57.6,12.2,18.4,41.7,57.9,49.1,87.6,19.2,38.3,41.2,39.3,19.4,43.2,7.4,28.0,0.028475342
369,"Horwitz, Spencer",687462,2024,18.4,11.0,88.2,13.7,37.4,8.0,36.6,98.212716794,93.175509618,65.4,15.5,25.7,29.6,70.4,48.9,84.5,19.4,46.0,37.4,32.4,30.2,42.0,8.4,25.2,0.028475342
408,"Sánchez, Gary",596142,2024,27.1,9.6,90.0,16.2,31.4,10.5,44.2,101.892350698,95.129594012,55.1,20.9,26.9,48.8,51.2,51.3,79.1,30.4,40.7,48.3,40.1,11.6,40.1,7.0,24.8,0.027926873
161,"Busch, Michael",683737,2024,28.6,11.1,89.9,17.2,36.4,11.2,39.9,99.992212321,94.35127744,68.6,20.2,23.2,51.1,48.2,51.7,79.6,28.4,45.2,40.5,35.2,24.3,38.8,6.5,27.3,0.027926873
93,"Rogers, Jake",668670,2024,29.4,6.5,89.0,15.7,32.9,9.9,41.8,99.180639906,93.973828585,68.3,24.8,25.9,54.7,45.3,48.8,75.2,32.7,47.6,44.1,38.5,17.4,40.4,5.6,27.1,0.027926873
251,"Kelenic, Jarred",672284,2024,29.6,7.1,89.8,16.0,38.2,9.9,45.2,100.297571631,94.504780603,69.2,23.3,29.8,57.8,41.8,48.9,76.7,33.4,49.9,43.5,35.0,21.6,35.3,5.7,27.9,0.027926873
201,"Goldschmidt, Paul",502671,2024,26.5,7.2,91.2,13.1,34.3,10.7,49.6,101.892583709,95.666428146,65.1,22.1,29.5,39.7,60.3,49.0,77.9,27.4,47.7,39.0,34.6,26.4,43.7,5.6,26.3,0.027926873
336,"Haniger, Mitch",571745,2024,29.8,9.5,90.6,13.7,31.0,9.0,45.9,101.021551732,95.105264331,63.5,23.5,24.0,56.3,43.8,49.3,76.5,32.3,44.0,41.6,36.9,21.6,42.7,6.3,26.2,0.027926873
433,"Lowe, Josh",666139,2024,31.8,8.3,90.8,16.9,37.9,10.3,46.1,100.893361034,94.928910905,69.5,26.0,33.3,44.4,54.9,49.7,73.7,31.9,51.6,34.1,32.8,33.2,35.8,7.3,28.4,0.027926873
248,"Kirilloff, Alex",666135,2024,26.4,8.4,91.3,13.2,27.0,11.3,40.9,100.310300172,94.70393913,69.8,20.1,29.8,54.8,45.2,51.6,79.9,30.9,49.2,38.3,37.4,24.3,48.7,5.2,26.8,0.027926873
302,"Winker, Jesse",608385,2024,20.9,12.4,88.6,14.0,30.1,7.6,37.4,98.91091179,93.570274815,64.7,15.0,19.0,37.5,62.5,47.0,84.9,19.6,43.2,35.0,35.3,29.8,45.9,9.1,26.1,0.027826702
172,"France, Ty",664034,2024,21.3,7.1,88.7,12.9,30.5,7.3,40.0,99.663679892,94.004650595,74.7,16.4,26.9,46.5,53.5,49.3,83.6,24.2,51.2,33.2,36.8,30.0,45.1,6.5,25.1,0.027826702
319,"Chaparro, Andrés",665953,2024,18.2,5.3,87.8,16.6,27.8,6.2,33.0,98.318885102,93.216540722,77.1,14.4,32.0,48.3,50.6,51.8,85.6,24.8,53.7,39.2,39.2,21.6,38.1,10.3,25.8,0.027826702
103,"Kelly, Carson",608348,2024,17.6,8.0,87.6,13.6,27.3,6.6,39.4,98.979228142,93.591084867,66.7,14.0,24.4,47.6,52.4,50.4,86.0,22.8,45.5,38.8,39.2,22.0,46.3,7.0,25.6,0.027826702
432,"Renfroe, Hunter",592669,2024,19.8,8.5,88.5,16.7,27.8,6.6,39.4,100.265103311,94.256549636,62.7,15.3,26.3,42.7,57.3,50.2,84.7,23.4,44.4,46.0,36.1,17.9,39.7,12.6,26.7,0.027826702
298,"Springer III, George",543807,2024,18.7,9.8,87.5,9.4,29.2,9.3,37.4,99.896868,94.046929394,73.0,18.6,23.5,47.3,52.7,48.4,81.4,25.3,49.1,37.0,40.7,22.2,49.8,5.8,28.1,0.027826702
288,"Calhoun, Willie",641432,2024,12.2,9.1,89.0,12.4,30.2,3.0,37.7,98.9731294,93.584500603,64.2,8.1,22.9,27.5,72.5,49.8,91.9,13.2,43.6,38.7,39.2,22.1,43.7,9.5,24.3,0.027789114
428,"Hayes, Ke'Bryan",663647,2024,18.9,5.8,88.9,4.8,29.9,2.4,42.9,99.837230137,94.135653938,62.3,7.8,28.0,40.0,60.0,51.1,92.2,18.1,44.8,23.1,44.9,32.0,52.0,5.8,26.4,0.027789114
222,"Garcia, Maikel",672580,2024,16.5,6.7,90.4,6.4,34.1,3.7,42.8,100.050927426,94.39492241,63.6,10.9,21.2,31.4,67.8,47.7,88.5,15.7,43.4,29.7,41.2,29.1,49.5,3.5,27.9,0.027789114
437,"Lowe, Nathaniel",663993,2024,22.1,12.6,88.9,7.7,32.6,5.8,40.0,100.432822253,94.330442369,62.8,12.3,23.5,41.8,58.2,51.0,87.7,20.6,42.7,27.9,40.8,31.2,48.5,3.6,26.4,0.026519984
317,"Rodgers, Brendan",663898,2024,24.5,5.8,89.3,4.9,33.1,5.6,44.1,101.153269243,94.773964417,69.2,15.0,29.1,52.0,48.0,49.6,84.8,25.9,49.3,33.3,44.4,22.3,56.7,3.0,26.0,0.026519984
366,"Bailey, Patrick",672275,2024,22.3,8.7,91.3,12.1,37.9,5.5,43.0,100.739347483,94.770639073,70.0,15.6,25.1,46.3,53.2,48.8,84.0,23.4,48.1,37.2,39.2,23.6,41.1,3.2,25.2,0.026519984
439,"Pham, Tommy",502054,2024,22.2,7.3,90.4,11.0,32.2,7.2,42.7,101.105935449,94.883209671,59.8,15.9,18.7,46.2,53.8,47.0,84.1,22.5,40.5,33.7,37.6,28.7,44.2,6.3,27.2,0.026513295
345,"Stephenson, Tyler",663886,2024,22.7,9.3,90.2,10.9,33.0,9.1,43.9,100.320154503,94.587176774,63.4,13.2,23.7,47.2,52.8,50.8,86.8,22.7,43.2,39.2,36.5,24.3,47.7,3.8,26.5,0.026513295
430,"Butler, Lawrence",671732,2024,23.9,7.8,91.1,11.3,35.1,11.0,47.4,101.824301046,95.302256275,69.1,19.6,27.3,44.7,55.3,51.1,80.3,26.9,47.7,31.2,42.2,26.6,43.5,4.2,27.6,0.026513295
312,"Nevin, Tyler",663527,2024,23.0,9.0,89.8,10.7,37.0,8.7,40.8,99.059252088,93.891727514,69.1,19.3,25.9,42.3,57.0,50.4,80.5,25.6,47.3,28.3,38.0,33.7,43.5,3.8,26.4,0.026513295
86,"Smith, Dominic",642086,2024,24.8,9.1,89.3,13.0,37.7,10.6,38.7,98.769074141,93.729740505,65.1,19.2,27.0,39.1,60.9,51.8,80.8,25.3,45.3,39.2,38.2,22.6,40.2,4.0,25.6,0.026513295
110,"Wade Jr., LaMonte",664774,2024,22.4,15.5,90.6,12.9,39.6,9.4,44.1,101.164898115,95.074393169,62.9,13.6,20.2,55.0,44.4,51.6,86.4,24.2,40.9,39.6,38.0,22.4,39.6,3.3,25.2,0.026513295
156,"McCutchen, Andrew",457705,2024,25.8,11.3,88.5,14.3,31.9,12.0,36.9,99.424962893,93.831123091,65.6,22.3,17.2,55.2,44.8,48.7,77.7,28.9,42.0,39.4,41.0,19.6,41.6,8.2,26.8,0.026490591
323,"Cameron, Daz",663662,2024,27.4,7.0,91.6,8.6,36.4,8.3,48.8,101.2654245,95.191277667,68.3,18.1,26.0,60.0,37.6,45.7,81.1,28.3,49.0,40.5,38.8,20.7,47.9,2.5,28.4,0.026484676
344,"Refsnyder, Rob",608701,2024,25.4,9.1,89.6,10.7,32.8,9.7,43.1,101.623071856,95.034267165,65.9,20.1,24.7,51.4,48.6,47.8,79.2,28.1,46.2,37.4,37.4,25.1,46.2,6.7,27.3,0.026133025
375,"Bouchard, Sean",656248,2024,30.6,11.1,89.8,10.7,29.5,4.9,34.4,97.978837667,93.245498,65.7,23.9,22.2,61.2,38.8,51.3,75.4,33.7,43.4,49.2,27.9,23.0,49.2,1.6,27.1,0.025621323
55,"Pagés, Pedro",686780,2024,26.6,6.0,89.0,11.8,32.0,4.8,40.4,99.177856111,93.608837639,66.4,16.3,35.0,46.2,53.8,49.3,83.4,26.1,51.0,34.0,41.5,24.5,42.9,5.4,25.9,0.025621323
451,"Suwinski, Jack",669261,2024,28.5,9.7,88.9,12.9,28.8,8.8,38.2,100.854161429,94.49330497,67.5,18.1,22.9,58.3,41.7,47.0,81.7,27.4,46.5,43.5,32.9,23.5,46.5,7.1,28.3,0.025614854
236,"d'Arnaud, Travis",518595,2024,26.1,7.0,89.9,11.6,32.9,10.4,41.0,100.537202273,94.672343091,74.5,26.4,27.3,50.0,50.0,50.4,73.6,32.8,50.7,36.9,32.9,30.2,46.8,5.0,25.7,0.025614854
409,"Canzone, Dominic",686527,2024,28.2,9.6,89.9,9.1,31.6,11.1,44.4,101.759585593,95.324768718,68.9,24.1,37.0,51.9,48.1,52.4,75.9,34.4,52.2,31.6,47.0,21.4,44.4,3.4,27.1,0.025614854
36,"Walker, Jordan",691023,2024,28.1,5.6,91.2,9.4,29.3,9.5,43.1,101.753692241,95.20491069,68.4,16.9,32.4,60.2,39.8,52.2,83.1,31.6,49.6,38.8,39.7,21.6,50.0,5.2,28.4,0.025614854
448,"Blackmon, Charlie",453568,2024,17.2,8.6,84.8,16.3,34.1,5.2,27.2,96.083583591,92.106050111,66.2,13.3,29.5,32.7,67.3,49.7,86.4,19.2,48.0,45.6,34.1,20.3,37.1,9.9,27.4,0.025301501
350,"Toro, Abraham",647351,2024,17.0,5.5,87.2,12.2,33.2,4.3,29.6,97.476845145,92.798620509,65.7,9.5,30.9,33.9,65.1,50.6,89.8,17.4,48.1,37.9,39.4,22.7,44.8,7.6,27.9,0.025301501
444,"Mullins II, Cedric",656775,2024,19.6,8.2,87.1,21.5,31.7,4.9,33.4,97.759606105,92.89369311,73.3,13.3,28.1,35.6,62.5,48.5,84.3,19.2,51.4,42.3,34.6,23.1,35.1,13.7,28.3,0.025301501
418,"Amaya, Miguel",665804,2024,17.1,6.3,88.4,11.1,33.9,4.7,33.9,99.101174286,93.708861353,74.2,13.9,33.6,41.7,57.4,49.8,85.9,22.5,54.0,34.3,33.9,31.8,45.3,6.6,25.5,0.025301501
443,"Perdomo, Geraldo",672695,2024,14.9,9.3,87.0,16.9,28.9,3.1,25.8,96.084793623,92.044093913,58.9,7.8,19.3,27.5,71.1,46.5,89.6,12.2,40.5,36.4,35.4,28.2,44.0,9.3,27.0,0.025301501
440,"Keith, Colt",690993,2024,19.8,6.5,87.8,11.3,34.6,5.6,35.3,98.472613627,93.330372181,67.9,13.4,29.9,44.4,55.6,50.8,86.6,23.2,48.6,36.3,37.0,26.7,44.1,4.9,27.7,0.025301501
392,"Wisely, Brett",689172,2024,23.9,4.8,86.8,16.2,29.7,5.2,31.6,96.94857663,92.51248388,67.1,13.2,30.9,44.5,54.8,48.2,85.6,22.5,49.5,35.9,40.6,23.4,42.7,5.7,27.8,0.025301501
393,"Martínez, Angel",682657,2024,19.5,8.9,86.5,14.9,29.8,1.7,32.2,96.829146271,92.477339068,62.0,11.8,35.9,32.8,65.6,51.4,88.2,19.8,48.6,41.3,41.3,17.4,44.6,9.1,27.6,0.025301501
396,"Smith, Josh",669701,2024,20.4,7.8,87.8,15.4,33.7,3.7,37.1,98.306997711,93.25999596,66.9,14.9,25.9,40.9,58.1,48.3,84.0,21.8,47.1,43.7,35.9,20.4,39.6,6.1,27.6,0.025301501
406,"Rojas, Josh",668942,2024,22.7,9.7,88.2,15.5,35.6,5.7,38.2,97.946263631,93.225198599,66.9,15.9,22.0,52.8,47.2,47.6,83.2,24.4,45.6,38.2,37.5,24.3,40.4,6.3,27.0,0.025301501
377,"Peralta, David",444482,2024,20.8,8.5,88.1,8.9,36.8,5.5,42.3,99.478011319,93.91992022,70.6,16.9,32.6,50.6,49.4,52.0,83.1,28.1,50.9,38.5,38.5,23.1,47.3,5.5,26.9,0.025301501
376,"Kiner-Falefa, Isiah",643396,2024,15.7,3.2,86.1,9.1,31.6,2.3,29.7,96.695719581,92.34866123,60.8,9.4,30.1,27.0,72.5,47.7,90.2,14.8,46.1,32.4,41.6,26.0,48.5,6.1,27.8,0.025301501
373,"Jones, Nolan",666134,2024,30.6,12.1,88.2,7.8,34.3,5.9,44.4,100.556302024,94.528500893,55.7,20.5,23.0,38.9,61.1,48.1,79.3,25.6,40.0,26.6,46.2,27.2,52.1,4.7,28.1,0.025301501
414,"Arenado, Nolan",571448,2024,14.5,6.9,86.3,16.9,35.9,3.2,31.6,96.924147927,92.483246402,63.9,9.8,30.0,32.7,67.3,50.4,90.2,17.2,46.8,44.2,37.3,18.5,39.4,9.3,25.3,0.025301501
372,"Canha, Mark",592192,2024,20.8,11.0,88.4,9.6,31.5,3.3,37.4,98.159166424,93.219326921,59.4,17.0,23.6,33.8,66.2,49.7,82.8,21.8,41.6,42.1,36.8,21.2,49.3,7.0,27.8,0.025301501
423,"Lux, Gavin",666158,2024,22.6,9.0,88.3,9.1,35.0,6.0,41.1,98.995997212,93.691033374,66.8,17.4,23.1,40.8,59.2,49.8,82.5,23.3,45.1,35.0,42.6,22.4,48.6,5.4,27.7,0.025301501
425,"Siani, Michael",672279,2024,27.5,6.3,84.4,5.1,32.6,2.3,22.6,95.786961649,91.898789433,64.8,23.3,29.2,46.7,50.9,44.9,74.6,29.5,48.9,33.5,35.8,30.7,61.0,2.8,28.3,0.025301501
429,"Martin, Austin",668885,2024,18.3,7.8,87.2,12.7,39.4,1.1,33.5,96.642936413,92.431606902,69.6,15.4,18.4,46.9,51.9,47.1,84.3,21.4,45.5,46.3,37.2,16.5,43.1,4.3,28.3,0.025301501
363,"Rortvedt, Ben",666163,2024,26.8,10.4,86.2,11.9,30.2,3.5,30.7,96.9585767,92.49508965,58.9,17.6,27.8,45.1,53.4,51.1,81.6,26.7,43.0,31.7,39.6,28.7,47.0,7.4,25.6,0.025301501
361,"Lee, Brooks",686797,2024,14.6,5.9,85.8,12.5,36.7,4.1,24.5,95.626582877,91.813291438,67.6,10.2,35.8,40.6,59.4,48.2,89.8,20.2,52.3,39.5,38.1,22.4,41.5,8.8,25.6,0.025301501
438,"Barnes, Austin",605131,2024,23.1,9.0,86.3,9.5,30.2,1.9,31.1,96.963688654,92.484081538,69.8,15.7,19.6,53.8,44.2,44.7,83.4,22.8,47.4,37.7,37.7,24.5,50.0,8.5,25.8,0.025301501
349,"Harris, Brett",695391,2024,20.3,13.8,87.4,12.8,26.6,5.1,36.7,99.867260769,94.151668718,60.9,17.2,19.1,46.7,51.1,47.7,80.3,23.8,41.0,35.4,38.0,26.6,41.8,12.7,27.2,0.025301501
0,"Noda, Ryan",676116,2024,33.3,12.6,86.2,16.0,23.7,5.1,33.9,98.772266786,93.479950357,62.5,26.5,20.0,58.3,39.6,48.1,73.5,33.8,42.1,52.5,27.1,20.3,44.1,13.6,27.0,0.025301501
347,"Cabrera, Oswaldo",665828,2024,19.3,6.4,88.2,12.5,34.0,3.7,34.9,97.641570336,92.88412097,68.1,10.0,29.6,37.1,61.9,52.6,89.0,18.8,47.8,36.5,40.7,22.8,44.0,7.5,27.4,0.025301501
69,"Trevino, Jose",624431,2024,17.5,8.5,88.1,9.9,26.9,5.3,35.1,97.968179176,93.099578353,53.5,10.3,28.7,31.6,68.4,53.2,89.7,18.7,40.5,36.3,39.2,24.6,45.0,6.4,24.5,0.025301501
73,"Senzel, Nick",669222,2024,22.8,10.5,84.0,15.5,38.6,5.7,26.7,95.746731264,91.876891724,66.6,15.9,24.5,49.1,50.9,46.4,84.1,23.9,47.1,35.2,39.8,25.0,42.0,9.7,27.3,0.025301501
74,"Heyward, Jason",518792,2024,20.5,8.5,88.0,10.4,29.8,5.6,41.6,99.992543146,94.178780339,68.1,13.9,32.2,44.1,55.9,51.6,86.1,24.0,49.6,55.1,31.5,13.5,51.7,7.9,26.8,0.025301501
79,"Palacios, Richie",680700,2024,21.2,14.2,86.2,14.0,36.4,3.5,30.3,96.843483131,92.444278274,70.7,18.2,23.5,43.8,55.6,50.9,81.8,24.7,46.7,47.0,34.3,18.7,37.9,12.1,27.9,0.025301501
81,"Yepez, Juan",660766,2024,16.9,7.2,86.6,8.5,30.3,5.9,35.6,98.208738602,93.111621613,70.9,15.6,32.5,34.1,65.9,54.1,84.4,22.1,50.1,43.1,28.2,28.7,50.5,5.9,26.7,0.025301501
82,"Ramírez, Harold",623912,2024,20.3,2.0,87.0,-0.2,27.5,3.2,33.9,98.279194301,93.19999086,68.7,20.1,45.3,46.3,53.7,53.8,79.9,31.4,56.2,27.5,35.4,37.0,60.8,3.2,28.0,0.025301501
85,"Bruján, Vidal",660644,2024,19.4,9.0,85.1,8.0,29.7,1.5,22.6,95.193229158,91.616436508,73.9,17.0,28.3,45.1,54.9,48.1,82.5,24.4,52.0,38.5,35.9,25.6,52.3,6.7,27.5,0.025301501
96,"Edwards, Xavier",669364,2024,17.2,10.9,86.1,6.7,37.6,1.8,24.3,95.052217333,91.536547476,70.2,12.7,24.8,28.6,67.3,50.0,86.5,16.9,47.5,24.8,45.4,29.8,52.3,1.4,28.4,0.025301501
97,"Pillar, Kevin",607680,2024,22.0,5.1,84.6,17.9,36.5,3.7,29.7,96.438782936,92.245806101,67.8,14.4,37.9,41.5,58.5,51.6,85.4,24.5,52.4,42.0,37.4,20.5,36.1,10.0,28.4,0.025301501
98,"Solano, Donovan",456781,2024,21.0,7.1,87.3,13.7,37.0,3.7,37.4,98.057695046,93.167454908,63.8,13.6,29.6,45.9,54.1,48.5,86.4,23.5,47.2,30.6,44.3,25.1,43.4,5.0,25.5,0.025301501
105,"Cave, Jake",595909,2024,28.3,5.2,87.5,7.5,35.8,5.2,37.1,98.314485398,93.366757022,71.0,21.1,33.4,44.3,55.3,48.8,78.7,28.2,52.6,29.7,41.5,28.8,45.9,1.7,27.7,0.025301501
107,"Campusano, Luis",669134,2024,13.7,6.7,87.7,9.9,27.4,4.6,34.2,98.345403475,93.277557745,69.1,14.6,31.8,34.0,66.0,48.8,85.4,20.5,50.9,38.4,42.6,19.0,45.1,7.6,25.0,0.025301501
112,"Drury, Brandon",592273,2024,22.5,7.5,87.6,6.0,25.9,3.6,35.6,99.062132195,93.550623821,66.2,18.3,26.5,40.1,59.9,49.2,81.7,24.4,46.7,33.2,44.9,21.9,56.7,5.7,26.0,0.025301501
113,"Newman, Kevin",621028,2024,15.4,4.8,85.6,9.7,25.0,1.6,23.4,95.24854438,91.64158444,68.3,10.5,28.3,35.2,63.4,47.9,89.0,17.3,49.2,33.9,37.5,28.6,50.0,7.3,27.5,0.025301501
115,"Friedl Jr., TJ",670770,2024,15.2,7.6,86.0,16.7,29.9,3.2,31.5,96.990036,92.527458326,61.8,11.0,24.0,36.7,63.3,48.7,88.5,17.9,43.4,47.4,32.7,19.9,38.2,9.6,26.5,0.025301501
122,"Díaz, Elias",553869,2024,19.7,5.7,87.1,7.6,31.0,4.7,34.5,99.032119063,93.543152344,76.1,18.4,33.2,47.8,52.2,51.9,81.6,27.8,53.8,34.1,43.8,22.1,51.2,6.2,24.4,0.025301501
127,"Margot, Manuel",622534,2024,15.7,6.1,88.2,13.8,30.9,4.9,33.6,98.859258923,93.482249961,68.4,13.3,30.3,37.1,62.9,49.7,86.0,20.6,49.5,27.2,46.8,26.0,41.9,9.4,27.5,0.025301501
130,"Rizzo, Anthony",519203,2024,17.3,7.2,86.7,14.3,31.0,4.0,33.2,97.798203577,92.909990255,65.9,10.6,33.6,35.1,64.9,52.1,89.4,19.3,49.1,41.6,30.3,28.1,43.4,12.0,24.5,0.025301501
131,"Joe, Connor",656582,2024,21.9,10.6,85.3,16.3,30.9,4.7,32.7,97.939201314,92.982890511,63.8,18.4,21.9,47.8,52.2,49.3,81.6,25.7,43.1,43.3,30.2,26.5,42.9,13.1,26.9,0.025301501
133,"Fermin, Freddy",666023,2024,17.9,6.3,88.2,11.1,29.2,3.2,33.9,97.931397537,93.085600262,72.4,12.9,30.8,45.4,54.2,51.5,87.1,23.0,51.0,45.5,35.7,18.8,50.9,7.2,26.6,0.025301501
72,"LeMahieu, DJ",518934,2024,15.4,8.3,88.5,1.9,31.8,5.8,37.6,98.271498488,93.240584302,59.5,8.2,29.1,37.5,62.5,48.9,91.1,17.5,44.6,29.5,43.9,26.6,57.8,2.9,26.1,0.025301501
68,"Fletcher, Dominic",666150,2024,24.1,4.6,84.4,12.1,38.7,1.8,26.8,95.808053494,91.934485697,61.9,15.1,31.9,33.3,66.0,49.1,84.5,21.2,47.2,28.6,41.1,30.4,45.2,9.5,26.4,0.025301501
135,"Fortes, Nick",663743,2024,12.2,3.3,84.3,15.4,29.0,1.4,22.6,95.578582782,91.819744812,65.6,8.8,31.5,23.1,74.0,47.7,88.4,13.2,49.3,41.2,34.4,24.4,45.9,14.3,26.7,0.025301501
67,"Farmer, Kyle",571657,2024,20.2,7.9,87.7,17.9,36.3,5.4,29.8,97.025598571,92.547452202,63.2,13.5,32.7,39.6,60.4,48.2,86.5,22.0,48.5,37.5,40.5,22.0,35.1,6.0,25.9,0.025301501
2,"Herrera, Jose",645444,2024,23.7,7.9,84.5,9.0,34.6,0.0,23.1,95.176804857,91.592607714,61.2,16.4,19.9,50.0,50.0,48.1,83.0,24.2,41.3,52.6,33.3,14.1,52.6,6.4,25.0,0.025301501
5,"Allen, Nick",669397,2024,19.0,4.8,84.4,8.9,25.0,1.3,17.5,93.887057838,90.966985405,66.3,11.9,27.3,40.5,52.4,43.3,86.6,18.8,49.4,32.5,40.0,27.5,57.5,11.3,27.6,0.025301501
7,"Mastrobuoni, Miles",670156,2024,16.0,6.6,87.4,13.9,32.9,2.4,31.7,96.319052927,92.222572963,56.8,14.8,26.0,32.0,68.0,50.3,85.2,20.3,41.5,26.8,46.3,26.8,43.9,2.4,28.0,0.025301501
10,"Wilson Jr., Jacob",805779,2024,9.7,7.8,85.4,9.5,26.2,0.0,19.0,94.500835238,91.295347952,65.4,6.9,36.8,21.1,78.9,55.3,92.2,12.7,49.6,35.7,42.9,21.4,52.4,3.6,27.2,0.025301501
11,"Maile, Luke",571912,2024,33.8,8.4,84.7,11.3,37.6,3.5,24.7,95.22202881,91.660711687,66.1,16.9,26.0,56.3,43.7,52.4,82.6,28.8,45.2,40.0,42.4,17.6,43.5,3.5,25.5,0.025301501
14,"Abreu, José",547989,2024,23.3,3.3,87.8,6.7,26.7,2.3,33.7,98.240018605,93.123486279,68.7,21.9,33.3,46.3,53.8,49.4,78.1,29.7,51.2,25.6,44.2,30.2,52.3,3.5,25.3,0.025301501
15,"Bryant, Kris",592178,2024,31.0,8.4,85.1,18.5,39.5,4.7,30.2,96.785346744,92.39417314,66.5,23.8,31.2,61.4,38.6,53.3,76.2,36.9,47.7,46.5,32.6,20.9,36.0,8.1,25.7,0.025301501
16,"Hedges, Austin",595978,2024,34.2,4.1,84.8,21.4,24.1,1.1,24.1,94.678255122,91.400617284,76.0,23.6,29.0,61.6,35.6,46.0,74.7,32.9,54.5,52.9,28.7,18.4,36.8,12.6,25.3,0.025301501
19,"Casali, Curt",592200,2024,17.6,10.4,83.0,20.0,34.1,1.1,17.0,92.639693256,90.480278353,65.3,15.2,18.7,35.7,59.5,47.3,84.8,19.4,43.3,42.0,38.6,19.3,39.8,10.2,24.4,0.025301501
22,"Hernaiz, Darell",687231,2024,20.0,8.1,87.1,10.8,30.2,1.0,33.3,97.671361702,92.890300968,65.2,17.2,25.9,46.0,54.0,47.6,82.8,24.9,46.5,25.0,47.9,27.1,51.0,8.3,27.5,0.025301501
24,"Mendick, Danny",664901,2024,24.8,4.3,83.8,13.9,31.6,6.1,22.4,94.586655625,91.425542526,67.3,26.8,28.0,33.3,66.7,49.6,73.2,28.7,47.8,39.8,37.8,22.4,40.8,10.2,26.5,0.025301501
34,"Baty, Brett",683146,2024,24.6,9.4,86.6,10.3,27.7,5.4,33.0,99.354530364,93.683074727,69.2,16.4,31.8,48.1,50.9,49.2,81.9,26.2,50.9,42.9,38.4,18.8,54.5,5.4,26.9,0.025301501
40,"Slater, Austin",596103,2024,28.3,12.3,88.2,7.2,37.2,3.3,37.2,98.373260169,93.491320256,66.2,24.7,18.6,48.8,51.2,48.8,73.9,29.8,43.0,29.8,35.5,34.7,52.1,1.7,28.2,0.025301501
48,"Matos, Luis",682641,2024,15.4,3.2,86.9,14.1,29.1,3.9,37.0,98.298414688,93.205182992,68.9,7.6,40.1,28.8,71.2,50.9,92.4,15.6,54.2,47.2,37.0,15.7,38.6,11.0,27.8,0.025301501
59,"Lipscomb III, Trey",702358,2024,19.0,7.6,86.5,0.7,23.0,0.7,31.6,97.923016133,92.984215,68.7,15.3,32.8,46.1,53.9,50.0,84.3,25.3,50.8,26.3,39.5,34.2,63.8,5.9,27.5,0.025301501
60,"Grossman, Robbie",543257,2024,23.7,13.9,86.3,13.3,30.3,3.3,27.6,96.108367632,92.054845855,57.0,17.7,15.7,40.7,59.3,50.1,82.3,22.7,36.3,46.1,32.2,21.7,44.1,6.6,27.7,0.025301501
64,"Carlson, Dylan",666185,2024,28.3,8.3,86.8,15.8,30.1,2.5,25.8,96.530139877,92.297463602,70.5,26.0,24.8,45.9,53.3,49.0,73.5,31.0,48.2,41.7,30.7,27.6,41.7,4.9,27.3,0.025301501
65,"Ahmed, Nick",605113,2024,22.4,4.8,84.9,13.4,29.7,3.0,23.0,95.399118608,91.729839045,69.6,21.7,36.1,36.0,64.0,44.5,76.5,26.0,54.8,38.2,43.0,18.8,45.5,11.5,27.7,0.025301501
66,"Anderson, Tim",641313,2024,28.2,2.9,86.1,1.4,29.5,1.8,30.1,96.982041205,92.531306303,71.0,22.8,38.0,45.5,54.5,49.6,77.2,30.6,54.6,35.5,36.7,27.7,62.0,0.6,27.1,0.025301501
134,"Rojas, Miguel",500743,2024,10.1,6.8,85.0,9.7,33.2,2.5,27.8,96.317826471,92.174445609,65.3,8.5,27.3,27.0,73.0,49.4,90.8,13.9,46.5,39.4,33.6,27.1,49.5,6.9,25.8,0.025301501
125,"Andujar, Miguel",609280,2024,13.2,4.1,86.1,9.2,26.1,2.7,33.7,97.864980763,92.955361494,66.2,7.0,35.8,31.5,68.5,52.0,93.0,16.0,50.4,38.3,34.1,27.6,50.6,9.2,26.6,0.025301501
139,"Freeman, Tyler",671289,2024,13.8,7.3,87.7,13.0,30.7,3.2,34.6,98.573015071,93.423975986,64.5,10.1,29.1,30.3,68.2,50.0,89.5,16.4,46.9,39.9,35.7,24.4,45.9,7.8,28.2,0.025301501
246,"Kim, Ha-Seong",673490,2024,16.4,12.3,87.9,15.1,36.6,4.8,35.4,98.621780994,93.412597329,55.2,13.4,18.6,24.9,74.6,47.0,86.4,16.1,38.0,42.3,34.8,22.8,41.1,10.5,28.3,0.025301501
252,"Davis, Henry",680779,2024,36.9,10.7,85.3,17.2,29.0,4.8,35.5,97.637210645,92.897598852,71.3,29.1,24.4,56.1,43.9,51.8,70.9,36.3,47.0,45.2,30.6,24.2,40.3,19.4,27.7,0.025301501
254,"Edman, Tommy",669242,2024,19.6,7.2,87.6,11.4,31.5,3.6,35.1,96.992259821,92.61181955,66.5,14.8,25.8,47.9,52.1,49.9,84.7,24.0,46.2,39.6,32.4,27.9,45.0,6.3,27.9,0.025301501
258,"Frazier, Adam",624428,2024,20.1,7.5,84.5,15.3,37.9,2.9,22.8,95.005808416,91.560763134,65.3,11.2,26.4,39.7,60.3,47.2,88.5,18.8,47.0,40.3,32.5,27.2,40.3,6.8,26.7,0.025301501
259,"Rendon, Anthony",543685,2024,14.7,9.7,87.9,14.1,31.4,2.3,37.1,97.612997471,92.991806897,59.4,8.6,17.4,28.2,71.8,45.9,91.4,12.5,40.1,32.0,35.4,32.6,43.4,9.1,26.8,0.025301501
143,"Estrada, Thairo",642731,2024,19.9,2.6,86.2,10.5,30.3,4.8,31.7,97.31710125,92.678487456,67.5,9.9,34.9,41.6,58.4,49.5,89.9,20.5,51.3,43.4,35.9,20.7,47.6,9.0,28.0,0.025301501
266,"Walls, Taylor",670764,2024,26.6,12.3,86.1,18.2,29.9,3.2,24.0,95.086734605,91.544710263,69.3,18.6,20.3,47.6,52.4,49.3,80.3,25.0,45.1,40.3,36.4,23.4,37.0,11.7,27.8,0.025301501
268,"Vázquez, Christian",543877,2024,20.6,3.5,88.5,16.1,36.1,3.8,36.6,98.036944138,93.213200991,68.5,14.0,34.1,35.3,64.2,48.8,86.0,20.8,51.7,37.0,39.1,23.9,40.8,7.1,24.8,0.025301501
274,"Call, Alex",669743,2024,16.8,10.6,88.0,12.5,28.7,5.0,32.5,97.21422775,92.66518325,65.0,15.0,19.5,32.6,63.0,47.9,83.8,18.8,43.2,42.5,28.7,28.7,45.0,7.5,28.0,0.025301501
282,"Bride, Jonah",681146,2024,20.2,11.0,87.1,11.8,29.9,5.4,33.7,97.444142826,92.857149348,52.1,11.4,23.9,28.7,71.3,49.3,87.9,16.7,38.2,44.0,32.6,23.4,47.3,10.3,26.9,0.025301501
289,"Vargas, Ildemaro",545121,2024,10.2,6.3,87.0,4.0,29.5,1.2,31.9,97.073438667,92.579283167,62.8,6.6,30.1,25.0,73.1,50.2,91.5,12.6,46.4,46.6,31.9,21.5,55.0,4.0,26.7,0.025301501
292,"Clement, Ernie",676391,2024,9.1,2.4,85.5,16.3,34.3,3.8,24.9,95.659056327,91.830379974,70.1,9.4,43.3,22.9,76.8,48.8,90.0,14.4,57.0,42.6,37.0,20.4,38.8,9.6,28.4,0.025301501
296,"Brennan, Will",686823,2024,13.6,5.4,86.0,13.3,31.1,4.6,32.5,97.132881418,92.582691388,75.1,13.0,33.7,30.0,70.0,49.0,86.6,18.1,54.8,36.7,38.2,25.1,42.4,7.8,28.2,0.025301501
297,"Arcia, Orlando",606115,2024,21.3,6.8,88.2,8.6,29.9,5.3,37.8,98.41985743,93.283896472,70.8,17.7,27.6,49.4,50.3,50.1,82.3,26.6,49.1,46.2,33.2,20.6,49.9,8.6,25.6,0.025301501
305,"Yoshida, Masataka",807799,2024,12.4,6.4,88.0,10.5,36.3,5.5,37.5,99.0909025,93.581912866,64.7,8.7,25.2,30.6,69.4,48.8,91.3,14.6,45.4,35.7,37.2,27.1,43.9,5.5,26.1,0.025301501
308,"Ibáñez, Andy",628451,2024,25.8,6.1,88.1,20.3,33.7,4.9,33.1,97.908149512,93.096095644,73.6,21.6,32.4,51.3,48.7,50.5,78.1,30.8,52.8,39.3,33.1,27.6,34.4,14.1,27.6,0.025301501
333,"Urshela, Gio",570482,2024,15.6,5.0,86.4,10.5,38.6,4.9,28.4,96.696776409,92.394270526,72.7,15.8,36.4,29.6,70.4,49.9,83.9,20.3,54.6,31.5,40.8,27.7,46.6,4.7,25.1,0.025301501
334,"Hoerner, Nico",663538,2024,10.3,6.9,85.7,10.4,36.0,1.2,27.6,95.980926525,91.993965849,63.7,6.9,31.8,22.5,77.5,48.3,92.7,11.9,48.4,33.3,37.4,29.3,43.9,6.7,28.4,0.025301501
249,"Bogaerts, Xander",593428,2024,17.1,6.0,88.1,10.9,32.1,5.1,33.2,98.125304802,93.133969802,59.8,11.4,25.8,37.3,62.7,46.0,88.6,18.3,44.2,41.7,40.8,17.5,47.6,5.6,27.4,0.025301501
227,"Donovan, Brendan",680977,2024,12.4,7.2,88.7,13.2,36.6,5.5,37.6,98.552237391,93.418618597,63.7,8.6,23.7,33.6,65.7,48.6,90.7,15.1,44.2,35.4,36.2,28.4,42.3,7.6,27.0,0.025301501
160,"Lopez, Nicky",670032,2024,15.1,8.3,85.0,5.6,30.0,1.5,16.9,94.065401402,91.042138226,68.6,13.5,27.9,34.2,64.9,49.5,86.0,19.4,48.5,29.7,39.5,30.9,56.7,4.5,27.1,0.025301501
149,"Pérez, Wenceel",672761,2024,21.6,7.5,88.4,18.0,37.7,4.3,30.6,97.264471429,92.757975085,65.0,15.2,28.4,33.3,66.7,51.7,84.2,20.9,46.1,39.7,37.7,22.7,36.0,10.3,28.2,0.025301501
239,"Isbel, Kyle",664728,2024,20.7,6.3,88.1,9.0,24.8,3.9,36.3,99.427451293,93.787078878,60.9,9.4,30.9,39.3,59.9,49.5,89.7,19.3,46.1,40.5,33.3,26.1,52.6,7.5,27.9,0.025301501
150,"Rocchio, Brayan",677587,2024,20.4,10.0,84.6,9.4,36.0,4.0,22.3,95.744136806,91.872068403,68.3,16.6,29.9,39.6,57.7,53.1,80.6,24.3,47.9,37.7,40.7,21.7,47.7,6.7,26.8,0.025301501
220,"Verdugo, Alex",657077,2024,15.0,7.9,88.3,9.9,31.6,5.6,34.9,98.009613263,93.0881338,61.3,9.0,25.5,33.3,66.3,46.6,90.5,15.5,44.7,34.9,35.6,29.5,49.6,5.0,26.7,0.025301501
173,"Heim, Jonah",641680,2024,18.3,5.3,88.5,14.5,29.9,5.9,36.4,98.507122973,93.44020477,76.3,14.4,32.1,35.8,64.2,49.8,85.6,20.7,54.3,38.3,36.9,24.8,41.8,8.1,25.3,0.025301501
219,"Rutschman, Adley",668939,2024,16.1,9.1,88.2,18.8,35.4,6.1,36.6,98.081119454,93.149039684,60.1,12.1,28.9,27.5,72.5,50.1,87.9,17.1,44.5,41.5,34.9,23.6,34.9,7.6,26.6,0.025301501
200,"Schanuel, Nolan",694384,2024,17.0,11.2,86.1,10.3,36.4,3.5,25.4,95.305191333,91.662606993,62.1,10.0,21.5,27.3,71.9,50.0,89.5,14.4,41.8,39.2,37.8,23.0,46.2,3.5,26.4,0.025301501
242,"Guillorme, Luis",641645,2024,19.3,12.3,85.5,5.7,32.8,2.3,21.1,94.424899375,91.273931654,60.4,13.9,23.9,31.6,67.4,49.6,85.2,18.9,42.3,25.8,38.3,35.9,53.1,2.3,24.7,0.025301501
194,"Ruiz, Keibert",660688,2024,11.1,3.3,85.4,19.8,32.2,3.2,25.6,95.477673333,91.740685858,67.4,7.2,38.2,20.1,79.9,51.9,92.8,12.1,52.3,48.5,37.3,14.1,35.1,11.5,25.0,0.025301501
154,"Espinal, Santiago",669289,2024,13.8,6.1,85.9,15.0,35.0,1.9,24.1,94.957566883,91.492088339,68.8,9.4,28.0,28.8,70.2,48.6,90.2,14.8,49.0,37.0,30.5,32.5,39.5,8.0,27.3,0.025301501
155,"Caballero, José",676609,2024,27.5,5.6,83.7,15.9,33.8,5.1,25.2,96.196185563,92.133024917,66.7,17.9,35.0,47.9,50.4,52.7,81.3,28.9,50.0,49.4,36.3,14.3,42.4,11.1,28.3,0.025301501
416,"Castro, Willi",650489,2024,23.6,8.0,87.4,13.6,39.0,7.0,36.8,98.851706502,93.501303852,72.7,17.4,31.7,53.5,46.2,51.9,82.2,29.0,51.4,40.4,34.1,25.4,40.0,5.6,27.9,0.025295112
340,"Jackson, Alex",656577,2024,34.2,7.7,86.7,20.2,21.6,9.1,31.8,97.524225,92.833252184,71.9,29.5,36.4,56.9,41.5,54.0,69.6,39.7,52.7,36.4,43.2,20.5,40.9,13.6,26.8,0.025295112
360,"Lewis, Royce",668904,2024,22.8,8.6,87.1,16.8,36.3,11.2,37.7,99.690144144,93.856491441,72.8,19.4,33.3,41.9,58.1,52.9,80.6,27.0,51.9,46.6,34.1,19.3,36.8,11.7,26.6,0.025295112
295,"Encarnacion-Strand, Christian",687952,2024,28.5,3.3,87.8,15.5,27.7,8.4,37.3,99.937348049,94.262071341,72.1,15.2,40.5,53.2,46.8,51.4,84.8,29.4,55.9,43.4,33.7,22.9,48.2,12.0,27.4,0.025295112
355,"Story, Trevor",596115,2024,31.1,10.4,86.1,18.6,37.7,6.6,29.5,96.376017419,92.31155377,70.1,17.1,34.9,56.1,43.9,50.7,82.9,30.3,52.3,32.8,34.4,32.8,34.4,11.5,28.1,0.025295112
13,"Monasterio, Andruw",655316,2024,28.2,11.3,88.1,14.9,36.5,9.4,41.2,98.583089286,93.585745952,64.3,17.2,20.5,45.5,53.0,49.8,81.3,24.0,42.5,34.1,41.2,24.7,40.0,4.7,27.6,0.025295112
30,"McGuire, Reese",624512,2024,24.7,8.2,84.0,12.4,29.8,6.7,26.9,95.6847612,91.98821798,61.6,11.6,29.5,49.5,50.5,51.7,88.4,24.5,45.0,41.3,30.8,27.9,44.2,9.6,25.5,0.025295112
399,"Maldonado, Martín",455117,2024,34.7,5.4,88.0,20.1,29.9,8.0,35.6,98.499170952,93.412792619,64.1,23.8,31.6,65.4,34.6,46.0,75.6,36.1,49.3,50.6,33.3,16.1,40.2,12.6,23.1,0.025295112
330,"Polanco, Jorge",593871,2024,29.3,9.8,88.3,17.8,35.9,8.9,37.4,99.204331655,93.755834657,66.3,21.7,24.0,45.3,54.2,50.6,77.4,28.1,44.8,47.0,33.8,19.2,35.2,6.0,27.5,0.025295112
453,"Candelario, Jeimer",600869,2024,24.6,5.8,86.9,12.4,33.9,8.2,34.5,97.855535823,92.968221397,70.1,20.9,34.6,44.5,55.5,52.0,79.1,29.1,51.7,45.9,31.3,22.8,41.5,5.7,27.4,0.025295112
26,"Thaiss, Matt",642136,2024,31.2,15.1,86.6,12.9,33.0,8.0,40.0,99.8347254,94.000036869,68.3,34.6,22.0,54.8,44.0,50.7,65.4,39.6,44.8,34.0,39.0,27.0,40.0,9.0,24.9,0.025295112
43,"Jimenez, Leo",677870,2024,28.1,5.7,87.6,12.3,40.7,8.1,33.3,97.300784098,92.763416942,64.3,19.6,27.9,44.4,55.6,49.5,80.0,27.0,46.3,35.0,35.8,29.3,41.5,5.7,28.0,0.025295112
291,"Martini, Nick",605361,2024,23.3,5.5,87.4,14.9,32.4,7.2,34.2,98.233857857,93.416418378,68.0,18.1,29.7,41.6,58.4,48.0,81.9,24.8,49.6,44.1,30.6,25.2,41.4,8.1,27.4,0.025295112
38,"Malloy, Justyn-Henry",669234,2024,37.0,10.0,87.6,18.7,31.9,10.9,37.8,98.290103167,93.208402605,65.0,27.9,19.7,69.2,30.8,46.7,72.1,36.6,43.9,44.5,29.4,26.1,36.1,6.7,26.6,0.025295112
191,"Neto, Zach",687263,2024,23.3,6.5,88.5,12.3,29.0,8.4,38.8,100.130832864,94.28058907,67.9,17.8,31.3,45.8,53.4,51.9,81.7,27.1,48.9,46.2,33.9,19.9,45.2,6.9,28.2,0.025295112
49,"Jung, Josh",673962,2024,25.5,4.3,86.2,12.2,38.2,9.9,39.7,97.932886515,93.114510916,68.9,23.4,35.5,48.0,52.0,50.8,76.6,31.9,51.9,29.8,39.7,30.5,42.7,4.6,27.3,0.025295112
54,"Velázquez, Nelson",676369,2024,26.5,8.3,88.2,17.4,29.9,8.8,38.1,99.364038514,93.836443129,70.6,23.3,25.6,64.5,35.5,53.6,76.7,35.5,46.5,42.9,29.9,27.2,38.8,8.8,27.5,0.025295112
280,"Julien, Edouard",666397,2024,33.9,11.0,87.8,11.9,38.4,9.8,37.8,98.889968415,93.491651402,63.1,21.9,17.8,63.3,36.7,49.6,77.6,30.9,40.6,36.0,32.9,31.1,45.1,0.0,26.7,0.025295112
277,"Barger, Addison",680718,2024,26.7,6.2,88.3,12.1,32.9,8.7,38.3,100.557905,94.503054898,61.0,19.3,31.5,44.0,56.0,49.6,80.3,27.6,46.3,37.6,33.6,28.9,43.0,9.4,28.0,0.025295112
63,"McCann, James",543510,2024,24.0,5.6,87.4,14.4,38.9,8.6,37.7,99.207987625,93.644913774,69.6,18.2,33.4,48.6,50.0,48.5,81.5,27.6,52.1,33.3,36.4,29.6,38.9,5.6,25.1,0.025295112
111,"Singleton, Jon",572138,2024,27.4,11.6,88.7,12.8,34.8,8.9,37.2,99.784248293,93.99841,59.9,21.2,22.6,52.4,47.6,51.5,78.8,30.1,40.7,38.9,36.4,24.7,39.7,5.3,25.9,0.025295112
384,"Báez, Javier",595879,2024,23.9,4.2,88.3,11.2,27.7,7.8,40.0,100.532651165,94.368542976,64.9,17.7,43.2,44.0,55.6,57.3,82.3,30.2,52.4,41.3,38.8,19.9,46.6,6.8,27.5,0.025295112
381,"Murphy, Sean",669221,2024,25.4,10.2,88.0,10.5,25.7,9.6,36.5,99.757961548,94.022077485,62.4,21.1,27.9,45.8,54.2,48.5,78.9,28.4,45.6,50.9,30.5,18.6,53.3,6.6,25.2,0.025295112
374,"Crawford, J.P.",641487,2024,22.6,11.5,87.5,13.2,30.2,6.5,37.8,98.950282708,93.58355108,61.9,15.8,18.2,36.7,63.3,47.6,83.7,20.2,41.1,31.3,43.3,25.4,46.0,8.2,26.8,0.025295112
76,"Stallings, Jacob",607732,2024,23.1,9.6,86.6,12.8,38.9,7.2,34.4,97.816675843,92.986677006,64.4,20.7,25.3,53.4,46.6,48.9,79.3,29.6,45.3,37.2,38.9,23.9,45.0,3.9,23.9,0.025295112
78,"Bart, Joey",663698,2024,25.9,7.8,88.1,10.5,32.6,9.4,38.7,100.959040333,94.605861732,59.6,15.5,26.4,52.1,47.9,48.3,83.9,26.2,43.7,45.3,36.5,18.2,48.6,4.4,27.0,0.025295112
265,"Wong, Connor",657136,2024,23.4,5.7,86.5,12.9,30.7,6.3,34.5,98.745018171,93.452738532,72.2,19.7,29.5,52.8,46.4,48.2,80.2,28.8,51.6,40.2,33.6,26.2,44.3,8.9,28.4,0.025295112
